id,split,course_number,title,department,level,offering,n_words,labels,ocw_topics,prereq_course_refs,prerequisites_text,description,lecture_topics,url
1.017_fall_2003,test,1.017,Computing and Data Analysis for Environmental Applications,Civil and Environmental Engineering,Undergraduate,fall_2003,713,Computer Science; Data Mining; Probability and Statistics,Computer Science; Data Mining; Engineering; Environmental Engineering; Mathematics; Probability and Statistics,18.01; 18.02,"18.01, 18.02","This subject is a computer-oriented introduction to probability and data analysis. It is designed to give students the knowledge and practical experience they need to interpret lab and field data. Basic probability concepts are introduced at the outset because they provide a systematic way to describe uncertainty. They form the basis for the analysis of quantitative data in science and engineering. The MATLAB® programming language is used to perform virtual experiments and to analyze real-world data sets, many downloaded from the web. Programming applications include display and assessment of data sets, investigation of hypotheses, and identification of possible casual relationships between variables. This is the first semester that two courses, Computing and Data Analysis for Environmental Applications (1.017) and Uncertainty in Engineering (1.010), are being jointly offered and taught as a single course.","Course Introduction Â Course LogisticsÂ Repeated Trials, Virtual Experiments, Probability, Statistics; Programming in MATLABÂ® Â Downloading Data, Accessing MATLABÂ®,Â MATLABÂ® Environment, Variables, Arrays, ScriptsÂ Plotting Data; Descriptive Statistics Â Histograms, Percentiles, Mean, Median, Variance, etc.Â Characterizing Streamflow Data; Probability Â Experiments, Outcomes, Sample Spaces, Events, Probability, Axioms of ProbabilityÂ Methods for Assigning Probabilities; MATLABÂ® Operations Internal MATLABÂ® Functions.Â Common MATLABÂ® Operations, Element-wise Computations, LoopsÂ Translating Equations to Programs; Joint Probability, Independence, Repeated Trials Â Joint Probability, Independent Events, Repeated Trials; Combinatorial Methods Â Counting Rules, Combinatorial Techniques for Evaluating Probabilities. Examples; MATLABÂ® Tests and Loops Â Relational and Logical Operations, User-defined Functions, if Tests. Virtual Experiments; Conditional Probability and Bayes Theorem Joint Probability, Conditional Probability, Prior & Posterior Probabilities, Bayes TheoremÂ Engineering Applications; Random Variables and Probability Distributions Â Definition of a Random VariableÂ Cumulative Distribution Functions, Mass and Density FunctionsÂ Using Distributions to Assign Probabilities; Virtual Experiments; Expectation, Functions of a Random Variable Expectation, Population Mean and VarianceÂ Defining and Functions of a Single Random VariableÂ Solving Derived Distribution Problems with Stochastic Simulation; Risk Â Defining and Evaluating RiskÂ Engineering Applications; Some Common Probability Distributions Â Uniform, Exponential, Normal, and Lognormal DistributionsÂ Special Properties of Normal Random VariablesÂ Fitting Distributions to Data; Multivariate Probability Â Multiple Random Variables, Joint and Conditional Distributions, Independence, Covariance and CorrelationÂ Computing Conditional Probabilities in MATLABÂ®; Functions ofÂ Many Random Variables Â Â Derived distributions for multivariate problems, moments of linearÂ functions of several random variables. Central Limit Theorem; Time Series and Central Limit Theorem; Populations and Samples Â Â Populations, random samples. Sample statistics, moments of the sample mean and variance.; Estimation Â Estimating Distributional Properties, Assessing Estimation ErrorÂ Comparing Alternative Estimators; Confidence Intervals Â Basic Concepts, Large Sample Confidence Intervals for the Population MeanÂ Computing Large Sample Confidence Intervals; Review; Testing Hypotheses about a Single Population Â Formulating Hypothesis Testing Problems, DefinitionsÂ Large Sample Tests of Hypotheses about a Single PopulationÂ Applications Using MATLABÂ®; Testing Hypotheses about Two Populations Large Sample Tests of Hypotheses about Two PopulationsÂ Controlled ExperimentsÂ Applications Using MATLABÂ®; Small Samples t, chi-squared and F statistics. Small sample confidence intervals and hypothesis tests. Applications using MATLABÂ®.; Analysis of Variance (ANOVA) Â Testing the Significance of a Single Factor, the F Test; Multifactor Analysis of Variance Â Extension of the Single-Factor Model, Significance TestingÂ Applications on MATLABÂ®; Examples; Linear Regression Â Objectives and Assumptions of Linear Regression, Estimating Regression Coefficients, Normal EquationsÂ Some Typical Environmental Applications; Analyzing Regression Results Â Accuracy of Regression Estimates and Predictions, Prediction Confidence Intervals, Testing SignificanceÂ Continuation of Environmental Examples; Some Practical Applications; Course Introduction; Descriptive Statistics; Probability; Joint Probability, Independence, Repeated Trials; Combinatorial Methods for Deriving Probabilities; Conditional Probability and Baye’s Theorem; Random Variables and Probability Distributions; Expectation, Functions of a Random Variable; Risk; Some Common Probability Distributions; Multivariate Probability; Functions of Many Random Variables; Populations and Samples; Estimation; Confidence Intervals; Testing Hypotheses about a Single Population; Testing Hypotheses aboutÂ Two Populations; Small Sample Statistics; Analysis of Variance; Analysis of Variance (contd.)Â; Multifactor Analysis of Variance; Linear Regression; Analyzing Regression Results",https://ocw.mit.edu/courses/1-017-computing-and-data-analysis-for-environmental-applications-fall-2003/
1.151_spring_2005,train,1.151,Probability and Statistics in Engineering,Civil and Environmental Engineering,Graduate,spring_2005,408,Probability and Statistics,Civil Engineering; Engineering; Mathematics; Probability and Statistics,,,"This class covers quantitative analysis of uncertainty and risk for engineering applications. Fundamentals of probability, random processes, statistics, and decision analysis are covered, along with random variables and vectors, uncertainty propagation, conditional distributions, and second-moment analysis. System reliability is introduced. Other topics covered include Bayesian analysis and risk-based decision, estimation of distribution parameters, hypothesis testing, simple and multiple linear regressions, and Poisson and Markov processes. There is an emphasis placed on real-world applications to engineering problems.","Events and their Probability, Elementary Operations with Events, Total Probability Theorem, Independence, Bayes’ Theorem; Random Variables and Vectors, Discrete and Continuous Probability Distributions; Functions of Random Variables and Derived Distributions; Expectation of Random Variables and Functions of Random Variables; Conditional Second Moment Analysis; Selected Distribution Models: Normal, Lognormal, Extreme, Multivariate Normal Distributions; Time-invariant Second-Moment Reliability Analysis and Time-Invariant Full-Distribution Reliability Analysis; Point Estimation of Distribution Parameters: Methods of Moments and Maximum Likelihood, Bayesian Analysis; Simple and Multiple Linear Regression",https://ocw.mit.edu/courses/1-151-probability-and-statistics-in-engineering-spring-2005/
1.204_spring_2010,train,1.204,Computer Algorithms in Systems Engineering,Civil and Environmental Engineering,Graduate,spring_2010,280,Algorithms and Data Structures; Computer Science; Systems Engineering,Algorithms and Data Structures; Computer Science; Engineering; Systems Engineering,1.001; 18.01; 6.005,"1.001 Introduction to Computers and Engineering Problem Solving is the prerequisite, which has 18.01 Calculus as a prerequisite. 6.005 Elements of Software Construction is also accepted. If you haven’t taken 1.001 and don’t know Java or C++ or C#, you may take 1.204 if you attend at least the first month of 1.001 as a listener. You should have some prior programming experience if you do this.","This course covers concepts of computation used in analysis of engineering systems. It includes the following topics: data structures, relational database representations of engineering data, algorithms for the solution and optimization of engineering system designs (greedy, dynamic programming, branch and bound, graph algorithms, nonlinear optimization), and introduction to complexity analysis. Object-oriented, efficient implementations of algorithms are emphasized.","Database: Entity-relationship modeling; Database: Normalization, SQL basics; Database: SQL joins, views, subqueries; Database: JDBC; Algorithms: Analysis, complexity; Stacks, queues, trees, dictionaries; Graphs; Heaps, sets; Divide-conquer: Binary search, quicksort, selection; Greedy: Knapsack, job sequence; Greedy: Minimum spanning trees; Greedy/dynamic programming: Shortest paths; Priniciple of optimality, resource allocation; Job scheduling, graph/tree generation; Knapsack problem, set representation; Branch and bound: Backtrack method, knapsack problem; Branch and bound: General method, facility location; Continuous constrained nonlinear optimization; Network equilibrium; Linear systems; Continuous unconstrained nonlinear optimization; Unconstrained methods: Amoeba, BFGS, demand model estimation; Analytic approximations: Network design; Approximate queuing analysis",https://ocw.mit.edu/courses/1-204-computer-algorithms-in-systems-engineering-spring-2010/
1.264J_fall_2013,train,1.264J,"Database, Internet, and Systems Integration Technologies",Civil and Environmental Engineering,Graduate,fall_2013,247,Computer Science; Data Mining,Business; Computer Science; Data Mining; Engineering; Information Technology; Software Design and Engineering,,None. No programming experience is required. You should be familiar with the use of MicrosoftÂ® WindowsÂ® and WordÂ®.,"This course addresses information technology fundamentals, including project management and software processes, data modeling, UML, relational databases and SQL. Topics covered include internet technologies, such as XML, web services, and service-oriented architectures. This course provides an introduction to security and presents the fundamentals of telecommunications and includes a project that involves requirements / design, data model, database implementation, website, security and data network. No prior programming experience required.","System process: Introduction; System process: Fundamentals; System process: Time and resource estimation, part 1; System process: Time and resource estimation, part 2; System process: CMMI, ISO; System process: UML, part 1; System process: UML, part 2; Database: Data modeling, part 1; Database: Data modeling, part 2; Database: Data normalization; Database: SQL basics: SELECT, INSERT; Database: SQL lab; Database: SQL joins, subqueries, views; Database: SQL Homework 5; Database: SQL transactions, connections; Web: Introduction, HTTP; Web: XHTML, CSS; Web: Connecting Web and database; Web: Web and database: Forms; Web: Web and database; Web: XML; Web: Web services; Web: Web services: WSDL, registries; Web: Service oriented architecture, EDI; Security: Framework, concepts; Security: Protocols, part 1; Security: Protocols, part 2; Security: Cryptography; Security: SSL, Internet; Networks: System architecture, part 1; Networks: System architecture, part 2; Networks: Basic telecom technology; Networks: Wired LANs, WANs; Networks: Connecting wired LANs, WANs; Networks: Fiber optics; Networks: Wireless; Networks: Enterprise, VPN, MPLS. Course summary.",https://ocw.mit.edu/courses/1-264j-database-internet-and-systems-integration-technologies-fall-2013/
10.34_fall_2005,test,10.34,Numerical Methods Applied to Chemical Engineering,Chemical Engineering,Graduate,fall_2005,682,Applied Mathematics; Computer Science; Data Mining; Probability and Statistics; Systems Engineering,Applied Mathematics; Chemical Engineering; Computational Modeling and Simulation; Computer Science; Data Mining; Engineering; Mathematics; Probability and Statistics; Systems Engineering,,,"This course focuses on the use of modern computational and mathematical techniques in chemical engineering. Starting from a discussion of linear systems as the basic computational unit in scientific computing, methods for solving sets of nonlinear algebraic equations, ordinary differential equations, and differential-algebraic (DAE) systems are presented. Probability theory and its use in physical modeling is covered, as is the statistical analysis of data and parameter estimation. The finite difference and finite element techniques are presented for converting the partial differential equations obtained from transport phenomena to DAE systems. The use of these techniques will be demonstrated throughout the course in the MATLAB® computing environment.","Introduction; MATLABÂ® Programming (cont.); Linear Systems; Sparse and Banded Matrices, Solving Linear BVPs with Finite Differences; Ax=b as Linear Transformation; Newton’s Method for Solving Sets of Nonlinear Algebraic Equations; Quasi-Newton and Reduced-step Algorithms; Orthogonal Matrices; Schur Decomposition; Numerical Calculation of Matrix Eigenvalues, Eigenvectors; Interpolation and Numerical Integration; ODE Initial Value Problems; Numerical Issues (Stiffness) and MATLABÂ® ODE Solvers; DAE Systems and Applications; Nonlinear Optimization; Treating Constraints and Optimization Routines in MATLABÂ®; Optimization Examples; Nonlinear Reaction/Diffusion PDE-BVPs; Treating Convection Terms in PDEs; Finite Volume and Finite Element Methods; Introduction to Probability Theory; Random Variables, Binomial, Gaussian, and Poisson Distributions; Random Walks; Brownian Dynamics and Stochastic Calculus; Theory of Diffusion; Monte Carlo Simulation; Monte Carlo Simulation (cont.); Introduction to Statistics and Parameter Estimation; Linear Least Squares Regression; Choosing Priors; Non-linear Regression; Bayesian Monte Carlo Methods for Single-response Regression; Applications of Bayesian MCMC; Multi-response Parameter Estimation; Regression from Composite Single and Multi Response Data Sets; Model Criticism and Validation; Expressing Systems of Linear Algebraic Equations as: Ax=b; Matrix Addition and Matrix/Vector Multiplication; Reduction of Ax=b to Triangular Form by Gaussian Elimination; Gauss-Jordan Elimination; Pivoting Techniques in Gaussian Elimination; Interpreting Ax = b as a Linear Transformation; Multiplication of Matrices/Matrix Transpose; Basis Sets and Gram-Schmidt Orthogonalization; Null Space (kernel) and Existence/Uniqueness of Solutions; The Determinant of a Square Matrix; The Inverse of a Square Matrix; LU Decomposition; Cholesky Decomposition; MATLABÂ® Programming Example: TR_1D_model1_SS; MATLABÂ® Programming Example: TR_1D_model1_SS\make_file.m; MATLABÂ® Programming Example: read_program_input; MATLABÂ® Programming Example: read_solver_input; MATLABÂ® Programming Example: get_input_scalar; MATLABÂ® Programming Example: set_grid_1D; MATLABÂ® Programming Example: plot_results; MATLABÂ® Programming Example: TR_1D_model1_SS_solver; MATLABÂ® Programming Example: calc_epsilon; MATLABÂ® Programming Example: stack_state; MATLABÂ® Programming Example: unstack_state; MATLABÂ® Programming Example: DAE_SS_solver_1; MATLABÂ® Programming Example: TR_1D_model1_func_calc_b_int; MATLABÂ® Programming Example: reaction_network_model; MATLABÂ® Programming Example: shift_rxn_source_term; MATLABÂ® Programming Example: jacket_heat_transfer; MATLABÂ® Programming Example: TR_1D_model1_func_calc_A_int; MATLABÂ® Programming Example: FinDiff_1D_FirstDeriv; MATLABÂ® Programming Example: FinDiff_1D_SecondDeriv; MATLABÂ® Programming Example: shift_discretization_matrix; MATLABÂ® Programming Example: implement_Dankwert_BC; MATLABÂ® Programming Example: discretize_boundary_deriv; MATLABÂ® Programming Example: assert_scalar; MATLABÂ® Programming Example: assert_vector; MATLABÂ® Programming Example: assert_matrix; MATLABÂ® Programming Example: assert_structure; MATLABÂ® Programming Example: CSTR_SS; MATLABÂ® Programming Example: CSTR_ODE; MATLABÂ® Programming Example: CSTR_ODE_input1; MATLABÂ® Programming Example: polymer_flow_1D_prog_develop; MATLABÂ® Programming Example: polymer_flow_1D_files; MATLABÂ® Programming Example: Quasi-Newton Optimization cost_function1.m; MATLABÂ® Programming Example: Quasi-Newton Optimization simple_minimizer.m; MATLABÂ® Programming Example: Quasi-Newton Optimization plot_2D_Fcost.m; MATLABÂ® Programming Example: Linear Least Squares simple_linear_LS.m; MATLABÂ® Programming Example: Linear Least Squares simple_LS.m; MATLABÂ® Programming Example: Linear Least Squares fit_eta_prime.m; MATLABÂ® Programming Example: Linear Least Squares frequency.dat; MATLABÂ® Programming Example: Linear Least Squares eta_prime.dat; MATLABÂ® Programming Example: Simple Nonlinear Least Squares nlin_fit_kinetics_setup.m; MATLABÂ® Programming Example: Simple Nonlinear Least Squares simple_nonlinear_LS.m; MATLABÂ® Programming Example: Simple Nonlinear Least Squares nlin_fit_kinetics.m; MATLABÂ® Programming Example: Simple Nonlinear Least Squares nlin_fit_kinetics_tdot.m; Numerical Routines for Solving Non-linear Algebraic Equations Newton_1D_test; Numerical Routines for Solving Non-linear Algebraic Equations Newton_2D_test1b; Numerical Routines for Solving Non-linear Algebraic Equations reduced_Newton; Numerical Routines for Solving Non-linear Algebraic Equations approx_Jacobian_FD",https://ocw.mit.edu/courses/10-34-numerical-methods-applied-to-chemical-engineering-fall-2005/
10.34_fall_2015,test,10.34,Numerical Methods Applied to Chemical Engineering,Chemical Engineering,Graduate,fall_2015,393,Applied Mathematics; Computer Science; Data Mining; Systems Engineering,Applied Mathematics; Chemical Engineering; Computational Modeling and Simulation; Computer Science; Data Mining; Engineering; Mathematics; Systems Engineering,,,"Numerical methods for solving problems arising in heat and mass transfer, fluid mechanics, chemical reaction engineering, and molecular simulation. Topics: Numerical linear algebra, solution of nonlinear algebraic equations and ordinary differential equations, solution of partial differential equations (e.g. Navier-Stokes), numerical methods in molecular simulation (dynamics, geometry optimization). All methods are presented within the context of chemical engineering problems. Familiarity with structured programming is assumed.","Linear algebra 1; Linear algebra 2; Linear algebra 3; Linear algebra 4; Linear algebra 5; Linear algebra 6; Systems of nonlinear equations 1; Systems of nonlinear equations 2; Summary and review on linear algebra and systems of nonlinear equations; Optimization 1; Optimization 2; Optimization 3; Optimization 4; ODE-IVP and numerical integration 1; ODE-IVP and numerical integration 2; Differential-algebraic equations 1; Differential-algebraic equations 2; Differential-algebraic equations 3; Boundary value problems 1; Boundary value problems 2; Boundary value problems 3; Partial differential equations 1; Partial differential equations 2; Partial differential equations 3; Summary and review on IVP, differential-algebraic equations, and boundary value; Probability theory 1; Probability theory 2; Models vs. data 1; Models vs. data 2; Models vs. data 3; Operator splitting; Monte Carlo methods 1; Monte Carlo methods 2; Stochastic chemical kinetics 1; Stochastic chemical kinetics 2; ODE-IVP and numerical integration 3; ODE-IVP and numerical integration 4; Models vs. data 2 ( Joseph K. Scott. ); Stochastic chemical kinetics 1 ( Joseph K. Scott. )",https://ocw.mit.edu/courses/10-34-numerical-methods-applied-to-chemical-engineering-fall-2015/
11.126J_spring_2007,test,11.126J,Economics of Education,Economics,Undergraduate/Graduate,spring_2007,377,Econometrics; Economics,Econometrics; Economics; Education Policy; Public Economics; Social Science; Teaching and Education,14.01; 14.30,14.01 or its equivalent is required and 14.30 or its equivalent is recommended. Students who have no experience with basic econometrics can fill in their background in the first section meetings (see above).,"This class discusses the economic aspects of current issues in education, using both economic theory and econometric and institutional readings. Topics include discussion of basic human capital theory, the growing impact of education on earnings and earnings inequality, statistical issues in determining the true rate of return to education, the labor market for teachers, implications of the impact of computers on the demand for worker skills, the effectiveness of mid-career training for adult workers, the roles of school choice, charter schools, state standards and educational technology in improving K-12 education, and the issue of college financial aid.","Wrap up; Introduction: Defining the educational problem; Human capital theory: The basic economic perspective on education; Early childhood education: How important?; When did earnings become so dependent on education?; Do our regression estimates overestimate the impact of education on earnings? The case of ability bias.; If the return to education is real, does it reflect skills learned or is it a signal?; What skills are now rewarded in the workplace?; Do smaller classes raise achievement?; School vouchers and parental choice; School accountability, standards and testing; Teacher quality and teacher training; Can technology complement what teachers do?; Higher education: Basic issues and structure; Higher education policy",https://ocw.mit.edu/courses/11-126j-economics-of-education-spring-2007/
14.30_spring_2006,train,14.30,Introduction to Statistical Method in Economics,Economics,Undergraduate,spring_2006,277,Econometrics; Economics; Probability and Statistics,Econometrics; Economics; Mathematics; Probability and Statistics; Social Science,14.32,"To provide a solid foundation in probability and statistics for economists and other social scientists. We will emphasize topics needed in the further study of econometrics and provide basic preparation for 14.32 Econometrics . No prior preparation in probability and statistics is required, but familiarity with basic algebra and calculus is assumed.","This course is a self-contained introduction to statistics with economic applications. Elements of probability theory, sampling theory, statistical estimation, regression analysis, and hypothesis testing. It uses elementary econometrics and other applications of statistical tools to economic data. It also provides a solid foundation in probability and statistics for economists and other social scientists. We will emphasize topics needed in the further study of econometrics and provide basic preparation for 14.32 Econometrics . No prior preparation in probability and statistics is required, but familiarity with basic algebra and calculus is assumed.","Set and Probability Theory; Random Variables, Probability Mass/Density Function, and Cumulative Distribution Function (Univariate Model); Multiple Random Variables, Bivariate Distribution, Marginal Distribution, Conditional Distribution, Independence, Multivariate DistributionÂ (Multivariate Model); Expectation (Moments); Random Variable and Random Vector Transformations (Univariate and Multivariate Models); Special Distributions (Discrete and Continuous); Random Sample, Law of Large Numbers, Central Limit TheoremÂ; Point Estimators and Point Estimation Methods; Interval Estimation and Confidence Intervals; Hypothesis Testing; Random Variables, Probability Mass/Density Function, Cumulative Distribution Function (Univariate Model); Multiple Random Variables, Bivariate Distribution, Marginal Distribution, Conditional Distribution, Independence, Multivariate Distribution (Multivariate Model); Random Sample, Law of Large Numbers, Central Limit Theorem",https://ocw.mit.edu/courses/14-30-introduction-to-statistical-method-in-economics-spring-2006/
14.30_spring_2009,train,14.30,Introduction to Statistical Methods in Economics,Economics,Undergraduate,spring_2009,576,Econometrics; Economics; Probability and Statistics,Econometrics; Economics; Mathematics; Probability and Statistics; Social Science,18.01; 18.02,"No prior preparation in probability in statistics is required, but familiarity with basic algebra and calculus (single and multi-variable) is assumed. Calculus at the level of 18.01 Single Variable Calculus and 18.02 Multivariable Calculus is sufficient.","This course will provide a solid foundation in probability and statistics for economists and other social scientists. We will emphasize topics needed for further study of econometrics and provide basic preparation for 14.32 Econometrics . Topics include elements of probability theory, sampling theory, statistical estimation, and hypothesis testing.","Sets and events; Probabilities and counting rules; Conditional probability and independence; Bayes theorem and random variables; Discrete and continuous random variables; Probability distribution functions , cumulative distribution functions (CDFs), joint distribution of 2 or more random variables; Joint and marginal distributions; Review; Functions of random variables; Functions of several random variables; Order statistics and expectations; Median, quantiles, and variance; Covariance and conditional expectations; Conditional expectations and special distributions; Law of large numbers; Central limit theorem, estimators, bias, and consistency; Constructing estimators; Confidence intervals; Confidence intervals (cont.); Hypothesis tests; Hypothesis tests (cont.)",https://ocw.mit.edu/courses/14-30-introduction-to-statistical-methods-in-economics-spring-2009/
14.32_spring_2007,train,14.32,Econometrics,Economics,Undergraduate,spring_2007,331,Econometrics; Economics; Probability and Statistics,Econometrics; Economics; Mathematics; Probability and Statistics; Social Science,14.30,The prerequisite courses include Introduction to Statistical Methods in Economics (14.30) or equivalent. Students should be familiar with basic concepts in probability theory and statistical inference. The course includes a brief statistics review.,"Introduction to econometric models and techniques, simultaneous equations, program evaluation, emphasizing regression. Advanced topics include instrumental variables, panel data methods, measurement error, and limited dependent variable models. May not count toward HASS requirement.",,https://ocw.mit.edu/courses/14-32-econometrics-spring-2007/
14.382_spring_2017,train,14.382,Econometrics,Economics,Graduate,spring_2017,409,Econometrics; Economics,Econometrics; Economics; Social Science,14.381,14.381 Statistical Method in Economics or permission of the instructor.Â,"The course will cover several key models as well as identification and estimation methods used in modern econometrics. We shall being with exploring some leading models of econometrics, then seeing structures, then providing methods of identification, estimation, and inference. You will get lots of hands-on experience with using the methods on real data sets.","Structural Equations Models and IV, Take 1; Structural Equations Models and GMM; Euler Equations, Nonlinear GMM, and Other Adventures; Bootstrapping; Nonlinear and Binary Regression, Predictive Effects, and M-Estimation; Distribution Regression and Counterfactual Analysis; Linear Panel Data Models Under Strict and Weak Exogeneity; GMM Under Moderately High Dimensions",https://ocw.mit.edu/courses/14-382-econometrics-spring-2017/
14.385_fall_2007,test,14.385,Nonlinear Econometric Analysis,Economics,Graduate,fall_2007,438,Econometrics; Economics; Probability and Statistics,Econometrics; Economics; Mathematics; Microeconomics; Probability and Statistics; Social Science,14.382,The prerequisites include 14.382 Econometrics or permission of the instructor.,"This course presents micro-econometric models, including large sample theory for estimation and hypothesis testing, generalized method of moments (GMM), estimation of censored and truncated specifications, quantile regression, structural estimation, nonparametric and semiparametric estimation, treatment effects, panel data, bootstrapping, simulation methods, and Bayesian methods. The methods are illustrated with economic applications.","Methods for nonlinear models: maximum likelihood estimation (MLE), generalized method of moments (GMM), minimum distance, extremum; Large sample theory, asymptotic theory, discrete choice, censoring, and sample selection; Bootstrap, subsampling, and finite-sample methods; Quantile regression (QR) and distributional methods; Bayesian and quasi-Bayesian methods (from a classical view); Bounds and partial identification; GMM: identification, estimation, testing, bias, selecting moments; Weak and many instruments; Nonparametric estimation; Semiparametric estimation; Treatment effects; Nonlinear models in panel data; Economic modeling and econometrics; Extremum estimators, variance estimation, hypothesis tests; Large sample theory, asymptotic theory, discrete choice, censoring, and sample selection (cont.); ML computation: probit using ordinary least squares (OLS) command, hypothesis tests; two-step estimation: Heckman correction; Bootstrap; Bootstrap, subsampling, and finite-sample methods (cont.); Quantile regression: integral transformation/Skorohod representation, conditional means vs. conditional quantiles, inference for quantile regression, and high-tech application: wage decompositions (Autor, Katz, and Kearney 2005); Quantile regression (QR) and distributional methods (cont.); QR applications: 3-step procedure for censored QR (Chernozhukov and Hong 2002); digression: duration models; brief introduction to R, wage decomposition; Accept-reject sampling, the Gibbs sampler, and Monte Carlo optimization; Duration models: main concepts, practical issues; GMM: higher-order bias for two stage least squares (2SLS) estimation, adding moments and efficiency; Nonparametric regression: theoretical bias and variance of the Nadaraya-Watson estimator, confidence intervals, bandwidth choice: cross-validation in kernel regression; Nonparametric estimation (cont.); GMM with condition moment restriction: optimal IV vs. efficient weighting matrix, example from Problem set B-1; nonparametric regression: kernel regression asymptotics, local linear estimation, bandwidth selection, generalized cross-validation; Series estimation and discontinuities, an example for the partially linear model: semiparametric selection models (Ahn and Powell 1993); treatment effects: the LaLonde debate; Nonlinear models in panel data (cont.); Nonlinear panel data: incidental parameters problem, conditional MLE: Logit case; method of simulated moments (MSM): brief introduction to numerical integration, simulated estimation; Economic modeling and econometrics (cont.)",https://ocw.mit.edu/courses/14-385-nonlinear-econometric-analysis-fall-2007/
14.387_fall_2014,test,14.387,Applied Econometrics: Mostly Harmless Big Data,Economics,Graduate,fall_2014,431,Computer Science; Data Mining; Econometrics; Economics; Probability and Statistics,Computer Science; Data Mining; Econometrics; Economics; Engineering; Mathematics; Probability and Statistics; Social Science,14.382,14.382 Econometrics is the prerequisite for this course.,"This course covers empirical strategies for applied micro research questions. Our agenda includes regression and matching, instrumental variables, differences-in-differences, regression discontinuity designs, standard errors, and a module consisting of 8–9 lectures on the analysis of high-dimensional data sets a.k.a. “Big Data”.",,https://ocw.mit.edu/courses/14-387-applied-econometrics-mostly-harmless-big-data-fall-2014/
15.053_spring_2013,train,15.053,Optimization Methods in Management Science,Sloan School of Management,Undergraduate,spring_2013,188,Applied Mathematics; Probability and Statistics; Systems Engineering,Applied Mathematics; Business; Engineering; Game Theory; Mathematics; Operations Management; Probability and Statistics; Project Management; Social Science; Systems Engineering; Systems Optimization,,This subject has no formal prerequisites.,"This course introduces students to the theory, algorithms, and applications of optimization. The optimization methodologies include linear programming, network optimization, integer programming, and decision trees. Applications to logistics, manufacturing, transportation, marketing, project management, and finance. Includes a team project in which students select and solve a problem in practice.","Introduction; Formulations of linear and non-linear programs; Recitation 1; The simplex method 1; Recitation 2; Recitation 3; Sensitivity analysis and shadow prices; Recitation 4; Game theory 2; Recitation 5; Introduction to integer programming; Integer programming formulations; Recitation 6; Integer programming techniques 1: branch and bound; Recitation 7; Integer programming formulations, again; Networks 1: Shortest path problem; Recitation 8; Networks 2: Network flows; Networks 3: Traveling salesman problem; Recitation 9; Decision trees 2: the value of information; Recitation 10; Behavioral economics 2; Project reports",https://ocw.mit.edu/courses/15-053-optimization-methods-in-management-science-spring-2013/
15.062_spring_2003,test,15.062,Data Mining,Sloan School of Management,Graduate,spring_2003,537,Computer Science; Data Mining,Business; Computer Science; Data Mining; Engineering; Information Technology; Management,,,"Data that has relevance for managerial decisions is accumulating at an incredible rate due to a host of technological advances. Electronic data capture has become inexpensive and ubiquitous as a by-product of innovations such as the internet, e-commerce, electronic banking, point-of-sale devices, bar-code readers, and intelligent machines. Such data is often stored in data warehouses and data marts specifically intended for management decision support. Data mining is a rapidly growing field that is concerned with developing techniques to assist managers to make intelligent use of these repositories. A number of successful applications have been reported in areas such as credit rating, fraud detection, database marketing, customer relationship management, and stock market investments. The field of data mining has evolved from the disciplines of statistics and artificial intelligence. This course will examine methods that have emerged from both fields and proven to be of value in recognizing patterns and making predictions from an applications perspective. We will survey applications and provide an opportunity for hands-on experimentation with algorithms for data mining using easy-to-use software and cases.","Data Mining Overview, Prediction and Classification with k-Nearest Neighbors; Classification and Bayes Rule, NaÃ ̄ve Bayes; Classification Trees; Discriminant Analysis; Logistic Regression Case: Handlooms; Neural Nets; Cases: Direct Marketing/German Credit; Assessing Prediction Performance; Subset Selection in Regression; Regression Trees, Case: IBM/GM weekly returns; k-Means Clustering, Hierarchical Clustering; Case: Retail Merchandising; Principal Components; Guest Lecture by Dr. Ira Haimowitz: Data Mining and CRM at Pfizer; Association Rules (Market Basket Analysis); Recommendation Systems: Collaborative Filtering; Guest Lecture by Dr. John Elder IV, Elder Research: The Practice of Data Mining; Project Presentations",https://ocw.mit.edu/courses/15-062-data-mining-spring-2003/
15.071_spring_2017,train,15.071,The Analytics Edge,Sloan School of Management,Graduate,spring_2017,355,Probability and Statistics,Business; Management; Mathematics; Operations Management; Probability and Statistics,15.060,"15.060 Data, Models, and Decisions or a basic statistics and a basic optimization course.","This course presents real-world examples in which quantitative methods provide a significant competitive edge that has led to a first order impact on some of today’s most important companies. We outline the competitive landscape and present the key quantitative methods that created the edge (data-mining, dynamic optimization, simulation), and discuss their impact.",,https://ocw.mit.edu/courses/15-071-the-analytics-edge-spring-2017/
15.075J_fall_2011,train,15.075J,Statistical Thinking and Data Analysis,"Institute for Data, Systems, and Society",Undergraduate,fall_2011,535,Computer Science; Data Mining; Probability and Statistics,Computer Science; Data Mining; Engineering; Mathematics; Probability and Statistics,18.440; 6.041,An understanding of Calculus and 6.041 Probabilistic Systems Analysis and Applied Probability or 18.440 Probability and Random Variables .,"This course is an introduction to statistical data analysis. Topics are chosen from applied probability, sampling, estimation, hypothesis testing, linear regression, analysis of variance, categorical data analysis, and nonparametric statistics.",,https://ocw.mit.edu/courses/15-075j-statistical-thinking-and-data-analysis-fall-2011/
15.082J_fall_2010,train,15.082J,Network Optimization,Electrical Engineering and Computer Science,Graduate,fall_2010,358,Algorithms and Data Structures; Applied Mathematics; Computer Science; Systems Engineering,Algorithms and Data Structures; Applied Mathematics; Business; Computer Networks; Computer Science; Engineering; Information Technology; Mathematics; Project Management; Systems Engineering; Systems Optimization,15.081J; 6.251J,6.251J/15.081J Introduction to Mathematical Programming or a course on data structures.,"15.082J/6.855J/ESD.78J is a graduate subject in the theory and practice of network flows and its extensions. Network flow problems form a subclass of linear programming problems with applications to transportation, logistics, manufacturing, computer science, project management, and finance, as well as a number of other domains. This subject will survey some of the applications of network flows and focus on key special cases of network flow problems including the following: the shortest path problem, the maximum flow problem, the minimum cost flow problem, and the multi-commodity flow problem. We will also consider other extensions of network flow problems.",Introduction to network models; Computational complexity and data structures; Graph search algorithms; Transformations and flow decomposition; Shortest paths: label setting algorithms; The radix heap algorithm; Shortest paths: label correcting algorithms; Algorithm analysis; Basic algorithms for the maximum flow problem; Combinatorial applications of maximum flows; Preflow push algorithms; More on preflow push algorithms; Minimum cost flow: basic algorithms; Minimum cost flow: polynomial time algorithms; Applications of network flows; Linear programming review; The network simplex algorithm; NP-completeness; Lagrangian relaxation 1; Lagrangian relaxation 2; Multicommodity flows 1; Multicommodity flows 2; Presentations of class projects; Presentations of class projects (cont.),https://ocw.mit.edu/courses/15-082j-network-optimization-fall-2010/
15.083J_fall_2009,train,15.083J,Integer Programming and Combinatorial Optimization,Electrical Engineering and Computer Science,Graduate,fall_2009,289,Applied Mathematics; Systems Engineering,Applied Mathematics; Computation; Engineering; Mathematics; Systems Engineering; Systems Optimization,,,"The course is a comprehensive introduction to the theory, algorithms and applications of integer optimization and is organized in four parts: formulations and relaxations, algebra and geometry of integer optimization, algorithms for integer optimization, and extensions of integer optimization.",Formulations; Complexity; Methods to enhance formulations I; Methods to enhance formulations II; Ideal formulations I; Ideal formulations II; Ideal formulations III; Duality theory I; Duality theory II; Algorithms for solving relaxations; Robust discrete optimization; Lattices I; Lattices II; Algebraic geometry I; Algebraic geometry II; Geometry; Cutting plane methods I; Cutting plane methods II; Enumerative methods; Heuristic methods; Approximation algorithsm I; Approximation algorithms II; Approximation algorithms III; Mixed integer optimization I; Mixed integer optimization II; Methods to enhance formulations; Ideal formulations; Duality theory; Lattices; Algebraic geometry; Cutting plane methods; Approximation algorithms; Mixed integer optimization,https://ocw.mit.edu/courses/15-083j-integer-programming-and-combinatorial-optimization-fall-2009/
15.093J_fall_2009,train,15.093J,Optimization Methods,Electrical Engineering and Computer Science,Graduate,fall_2009,200,Applied Mathematics; Systems Engineering,Applied Mathematics; Engineering; Mathematics; Systems Engineering; Systems Optimization,,,"This course introduces the principal algorithms for linear, network, discrete, nonlinear, dynamic optimization and optimal control. Emphasis is on methodology and the underlying mathematical structures. Topics include the simplex method, network flow methods, branch and bound and cutting plane methods for discrete optimization, optimality conditions for nonlinear optimization, interior point methods for convex optimization, Newton’s method, heuristic methods, and dynamic programming and optimal control methods.",Applications of linear optimization; Geometry of linear optimization; Simplex method I; Simplex method II; Duality theory I; Duality theory II; Sensitivity analysis; Robust optimization; Large scale optimization; Applications of discrete optimization; Branch and bound and cutting planes; Lagrangean methods; Heuristics and approximation algorithms; Dynamic programming; Applications of nonlinear optimization; Optimality conditions and gradient methods; Line searches and Newton’s method; Conjugate gradient methods; Affine scaling algorithm; Interior point methods; Semidefinite optimization I; Semidefinite optimization II; Simplex method; Duality theory; Network flows,https://ocw.mit.edu/courses/15-093j-optimization-methods-fall-2009/
15.450_fall_2010,test,15.450,Analytics of Finance,Sloan School of Management,Graduate,fall_2010,280,Econometrics; Economics; Probability and Statistics,Business; Econometrics; Economics; Finance; Financial Economics; Mathematics; Probability and Statistics; Social Science,15.401; 15.437,"15.401 Finance Theory I is a prerequisite for this course. 15.437 Options and Futures Markets is a recommended co-requisite. Rudimentary programming skills are necessary. Homework assignments involve computer implementation of quantitative methods in MATLABÂ®. Prior knowledge of MATLABÂ® is not required. In addition to formal prerequisites, the course assumes solid undergraduate-level background in calculus, probability, and statistics.","This course covers the key quantitative methods of finance: financial econometrics and statistical inference for financial applications; dynamic optimization; Monte Carlo simulation; stochastic (Itô) calculus. These techniques, along with their computer implementation, are covered in depth. Application areas include portfolio management, risk management, derivatives, and proprietary trading.",Arbitrage-free pricing models; Dynamic portfolio choice I: Static approach to dynamic portfolio choice; Dynamic portfolio choice II: Dynamic programming; Parameter estimation; Standard errors and tests; Small-sample inference and bootstrap; Volatility models; Review: Arbitrage-free pricing and stochastic calculus; Review: DP and econometrics,https://ocw.mit.edu/courses/15-450-analytics-of-finance-fall-2010/
15.561_spring_2005,train,15.561,Information Technology Essentials,Sloan School of Management,Graduate,spring_2005,368,Computer Science; Data Mining,Business; Computer Networks; Computer Science; Data Mining; Engineering; Information Technology,,,"This class offers a broad coverage of technology concepts and trends underlying current and future developments in information technology, and fundamental principles for the effective use of computer-based information systems. There will be a special emphasis on networks and distributed computing, including the World Wide Web. Other topics include: hardware and operating systems, software development tools and processes, relational databases, security and cryptography, enterprise applications, and electronic commerce. Hands-on exposure to Web, database, and graphical user interface (GUI) tools. This course is intended for students with little or no background in computer technology. Students with extensive education or work experience in computer technology should consider taking a more advanced course.",Introduction: Fundamentals of Computing IÂ; Fundamentals of Computing II; Networks I; Networks II; Programming Languages; Relational Databases; Introduction to MicrosoftÂ® Access; Web Technologies Fundamentals; Computer Security I: Encryption and Digital Signatures; Computer Security II: Network Security; “Under the Hood” of a Commercial Website; Managing Software Development; Enterprise Systems; Systems that Span Multiple Enterprises; Business Intelligence: Data Mining and Data Warehousing; Emerging Technologies; Course Wrap-up,https://ocw.mit.edu/courses/15-561-information-technology-essentials-spring-2005/
15.773_spring_2024,train,15.773,Hands-On Deep Learning,Sloan School of Management,Graduate,spring_2024,466,Artificial Intelligence; Computer Science,Artificial Intelligence; Business; Computer Science; Engineering; Information Technology,15.071; 15.072,"Familiarity with Python at this level Familiarity with fundamental machine learning concepts such as training/validation/testing, overfitting/underfitting, and regularization If you have taken 15.071 The Analytics Edge , 15.072 Advanced Analytics Edge (or will be taking one of these concurrently), or if you have other relevant coursework or work experience, you should be fine","This is a fast-paced introduction to deep learning with an emphasis on developing a practical understanding of how to build models to solve complex problems involving unstructured data. Topics include the basics of deep neural networks and how to set up and train them, convolutional networks to process images and videos, transformers for natural language processing, generative large language models (such as ChatGPT), and text-to-image models (such as Midjourney). Prior familiarity with Python and fundamental machine learning concepts (such as training/validation/testing, overfitting/underfitting, and regularization) is required.",,https://ocw.mit.edu/courses/15-773-hands-on-deep-learning-spring-2024/
15.S08_spring_2020,train,15.S08,FinTech: Shaping the Financial World ,Sloan School of Management,Graduate,spring_2020,304,Artificial Intelligence; Computer Science,Artificial Intelligence; Business; Computer Science; Engineering; Finance; Information Technology; Innovation,,MIT students needed the permission of the instructor.Â,"This course about financial technology, or FinTech, is for students wishing to explore the ways in which new technologies are disrupting the financial services industry—driving material change in business models, products, applications and customer user interface. Amongst the significant technological trends affecting financial services into the 2020’s, the class will explore AI, deep learning, blockchain technology and open APIs. Students will gain an understanding of the key technologies, market structure, participants, regulation and the dynamics of change being brought about by FinTech.","Introduction and Key Technological Trends Affecting Financial Services; Artificial Intelligence, Machine Learning, and Deep Learning; Artificial Intelligence in Finance; Open APIs & Marketing Channels; Blockchain Technology & Cryptocurrency; Payments; Credit & Lending; Challenger Banks; Trading & Capital Markets; Insurance; Coronavirus Crisis & Finance; ConclusionÂ",https://ocw.mit.edu/courses/15-s08-fintech-shaping-the-financial-world-spring-2020/
16.412J_spring_2016,test,16.412J,Cognitive Robotics,Aeronautics and Astronautics,Graduate,spring_2016,598,Artificial Intelligence; Computer Science; Electrical Engineering,Artificial Intelligence; Computer Science; Electrical Engineering; Engineering; Robotics and Control Systems,,,"This is a class about applying autonomy to real-world systems. The overarching theme uniting the many different topics in this course will center around programming a cognitive robotic. This class takes the approach of introducing new reasoning techniques and ideas incrementally. We start with the current paradigm of programming you’re likely familiar with, and evolve it over the semester—continually adding in new features and reasoning capabilities—ending with a robust, intelligent system. These techniques and topics will include algorithms for allowing a robot to: Monitor itself for potential problems (both observable and hidden), scheduling tasks in time, coming up with novel plans to achieve desired goals over time, dealing with the continuous world, collaborating with other (autonomous) agents, dealing with risk, and more.",Robustness through model-based programming; Programs that monitor hidden state; Programs with flexible time; Programs with flexible time and choice; Programs on state and planning as heuristic forward search; Planning with temporal land marks; Planning with casual graphs; Time-line planning using casual graphs; Programs that monitor continuous state; Programs with continuous goal states; Multi-agent planning; Programs that relax; Programs that execute with humans; Advanced lecture 1; Advanced lecture 2; Advanced lecture 3; Advanced lecture 4; Advanced lecture 5; Advanced lecture 6; Advanced lecture 7; Risk-bounded programs with flexible time; Risk-bounded programming on continuous state I; Risk-bounded programming on continuous state II; Risk-bounded programs with choice; Grand challenge - practice; Grand challenge; Robustness Through Model-based Programming; Programs That Monitor Hidden State; Programs with Flexible Time; Programs with Flexible Time and Choice; Programs on State and Planning as Heuristic Forward Search; Planning with Temporal Land Marks; Planning with Casual Graphs; Time-line Planning Using Casual Graphs; Programs that Monitor Continuous State; Programs with Continuous Goal States; Multi-agent Planning; Programs that Relax; Programs that Execute with Humans; Advanced Lecture 1: Incremental Path Planning; Advanced Lecture 2: Semantic Localization; Advanced Lecture 3: Image Classification via Deep Learning; Advanced Lecture 4: Monte Carlo Tree Search; Advanced Lecture 5: Reachability; Advanced Lecture 6: Planning with Temporal Logic; Advanced Lecture 7: Probabilistic and Infinite Horizon Planning; Risk-bounded Programs with Flexible Time; Risk-bounded Programming on Continuous State I; Risk-bounded Programming on Continuous State II; Risk-bounded Programs with Choice; Grand Challenge: Practice; Grand Challenge,https://ocw.mit.edu/courses/16-412j-cognitive-robotics-spring-2016/
18.03SC_fall_2011,train,18.03SC,Differential Equations,Mathematics,Undergraduate,fall_2011,157,Linear Algebra,Differential Equations; Linear Algebra; Mathematics,,,"The laws of nature are expressed as differential equations. Scientists and engineers must know how to model the world in terms of differential equations, and how to solve those equations and interpret the solutions. This course focuses on the equations and techniques most useful in science and engineering. Course Format This course has been designed for independent study. It provides everything you will need to understand the concepts covered in the course. The materials include: Lecture Videos by Professor Arthur Mattuck. Course Notes on every topic. Practice Problems with Solutions . Problem Solving Videos taught by experienced MIT Recitation Instructors. Problem Sets to do on your own with Solutions to check your answers against when you’re done. A selection of Interactive Java® Demonstrations called Mathlets to illustrate key concepts. A full set of Exams with Solutions , including practice exams to help you prepare. Content Development Haynes Miller Jeremy Orloff Dr. John Lewis Arthur Mattuck",,https://ocw.mit.edu/courses/18-03sc-differential-equations-fall-2011/
18.05_spring_2022,train,18.05,Introduction to Probability and Statistics,Mathematics,Undergraduate,spring_2022,1225,Discrete Mathematics; Probability and Statistics,Discrete Mathematics; Mathematics; Probability and Statistics,18.02,18.02 Multivariable Calculus,"This course provides an elementary introduction to probability and statistics with applications. Topics include basic combinatorics, random variables, probability distributions, Bayesian inference, hypothesis testing, confidence intervals, and linear regression. These same course materials, including interactive components (online reading questions and problem checkers) are available on MIT’s Open Learning Library, which is free to use. You have the option to enroll and track your progress, or you can view and use the materials without enrolling.",,https://ocw.mit.edu/courses/18-05-introduction-to-probability-and-statistics-spring-2022/
18.065_spring_2018,train,18.065,"Matrix Methods in Data Analysis, Signal Processing, and Machine Learning",Mathematics,Undergraduate,spring_2018,310,Applied Mathematics; Electrical Engineering; Linear Algebra,Applied Mathematics; Computation; Electrical Engineering; Engineering; Linear Algebra; Mathematics; Signal Processing,18.06,18.06 Linear Algebra,"Linear algebra concepts are key for understanding and creating machine learning algorithms, especially as applied to deep learning and neural networks. This course reviews linear algebra with applications to probability and statistics and optimization–and above all a full explanation of deep learning.","The Column Space of \(A\) Contains All Vectors \(A\boldsymbol{x}\); Multiplying and Factoring MatricesÂ; Orthonormal Columns in \(Q\) Give \(QâQ= I\); Eigenvalues and Eigenvectors; Positive Definite and Semidefinite Matrices; Singular Value Decomposition (SVD); Eckart-Young: The Closest Rank \(k\) Matrix to \(A\); Norms of Vectors and Matrices; Four Ways to Solve Least Squares Problems; Survey of Difficulties with \(A\boldsymbol{x} = \boldsymbol{b}\); Minimizing \(â\boldsymbol{x}â\) Subject to \(A\boldsymbol{x} = \boldsymbol{b}\); Computing Eigenvalues and Singular Values; Randomized Matrix Multiplication; Low Rank Changes in \(A\) and Its Inverse; Matrices \(A(t)\) Depending on \(t\), Derivative = \(dA/dt\); Derivatives of Inverse and Singular Values; Rapidly Decreasing Singular Values; Counting Parameters in SVD, LU, QR, Saddle Points; Saddle Points Continued, Maxmin Principle; Definitions and Inequalities; Minimizing a Function Step by Step; Gradient Descent: Downhill to a Minimum; Accelerating Gradient Descent (Use Momentum); Linear Programming and Two-Person Games; Stochastic Gradient Descent; Structure of Neural Nets for Deep Learning; Backpropagation: Find Partial Derivatives; Computing in ClassÂ [No video available]; Computing in Class (cont.) [No video available]; Completing a Rank-One Matrix, Circulants!; Eigenvectors of Circulant Matrices: Fourier Matrix; ImageNet is a Convolutional Neural Network (CNN), The Convolution Rule; Neural Nets and the Learning Function; Distance Matrices, Procrustes Problem; Finding Clusters in Graphs; Alan Edelman and Julia Language",https://ocw.mit.edu/courses/18-065-matrix-methods-in-data-analysis-signal-processing-and-machine-learning-spring-2018/
18.06_spring_2010,train,18.06,Linear Algebra,Mathematics,Undergraduate,spring_2010,336,Linear Algebra,Linear Algebra; Mathematics,18.02,Multivariable Calculus (18.02),"This is a basic subject on matrix theory and linear algebra. Emphasis is given to topics that will be useful in other disciplines, including systems of equations, vector spaces, determinants, eigenvalues, similarity, and positive definite matrices.","The geometry of linear equations; Elimination with matrices; Matrix operations and inverses; LU and LDU factorization; Transposes and permutations; Vector spaces and subspaces; The nullspace: Solving Ax = 0; Rectangular PA = LU and Ax = b; Row reduced echelon form; Basis and dimension; The four fundamental subspaces; Graphs and networks; Orthogonality; Projections and subspaces; Least squares approximations; Gram-Schmidt and A = QR; Properties of determinants; Formulas for determinants; Applications of determinants; Eigenvalues and eigenvectors; Diagonalization; Markov matrices; Differential equations; Symmetric matrices; Positive definite matrices; Matrices in engineering; Similar matrices; Singular value decomposition; Fourier series, FFT, complex matrices; Linear transformations; Choice of basis; Linear programming; Course review; Numerical linear algebra; Computational science",https://ocw.mit.edu/courses/18-06-linear-algebra-spring-2010/
18.06SC_fall_2011,train,18.06SC,Linear Algebra,Mathematics,Undergraduate,fall_2011,412,Linear Algebra,Linear Algebra; Mathematics,18.02; 18.06,"18.02 Multivariable Calculus is a formal prerequisite for MIT students wishing to enroll in 18.06 Linear Algebra, but knowledge of calculus is not required to learn the subject. To succeed in this course you will need to be comfortable with vectors, matrices, and three-dimensional coordinate systems. This material is presented in the first few lectures of 18.02 Multivariable Calculus, and again here. The basic operations of linear algebra are those you learned in grade school â addition and multiplication to produce “linear combinations.” But with vectors, we move into four-dimensional space and n-dimensional space!","This course covers matrix theory and linear algebra, emphasizing topics useful in other disciplines such as physics, economics and social sciences, natural sciences, and engineering. It parallels the combination of theory and applications in Professor Strang’s textbook Introduction to Linear Algebra . Course Format This course has been designed for independent study. It provides everything you will need to understand the concepts covered in the course. The materials include: A complete set of Lecture Videos by Professor Gilbert Strang. Summary Notes for all videos along with suggested readings in Prof. Strang’s textbook Linear Algebra . Problem Solving Videos on every topic taught by an experienced MIT Recitation Instructor. Problem Sets to do on your own with Solutions to check your answers against when you’re done. A selection of Java® Demonstrations to illustrate key concepts. A full set of Exams with Solutions , including review material to help you prepare.",,https://ocw.mit.edu/courses/18-06sc-linear-algebra-fall-2011/
18.085_summer_2020,train,18.085,Computational Science and Engineering I,Mathematics,Undergraduate,summer_2020,301,Applied Mathematics; Linear Algebra; Systems Engineering,Applied Mathematics; Computational Science and Engineering; Differential Equations; Engineering; Linear Algebra; Mathematics; Systems Engineering,18.02; 18.022; 18.03; 18.034,"Any of MITâs Calculus II courses: 18.02 Multivariable Calculus , 18.022 Calculus of Several Variables , or an equivalent course Either 18.03 Differential Equations or 18.034 Honors Differential Equations","This course provides the fundamental computational toolbox for solving science and engineering problems. Topics include review of linear algebra, applications to networks, structures, estimation, finite difference and finite element solutions of differential equations, Laplace’s equation and potential flow, boundary-value problems, Fourier series, the discrete Fourier transform, and convolution. We will also explore many topics in AI and machine learning throughout the course.","Review of Linear Algebra; Review of Linear Algebra (cont.); Differences, Derivatives, and Boundary Conditions; Inverses and Delta Functions; Eigenvalues and Eigenvectors; Positive Definite Matrices and Least Squares; Numerical Linear Algebra: LU, QR, SVD; Equilibrium and the Stiffness Matrix; Oscillation by Newtonâs Law I; Oscillation by Newtonâs Law II; Graph Models and Kirchhoffâs Laws; Damped Harmonic Oscillators and the Laplace Transform I; Damped Harmonic Oscillators and the Laplace Transform II; [no lecture]; Review of Vector Calculus I; Review of Vector Calculus II; Fourier Series; Fourier Series (cont.); Polar Coordinates and Laplaceâs Equation; Laplaceâs Equation and Separation of Variables; Laplaceâs Equation and Finite Difference; The Finite Element Method I; The Finite Element Method II; The Discrete Fourier Transform and the FFT I; The Discrete Fourier Transform and the FFT II; Convolution and Signal Processing; Fourier Integrals; Course Review; Guest Lectures; Special Topic: Deep Learning/Double Descent",https://ocw.mit.edu/courses/18-085-computational-science-and-engineering-i-summer-2020/
18.175_spring_2014,train,18.175,Theory of Probability,Mathematics,Graduate,spring_2014,210,Probability and Statistics,Mathematical Analysis; Mathematics; Probability and Statistics,18.100C,18.100C Real Analysis,"This course covers topics such as sums of independent random variables, central limit phenomena, infinitely divisible laws, Levy processes, Brownian motion, conditioning, and martingales.",Probability Spaces and Sigma-Algebras; Extension Theorems: A Tool for Constructing Measures; Random Variables and Distributions; Integration; More Integration and Expectation; Laws of Large Numbers and Independence; Sums of Random Variables; Weak Laws and Moment-Generating and Characteristic Functions; Borel-Cantelli and the Strong Law of Large Numbers; Zero-One Laws and Maximal Inequalities; Independent Sums and Large Deviations; DeMoivre-Laplace and Weak Convergence; Large Deviations; Weak Convergence and Characteristic Functions; Characteristic Functions and Central Limit Theorem; Central Limit Theorem Variants; Poisson Random Variables; Stable Random Variables; Higher Dimensional Limit Theorems; Infinite Divisibility and Levy Processes; More on Infinite Divisibility and Levy ProcessesÂ; More on Infinite Divisibility and Levy Processes; Random Walks; More on Random Walks; Reflections and Martingales; More on Martingales; More on Martingales (cont.); Even More on Martingales; Still More Martingales; Markov Chains; More Markov Chains; Additional Material on Markov Chains; Ergodic Theory; More Ergodic Theory; Brownian Motion; More Brownian Motion; Even More Brownian Motion; Last Lecture,https://ocw.mit.edu/courses/18-175-theory-of-probability-spring-2014/
18.440_spring_2014,test,18.440,Probability and Random Variables,Mathematics,Undergraduate,spring_2014,347,Discrete Mathematics; Probability and Statistics,Discrete Mathematics; Mathematics; Probability and Statistics,18.02SC,18.02SC Multivariable Calculus,"This course introduces students to probability and random variables. Topics include distribution functions, binomial, geometric, hypergeometric, and Poisson distributions. The other topics covered are uniform, exponential, normal, gamma and beta distributions; conditional probability; Bayes theorem; joint distributions; Chebyshev inequality; law of large numbers; and central limit theorem.","Permutations and combinations; Multinomial coefficients and more counting; Sample spaces and set theory; Axioms of probability; Probability and equal likelihood; Conditional probabilities; Bayes’ formula and independent events; Discrete random variables; Expectations of discrete random variables; Variance; Binomial random variables, repeated trials and the so-called Modern Portfolio Theory; Poisson random variables; Poisson processes; More discrete random variables; Continuous random variables; Uniform random variables; Normal random variables; Exponential random variables; More continuous random variables; Joint distribution functions; Sums of independent random variables; Expectation of sums; Covariance and correlation; Conditional expectation; Moment generating distributions; Weak law of large numbers; Central limit theorem; Strong law of large numbers and Jensen’s inequality; Markov chains; Entropy; Martingales and the Optional Stopping Time Theorem; Risk Neutral Probability and Black-Scholes; Permutations and Combinations; Multinomial Coefficients and More Counting; Sample Spaces and Set Theory; Axioms of Probability; Probability and Equal Likelihood; Conditional Probabilities; Bayes’ Formula and Independent Events; Discrete Random Variables; Expectations of Discrete Random Variables; Binomial Random Variables, Repeated Trials and the so-called Modern Portfolio Theory; Poisson Random Variables; Poisson Processes; More Discrete Random Variables; Continuous Random Variables; Uniform Random Variables; Normal Random Variables; Exponential Random Variables; More Continuous Random Variables; Joint Distribution Functions; Sums of Independent Random Variables; Expectation of Sums; Covariance and Correlation; Conditional Expectation; Moment Generating Distributions; Weak Law of Large Numbers; Central Limit Theorem; Strong Law of Large Numbers and Jensen’s Inequality; Markov Chains",https://ocw.mit.edu/courses/18-440-probability-and-random-variables-spring-2014/
18.465_spring_2007,test,18.465,Topics in Statistics: Statistical Learning Theory,Mathematics,Graduate,spring_2007,473,Algorithms and Data Structures; Artificial Intelligence; Computer Science; Probability and Statistics,Algorithms and Data Structures; Artificial Intelligence; Cognitive Science; Computer Science; Engineering; Mathematics; Probability and Statistics; Science,18.175; 6.867; 9.520,Permission of instructor is required. Helpful courses (ideal but not required): Theory of Probability (18.175) and either Statistical Learning Theory and Applications (9.520) or Machine Learning (6.867),"The main goal of this course is to study the generalization ability of a number of popular machine learning algorithms such as boosting, support vector machines and neural networks. Topics include Vapnik-Chervonenkis theory, concentration inequalities in product spaces, and other elements of empirical process theory.","Introduction; Voting classifiers, training error of boosting; Support vector machines (SVM); Generalization error of SVM; One dimensional concentration inequalities. Bennett’s inequality; Bernstein’s inequality; Hoeffding, Hoeffding-Chernoff, and Khinchine inequality; Vapnik-Chervonenkis classes of sets; Properties of VC classes of sets; Symmetrization. Pessimistic VC inequality; Optimistic VC inequality; VC subgraph classes of functions. Packing and covering numbers; Covering numbers of the VC subgraph classes; Kolmogorov’s chaining method. Dudley’s entropy integral; More symmetrization. Generalized VC inequality; Consequences of the generalized VC inequality; Covering numbers of the convex hull; Uniform entropy condition of VC-hull classes; Generalization error bound for VC-hull classes; Bounds on the generalization error of voting classifiers; Bounds on the generalization error of voting classifiers (cont.); Bounds in terms of sparsity; Bounds in terms of sparsity (cont.) (example); Martingale-difference inequalities; Comparison inequality for Rademacher processes; Application of martingale inequalities. Generalized martingale inequalities; Generalization bounds for neural networks; Generalization bounds for neural networks (cont.); Generalization bounds for kernel methods; Optimistic VC inequality for random classes of sets; Applications of random VC inequality to voting algorithms and SVM; Talagrand’s convex-hull distance inequality; Consequences of Talagrand’s convex-hull distance inequality; Talagrand’s concentration inequality for empirical processes; Talagrand’s two-point inequality; Applications of Talagrand’s concentration inequality; Applications of talagrand’s convex-hull distance inequality. Bin packing; Entropy tensorization inequality. Tensorization of Laplace transform; Application of the entropy tensorization technique; Stein’s method for concentration inequalities",https://ocw.mit.edu/courses/18-465-topics-in-statistics-statistical-learning-theory-spring-2007/
18.600_fall_2019,train,18.600,Probability and Random Variables,Mathematics,Undergraduate,fall_2019,288,Discrete Mathematics; Probability and Statistics,Discrete Mathematics; Mathematics; Probability and Statistics,18.02,18.02 Multivariable Calculus,"This course introduces students to probability and random variables. Topics include distribution functions, binomial, geometric, hypergeometric, and Poisson distributions. The other topics covered are uniform, exponential, normal, gamma and beta distributions; conditional probability; Bayes theorem; joint distributions; Chebyshev inequality; law of large numbers; and central limit theorem.","Permutations and combinations; Multinomial coefficients and more counting; Sample spaces and set theory; Axioms of probability; Probability and equal likelihood; Conditional probabilities; Bayes’ formula and independent events; Discrete random variables; Expectations of discrete random variables; Variance; Binomial random variables, repeated trials and the so-called modern portfolio theory; Poisson random variables; Poisson processes; More discrete random variables; Continuous random variables; Normal random variables; Exponential random variables; More continuous random variables; Joint distribution functions; Sums of independent random variables; Expectation of sums; Covariance and some conditional expectation exercises; Conditional expectation; Moment generating functions; Weak law of large numbers; Central limit theorem; Strong law of large numbers and Jensen’s inequality; Markov chains; Entropy; Martingales and the optional stopping time theorem; Martingales and risk neutral probability; Risk neutral probability and Black-Scholes",https://ocw.mit.edu/courses/18-600-probability-and-random-variables-fall-2019/
18.642_fall_2024,test,18.642,Topics in Mathematics with Applications in Finance,Mathematics,Undergraduate,fall_2024,781,Applied Mathematics; Probability and Statistics,Applied Mathematics; Business; Finance; Mathematics; Probability and Statistics,18.03; 18.05; 18.06; 18.600,"18.03 Differential Equations (or approval of instructor), 18.05 Introduction to Probability and Statistics or 18.600 Probability and Random Variables , and 18.06 Linear Algebra Broad familiarity with linear algebra, statistics, stochastic processes and partial differential equations will be helpful (but not required). Prior knowledge of economics or finance is not required but may be helpful for some lectures.","This is an updated version of 18.S096 Topics in Mathematics with Applications in Finance from Fall 2013. Please visit the 18.S096 site for more materials and lecture recordings. An investment game is also available as an additional learning resource. The purpose of the class is to expose undergraduate and graduate students to the mathematical concepts and techniques used in the financial industry. The course will consist of a set of mathematics lectures on topics in linear algebra, probability, statistics, stochastic processes, and numerical methods. Mathematics lectures will be mixed with lectures illustrating the corresponding application in the financial industry. MIT mathematicians will teach the mathematics part while industry professionals will give the lectures on applications in finance.",,https://ocw.mit.edu/courses/18-642-topics-in-mathematics-with-applications-in-finance-fall-2024/
18.650__formerly_18.443__fall_2006,test,18.650 (formerly 18.443),Statistics for Applications,Mathematics,Undergraduate,fall_2006,250,Applied Mathematics; Discrete Mathematics; Probability and Statistics,Applied Mathematics; Discrete Mathematics; Mathematics; Probability and Statistics,18.440; 6.041,Probability and Random Variables (18.440 ) or Probabilistic Systems Analysis (6.041),"This course offers a broad treatment of statistics, concentrating on specific statistical techniques used in science and industry. Topics include: hypothesis testing and estimation, confidence intervals, chi-square tests, nonparametric statistics, analysis of variance, regression, and correlation. OCW offers an earlier version of this course, from Fall 2003. This newer version focuses less on estimation theory and more on multiple linear regression models. In addition, a number of Matlab examples are included here.","Overview of some Probability Distributions; Maximum Likelihood Estimators; Properties of Maximum Likelihood Estimators; Multivariate Normal Distribution and CLT; Confidence Intervals for Parameters of Normal Distribution; Gamma, Chi-squared, Student T and Fisher F Distributions; Testing Hypotheses about Parameters of Normal Distribution, t-Tests and F-Tests; Testing Simple Hypotheses and Bayes Decision Rules; Most Powerful Test for Two Simple Hypotheses; Chi-squared Goodness-of-fit Test; Chi-squared Goodness-of-fit Test for Composite Hypotheses; Tests of Independence and Homogeneity; Kolmogorov-Smirnov Test; Simple Linear Regression; Multiple Linear Regression; General Linear Constraints in Multiple Linear Regression and Analysis of Variance and Covariance; Classification Problem, AdaBoost Algorithm; Review",https://ocw.mit.edu/courses/18-443-statistics-for-applications-fall-2006/
18.650__formerly_18.443__spring_2015,test,18.650 (formerly 18.443),Statistics for Applications,Mathematics,Undergraduate,spring_2015,255,Applied Mathematics; Discrete Mathematics; Probability and Statistics,Applied Mathematics; Discrete Mathematics; Mathematics; Probability and Statistics,18.440; 6.041,"Probability and Random Variables (18.440) or Probabilistic Systems Analysis (6.041) or the equivalent (one semester of calculus-based probability). The prerequisite material is also covered in the required textbook (see below), Chapters 1â5.","This course is a broad treatment of statistics, concentrating on specific statistical techniques used in science and industry. Topics include: hypothesis testing and estimation, confidence intervals, chi-square tests, nonparametric statistics, analysis of variance, regression, correlation, decision theory, and Bayesian statistics.",Distributions Derived from Normal Distribution; Statistical Models: Classic One-sample Distribution Models; Parameter Estimation: Method of Moments; Parameter Estimation: Maximum Likelihood; Maximum Likelihood: Large Sample Theory; Bootstrap Confidence Intervals; Sufficiency; Parameter Estimation: Bayesian Approach; Hypothesis Testing; Hypothesis Testing II; Assessing Goodness of Fit; Summarizing Data; Summarizing Data: Examples and Dynamic Graphics; Regression Analysis; Regression Analysis II; Comparing Independent Samples and ANOVA; Analysis of Categorical Data,https://ocw.mit.edu/courses/18-443-statistics-for-applications-spring-2015/
18.655_spring_2016,test,18.655,Mathematical Statistics,Mathematics,Graduate,spring_2016,142,Probability and Statistics,Game Theory; Mathematics; Probability and Statistics; Social Science,,"There are no official prerequisites for this course, but permission of the instructor is required.","This course provides students with decision theory, estimation, confidence intervals, and hypothesis testing. It introduces large sample theory, asymptotic efficiency of estimates, exponential families, and sequential analysis.",Course Overview; Statistical Models; Bayesian Models; Decision Theoretic Framework; Prediction; Sufficiency; Exponential Families I; Exponential Families II; Methods of Estimation I; Methods of Estimation II; Bayes Procedures; Minimax Procedures; Unbiased Estimation and Risk Inequalities; Convergence of Random Variables Probability Inequalities; Limit Theorems; Asymptotics I: Consistency and Delta Method; Asymptotics II: Limiting Distributions; Asymptotics III: Bayes Inference and Large-Sample Tests; Gaussian Linear Models; Generalized Linear Models; Case Study: Applying Generalized Linear Models,https://ocw.mit.edu/courses/18-655-mathematical-statistics-spring-2016/
18.657_fall_2015,train,18.657,Mathematics of Machine Learning,Mathematics,Graduate,fall_2015,486,Algorithms and Data Structures; Applied Mathematics; Artificial Intelligence; Computer Science; Data Mining; Discrete Mathematics; Probability and Statistics,Algorithms and Data Structures; Applied Mathematics; Artificial Intelligence; Computer Science; Data Mining; Discrete Mathematics; Engineering; Mathematics; Probability and Statistics,18.05; 18.06SC; 18.100C,18.100C Real Analysis 18.06SC Linear Algebra 18.05 Introduction to Probability and Statistics,"Broadly speaking, Machine Learning refers to the automated identification of patterns in data. As such it has been a fertile ground for new statistical and algorithmic developments. The purpose of this course is to provide a mathematically rigorous introduction to these developments with emphasis on methods and their analysis. You can read more about Prof. Rigollet’s work and courses on his website.",Introduction; Binary Classification; Concentration Inequalities; Fast Rates and VC Theory; The VC Inequality; Covering Numbers; Chaining; Convexification; Boosting; Support Vector Machines; Gradient Descent; Projected Gradient Descent; Mirror Descent; Stochastic Gradient Descent; Prediction with Expert Advice; Follow the Perturbed Leader; Online Learning with Structured Experts; Stochastic Bandits; Prediction of Individual Sequences; Adversarial Bandits; Linear Bandits; Blackwell’s Approachability; Potential Based Approachability; Final Project Presentation; Binary Classification (This lecture notes is scribed by Jonathan Weed. ); Concentration Inequalities (This lecture notes is scribed by James Hirst. ); Fast Rates and VC Theory (This lecture notes is scribed by Cheng Mao. ); The VC Inequality (This lecture notes is scribed by Vira Semenova and Philippe Rigollet. ); Covering Numbers (This lecture notes is scribed by Ali Makhdoumi. ); Chaining (This lecture notes is scribed by Zach Izzo. ); Convexification (This lecture notes is scribed by Quan Li. ); Boosting (This lecture notes is scribed by Xuhong Zhang. ); Support Vector Machines (This lecture notes is scribed by Aden Forrow. ); Gradient Descent (This lecture notes is scribed by Kevin Li. ); Projected Gradient Descent (This lecture notes is scribed by Michael Traub. ); Mirror Descent (This lecture notes is scribed by Mina Karzand. ); Stochastic Gradient Descent (This lecture notes is scribed by Sylvain Carpentier. ); Prediction with Expert Advice (This lecture notes is scribed by Zach Izzo. ); Follow the Perturbed Leader (This lecture notes is scribed by Haihao Lu. ); Online Learning with Structured Experts ( ); Stochastic Bandits (This lecture notes is scribed by Haihao Lu. ); Prediction of Individual Sequences (This lecture notes is scribed by Kevin Li. ); Adversarial Bandits (This lecture notes is scribed by Vira Semenova. ); Linear Bandits (This lecture notes is scribed by Ali Makhdoumi. ); Blackwell’s Approachability (This lecture notes is scribed by Aden Forrow. ); Potential Based Approachability (This lecture notes is scribed by Jonathan Weed. ),https://ocw.mit.edu/courses/18-657-mathematics-of-machine-learning-fall-2015/
18.700_fall_2013,train,18.700,Linear Algebra,Mathematics,Undergraduate,fall_2013,175,Linear Algebra,Linear Algebra; Mathematics,18.02,18.02 Multivariable Calculus,"This course offers a rigorous treatment of linear algebra, including vector spaces, systems of linear equations, bases, linear independence, matrices, determinants, eigenvalues, inner products, quadratic forms, and canonical forms of matrices. Compared with 18.06 Linear Algebra , more emphasis is placed on theory and proofs.","Definition of vector spaces, properties; Subspaces, sums and direct sums; Span, independence, bases; Bases and dimension; Linear maps, null space / range; matrices, invertibility; Finite fields. Systems of equations.; Gaussian elimination; Counting over F p . Invariant subspaces.; Finding eigenvectors; Upper triangular and diagonal matrices; Eigen vectors overÂ R and F p; Inner products, Gram-Schmidt; Orthogonal projection, minimization; Adjoint, self-adjoint, normal; Spectral theorem; Positive operators; Isometries, polar decomposition; Generalized eigenspaces; Generalized eigenspace decomposition; Characteristic polynomial; Determinant; Trace, canonical commutation relations",https://ocw.mit.edu/courses/18-700-linear-algebra-fall-2013/
18.S096_fall_2015,train,18.S096,Topics in Mathematics of Data Science,Mathematics,Undergraduate,fall_2015,426,Applied Mathematics; Computer Science; Data Mining; Probability and Statistics,Applied Mathematics; Computer Science; Data Mining; Engineering; Mathematics; Probability and Statistics,18.05; 18.06SC,Working knowledge of 18.06SC Linear Algebra and 18.05 Introduction to Probability and Statistics is required. Some familiarity with the basics of optimization and algorithms is also recommended.,"This is a mostly self-contained research-oriented course designed for undergraduate students (but also extremely welcoming to graduate students) with an interest in doing research in theoretical aspects of algorithms that aim to extract information from data. These often lie in overlaps of two or more of the following: Mathematics, Applied Mathematics, Computer Science, Electrical Engineering, Statistics, and / or Operations Research.","Overview and Two Open Problems; Principal Component Analysis in High Dimensions and the Spike Model; Graphs, Diffusion Maps, and Semi-supervised Learning; Spectral Clustering and Cheeger’s Inequality; Concentration Inequalities, Scalar and Matrix Versions; Johnson-Lindenstrauss Lemma and Gordon’s Theorem; Local Convergence of Graphs and Enumeration of Spanning Trees; Compressed Sensing and Sparse Recovery; Group Testing and Error-Correcting Codes; Approximation Algorithms and Max-Cut; Community Detection and the Stochastic Block Model; Synchronization Problems and Alignment; Project Presentations; Project Report; Local Convergence of Graphs and Enumeration of Spanning Trees ( )",https://ocw.mit.edu/courses/18-s096-topics-in-mathematics-of-data-science-fall-2015/
18.S096_january-iap_2023,train,18.S096,Matrix Calculus for Machine Learning and Beyond,Mathematics,Undergraduate,january-iap_2023,414,Applied Mathematics; Linear Algebra,Applied Mathematics; Calculus; Linear Algebra; Mathematics,18.02; 18.06,Courses in linear algebra (such as 18.06 Linear Algebra ) and multivariate calculus (such as 18.02 Multivariable Calculus ),"We all know that calculus courses such as 18.01 Single Variable Calculus and 18.02 Multivariable Calculus cover univariate and vector calculus, respectively. Modern applications such as machine learning and large-scale optimization require the next big step, “matrix calculus” and calculus on arbitrary vector spaces. This class covers a coherent approach to matrix calculus showing techniques that allow you to think of a matrix holistically (not just as an array of scalars), generalize and compute derivatives of important matrix factorizations and many other complicated-looking operations, and understand how differentiation formulas must be reimagined in large-scale computing.",,https://ocw.mit.edu/courses/18-s096-matrix-calculus-for-machine-learning-and-beyond-january-iap-2023/
18.S190_spring_2020,test,18.S190,"Introduction to Computational Thinking with Julia, with Applications to Modeling the COVID-19 Pandemic",Electrical Engineering and Computer Science,Undergraduate,spring_2020,106,Algorithms and Data Structures; Applied Mathematics; Computer Science,Algorithms and Data Structures; Applied Mathematics; Computation; Computer Design and Engineering; Computer Networks; Computer Science; Engineering; Mathematics,,There are no prerequisites.,"This half-semester course introduces computational thinking through applications of data science, artificial intelligence, and mathematical models using the Julia programming language. This Spring 2020 version is a fast-tracked curriculum adaptation to focus on applications to COVID-19 responses. See the MIT News article Computational Thinking Class Enables Students to Engage in Covid-19 Response",,https://ocw.mit.edu/courses/18-s190-introduction-to-computational-thinking-with-julia-with-applications-to-modeling-the-covid-19-pandemic-spring-2020/
2.087_fall_2014,train,2.087,Engineering Math: Differential Equations and Linear Algebra,Mechanical Engineering,Undergraduate,fall_2014,310,Applied Mathematics; Linear Algebra,Applied Mathematics; Differential Equations; Engineering; Linear Algebra; Mathematics; Mechanical Engineering,,,"This course is about the mathematics that is most widely used in the mechanical engineering core subjects: An introduction to linear algebra and ordinary differential equations (ODEs), including general numerical approaches to solving systems of equations.","Course introduction: What are differential equations and linear algebra? How do engineers use them? Four examples of first order differential equations.; First-order equations: Constant source, step function (Heaviside), delta (Dirac), exponentials, real and complex sinusoids.; Recitation; First-order equations (continued): Separable equations, exact equations.; Second-order equations: Second derivatives in engineering, complex numbers, constant coefficient equations.; Second-order equations (continued): Forced oscillations, examples in electrical and mechanical systems, Laplace transforms.; Laplace transforms (continued): Graphical Methods: Direction fields, nonlinear equations, sources, sinks, saddles, and spirals.; Graphical and numerical methods: Linearization, stability, Euler’s method.; Linear systems of equations: Gaussian elimination, matrix multiplication.; Linear systems of equations: Matrix inverse. Existence and uniqueness of solutions. Column, row, null space.; Linear systems of equations (continued): Mechanical engineering examples.; Eigenvalues and eigenvectors: The eigenvalue problem. Diagonalization, exponentiation of a matrix.; Least squares and projection: Positive definite matrices. Singular value decomposition.",https://ocw.mit.edu/courses/2-087-engineering-math-differential-equations-and-linear-algebra-fall-2014/
2.161_fall_2008,train,2.161,Signal Processing: Continuous and Discrete,Mechanical Engineering,Graduate,fall_2008,410,Electrical Engineering,Computation; Digital Systems; Dynamics and Control; Electrical Engineering; Engineering; Mathematics; Mechanical Engineering; Signal Processing,2.003; 2.004; 2.14,"There is no stated prerequisite course for 2.161. Students entering this course are expected to have an undergraduate understanding of system dynamics and elementary linear system theory, such as provided by this department’s 2.003, 2.004, and 2.14 undergraduate sequence. There is no expectation of familiarity with discrete time signal processing. MATLAB will be used extensively throughout the course. Students will be expected to be able to create “.m” files.","This course provides a solid theoretical foundation for the analysis and processing of experimental data, and real-time experimental control methods. Topics covered include spectral analysis, filter design, system identification, and simulation in continuous and discrete-time domains. The emphasis is on practical problems with laboratory exercises.",The design of IIR filters (cont.); Non-parametric power spectral density estimation; Least-squares filter design; Adaptive filtering,https://ocw.mit.edu/courses/2-161-signal-processing-continuous-and-discrete-fall-2008/
21M.383_spring_2023,train,21M.383,Computational Music Theory and Analysis,Music,Undergraduate/Graduate,spring_2023,283,Probability and Statistics,Computation; Fine Arts; Mathematical Analysis; Mathematics; Music; Music History; Music Theory; Probability and Statistics,21M.301; 21M.302; 21M.303; 6.1010,"A background in music theory, e.g., 21M.301 Harmony and Counterpoint I , 21M.302 Harmony and Counterpoint II , or 21M.303 Writing in Tonal Forms I , and prior experience in computer programming, e.g., 6.1010 Fundamentals of Programming, is required or by permission from the instructor.","This course presents major approaches to computational music theory and musicology in the symbolic (score-based) domain. It covers algorithms for music theory, encoding, corpus studies, musical search and similarity, feature extraction and machine learning, music generation, and computational music perception. Other topics include repertory access and computational bias. Programming assignments are in Python using the MIT-created music21 toolkit.",,https://ocw.mit.edu/courses/21m-383-computational-music-theory-and-analysis-spring-2023/
6.0002_fall_2016,train,6.0002,Introduction to Computational Thinking and Data Science,Electrical Engineering and Computer Science,Undergraduate,fall_2016,309,Computer Science; Probability and Statistics,Computer Science; Engineering; Mathematics; Probability and Statistics,6.0001,6.0001 Introduction to Computer Science and Programming in Python or permission of the instructor.,"6.0002 is the continuation of 6.0001 Introduction to Computer Science and Programming in Python and is intended for students with little or no programming experience. It aims to provide students with an understanding of the role computation can play in solving problems and to help students, regardless of their major, feel justifiably confident of their ability to write small programs that allow them to accomplish useful goals. The class uses the Python 3.5 programming language.",Introduction and Optimization Problems; Optimization Problems; Graph-theoretic Models; Stochastic Thinking; Random Walks; Monte Carlo Simulation; Confidence Intervals; Sampling and Standard Error; Understanding Experimental Data; Understanding Experimental Data (cont.); Introduction to Machine Learning; Clustering; Classification; Classification and Statistical Sins; Statistical Sins and Wrap Up,https://ocw.mit.edu/courses/6-0002-introduction-to-computational-thinking-and-data-science-fall-2016/
6.006_fall_2011,test,6.006,Introduction to Algorithms,Electrical Engineering and Computer Science,Undergraduate,fall_2011,540,Algorithms and Data Structures; Computer Science,Algorithms and Data Structures; Computer Science; Engineering,6.01; 6.042J; 6.046,"A firm grasp of Python and a solid background in discrete mathematics are necessary prerequisites to this course. You are expected to have mastered the material presented in 6.01 Introduction to EECS I and 6.042J Mathematics for Computer Science . If you have not taken and been successful in each of these subjects, please speak with a TA or professor before enrolling. We do allow students who have equivalent, other experience with the material described above to enroll, but with the firm understanding that mastery of this material is assumed and that course staff will not feel obligated to cover it or to help students who are struggling with it. 6.006 is a 12-unit (4-0-8) subject and serves as a Foundational Computer Science subject under the new curriculum. It is a direct prerequisite for 6.046 Design and Analysis of Algorithms, the theory header.","This course provides an introduction to mathematical modeling of computational problems. It covers the common algorithms, algorithmic paradigms, and data structures used to solve these problems. The course emphasizes the relationship between algorithms and programming, and introduces basic performance measures and analysis techniques for these problems.","Algorithmic thinking, peak finding; Models of computation, Python cost model, document distance; Insertion sort, merge sort; Heaps and heap sort; Binary search trees, BST sort; AVL trees, AVL sort; Counting sort, radix sort, lower bounds for sorting and searching; Hashing with chaining; Table doubling, Karp-Rabin; Open addressing, cryptographic hashing; Integer arithmetic, Karatsuba multiplication; Square roots, Newton’s method; Breadth-first search (BFS); Depth-first search (DFS), topological sorting; Single-source shortest paths problem; Dijkstra; Bellman-Ford; Speeding up Dijkstra; Memoization, subproblems, guessing, bottom-up; Fibonacci, shortest paths; Parent pointers; text justification, perfect-information blackjack; String subproblems, psuedopolynomial time; parenthesization, edit distance, knapsack; Two kinds of guessing; piano/guitar fingering, Tetris training, Super Mario Bros.; Computational complexity; Algorithms research topics; Insertion sort, merge sort ( ); Heaps and heap sort ( )",https://ocw.mit.edu/courses/6-006-introduction-to-algorithms-fall-2011/
6.006_spring_2020,test,6.006,Introduction to Algorithms,Electrical Engineering and Computer Science,Undergraduate,spring_2020,554,Algorithms and Data Structures; Computer Science,Algorithms and Data Structures; Computation; Computer Science; Engineering; Mathematics; Theory of Computation,6.0001; 6.042J,"6.0001 Introduction to Computer Science and Programming in Python :Â Basic experience programming in Python 3. 6.042J Mathematics for Computer Science : Basic knowledge of discrete mathematics: set theory, relations and logic, combinatorics, proofs, recursion, number theory, graph theory, and probability. We strongly caution against taking 6.006 before having fulfilled the listed prerequisites. We will evaluate your understanding of the prerequisite material via a short Problem Set 0 assignment . All students must submit this evaluation, regardless of prerequisite status. We will assign each submission a letter grade. If you receive a C or below on the assignment, you will need to meet with a staff member to review your performance before you will be allowed to take the class. We will not grade any other assignments from you until a good faith attempt of Problem Set 0 has been submitted. The grade for this assignment will NOT affect your final grade in the class, but turning it in is required for taking this class.","This course is an introduction to mathematical modeling of computational problems, as well as common algorithms, algorithmic paradigms, and data structures used to solve these problems. It emphasizes the relationship between algorithms and programming and introduces basic performance measures and analysis techniques for these problems.",,https://ocw.mit.edu/courses/6-006-introduction-to-algorithms-spring-2020/
6.036_fall_2020,train,6.036,Introduction to Machine Learning,Electrical Engineering and Computer Science,Undergraduate,fall_2020,98,Algorithms and Data Structures; Artificial Intelligence; Computer Science,Algorithms and Data Structures; Artificial Intelligence; Computer Science; Engineering,,,"This course introduces principles, algorithms, and applications of machine learning from the point of view of modeling and prediction. It includes formulation of learning problems and concepts of representation, over-fitting, and generalization. These concepts are exercised in supervised learning and reinforcement learning, with applications to images and to temporal sequences. This course is part of the Open Learning Library, which is free to use. You have the option to sign up and enroll in the course if you want to track your progress, or you can view and use all the materials without enrolling.",,https://ocw.mit.edu/courses/6-036-introduction-to-machine-learning-fall-2020/
6.041_fall_2010,train,6.041,Probabilistic Systems Analysis and Applied Probability,Electrical Engineering and Computer Science,Undergraduate,fall_2010,279,Discrete Mathematics; Probability and Statistics; Systems Engineering,Discrete Mathematics; Engineering; Mathematics; Probability and Statistics; Systems Engineering,18.02; 6.431,"The prerequisite for 6.041/6.431 is 18.02 , or a year of college-level calculus for those with undergraduate degrees from other universities.","Welcome to 6.041/6.431, a subject on the modeling and analysis of random phenomena and processes, including the basics of statistical inference. Nowadays, there is broad consensus that the ability to think probabilistically is a fundamental component of scientific literacy. For example: The concept of statistical significance (to be touched upon at the end of this course) is considered by the Financial Times as one of “The Ten Things Everyone Should Know About Science”. A recent Scientific American article argues that statistical literacy is crucial in making health-related decisions. Finally, an article in the New York Times identifies statistical data analysis as an upcoming profession, valuable everywhere, from Google and Netflix to the Office of Management and Budget. The aim of this class is to introduce the relevant models, skills, and tools, by combining mathematics with conceptual understanding and intuition.","Probability models and axioms; Conditioning and Bayes’ rule; Independence; Counting; Discrete random variables; probability mass functions; expectations; Discrete random variable examples; joint PMFs; Multiple discrete random variables: expectations, conditioning, independence; Continuous random variables; Multiple continuous random variables; Continuous Bayes rule; derived distributions; Derived distributions; convolution; covariance and correlation; Iterated expectations; sum of a random number of random variables; Bernoulli process; Poisson process - I; Poisson process - II; Markov chains - I; Markov chains - II; Markov chains - III; Weak law of large numbers; Central limit theorem; Bayesian statistical inference - I; Bayesian statistical inference - II; Classical statistical inference - I; Classical inference - II; Classical inference - III; course overview",https://ocw.mit.edu/courses/6-041-probabilistic-systems-analysis-and-applied-probability-fall-2010/
6.041_spring_2006,train,6.041,Probabilistic Systems Analysis and Applied  Probability,Electrical Engineering and Computer Science,Undergraduate,spring_2006,682,Discrete Mathematics; Probability and Statistics,Discrete Mathematics; Mathematics; Probability and Statistics,18.02; 6.431,"The prerequisite for 6.041 and 6.431 is 18.02 , or a year of college level calculus for those with undergraduate degrees from other universities. Students who have not completed the prerequisite with a grade of A, B, C or P may not enroll.","This course is offered both to undergraduates (6.041) and graduates (6.431), but the assignments differ. 6.041/6.431 introduces students to the modeling, quantification, and analysis of uncertainty. Topics covered include: formulation and solution in sample space, random variables, transform techniques, simple random processes and their probability distributions, Markov processes, limit theorems, and elements of statistical inference.","Probability Models and Axioms; Set Notation, Terms and Operators (include De Morgan’s), Sample Spaces, Events, Probability Axioms and Probability Laws; Conditioning and Bayes’ Rule; Conditional Probability, Multiplication Rule, Total Probability Theorem, Baye’s Rule; Independence; Introduction to Independence, Conditional Independence; Baye’s Theorem, Independence and Pairwise Independence; Counting; Discrete Random Variables; Probability Mass Functions; Expectations; Counting; Discrete Random Variables, PMFs, Expectations; Probability, PMF, Means, Variances, and Independence; Conditional Expectation; Examples; Conditional Expectation, Examples; Multiple Discrete Random Variables; Multiple Discrete Random Variables, PMF; PMF, Conditioning and Independence; Continuous Random Variables - I; Continuous Random Variables, PMF, CDF; Continuous Random Variables - II; Marginal, Conditional Densities/Expected Values/Variances; Expectation and Variance, CDF Function, Expectation Theorem, Baye’s Theorem; Continuous Random Variables and Derived Distributions; Random Variables, Density Functions; More on Continuous Random Variables, Derived Distributions, Convolution; Derivation of the PMF/CDF from CDF, Derivation of Distributions from Convolutions (Discrete and Continuous); Transforms; Transforms, Properties and Uses; Transforms, Simple Continuous Convolution Problem; Iterated Expectations; Iterated Expectations, Random Sum of Random Variables; Sum of a Random Number of Random Variables; Expected Value and Variance; Iterated Expectation, Covariance/Independence with Gaussians, Random Sum of Random Variables; Prediction; Covariance and Correlation; Recitation 13; Weak Law of Large Numbers; Correlation, Estimation, Convergence in Probability; Signal-to-Noise Ratio, Chebyshev Inequality; Bernoulli Process; Bernoulli Process, Split Bernoulli Process; Poisson Process; Poisson Process, Concatenation of Disconnected Intervals; Two Instructive Drill Problems (One Bernoulli, One Poisson); Poisson Process Examples; Competing Exponentials, Poisson Arrivals; Markov Chains - I; Markov Chain, Recurrent State; Poisson Process, Conditional Expectation, Markov Chain; Markov Chains - II; Steady State Probabilities, Formulating a Markov Chain Model; Markov Chains - III; Conditional Probabilities for a Birth-death Process; Markov Chains: Steady State Behavior and Absorption Probabilities; Central Limit Theorem; Central Limit Theorem (cont.), Strong Law of Large Numbers; Counting Sections",https://ocw.mit.edu/courses/6-041-probabilistic-systems-analysis-and-applied-probability-spring-2006/
6.041SC_fall_2013,train,6.041SC,Probabilistic Systems Analysis and Applied Probability,Electrical Engineering and Computer Science,Undergraduate,fall_2013,997,Discrete Mathematics; Probability and Statistics; Systems Engineering,Discrete Mathematics; Engineering; Mathematics; Probability and Statistics; Systems Engineering,18.01; 18.02,"The prerequisites for this course are 18.01 Single Variable Calculus and 18.02 Multivariable Calculus Â Although this is not a mathematics course, it does rely on the language and some tools from mathematics. It requires a level of comfort with mathematical reasoning, familiarity with sequences, limits, infinite series, and the chain rule, as well as the ability to work with ordinary or multiple integrals.","This course introduces students to the modeling, quantification, and analysis of uncertainty. The tools of probability theory, and of the related field of statistical inference, are the keys for being able to analyze and make sense of data. These tools underlie important advances in many fields, from the basic sciences to engineering and management. Course Format This course has been designed for independent study. It provides everything you will need to understand the concepts covered in the course. The materials include: Lecture Videos by MIT Professor John Tsitsiklis Lecture Slides and Readings Recitation Problems and Solutions Recitation Help Videos by MIT Teaching Assistants Tutorial Problems and Solutions Tutorial Help Videos by MIT Teaching Assistants Problem Sets with Solutions Exams with Solutions Related Resource A complementary resource, Introduction to Probability , is provided by the videos developed for an EdX version of 6.041. These videos cover more or less the same content, in somewhat different order, and in somewhat more detail than the videotaped live lectures.",,https://ocw.mit.edu/courses/6-041sc-probabilistic-systems-analysis-and-applied-probability-fall-2013/
6.046J_spring_2012,train,6.046J,Design and Analysis of Algorithms,Electrical Engineering and Computer Science,Undergraduate,spring_2012,128,Algorithms and Data Structures; Computer Science,Algorithms and Data Structures; Computer Science; Engineering,,,"Techniques for the design and analysis of efficient algorithms, emphasizing methods useful in practice. Topics include sorting; search trees, heaps, and hashing; divide-and-conquer; dynamic programming; greedy algorithms; amortized analysis; graph algorithms; and shortest paths. Advanced topics may include network flow, computational geometry, number-theoretic algorithms, polynomial and matrix calculations, caching, and parallel computing.","Introduction, median finding, solving recurrences; Median finding, interval scheduling; Greedy algorithms, minimum spanning trees: Kruskal’s; Minimum spanning trees: Prim’s; Fast Fourier transform; Dynamic programming, all pairs shortest paths: Floyd-Warshall; All-pairs shortest paths II: Johnson’s; Randomized algorithms; Randomized algorithms, high probability bounds; Hashing; Amortized analysis; Competitive analysis; Network flows; van Emde Boas data structure; Advanced data structures: disjoint sets; P vs. NP; Approximation algorithms; Compression; Sub-linear time algorithms; Clustering; Derandomization; Computational geometry",https://ocw.mit.edu/courses/6-046j-design-and-analysis-of-algorithms-spring-2012/
6.046J_spring_2015,train,6.046J,Design and Analysis of Algorithms,Electrical Engineering and Computer Science,Undergraduate,spring_2015,623,Algorithms and Data Structures; Applied Mathematics; Computer Science,Algorithms and Data Structures; Applied Mathematics; Computer Networks; Computer Science; Cryptography; Engineering; Mathematics,18.062J; 6.006; 6.042J,"This course is the header course for the Theory of Computation concentration. You are expected, and strongly encouraged, to have taken: 6.006 Introduction to Algorithms 6.042J / 18.062J Mathematics for Computer Science Petitions for waivers will be considered by the course staff. Students will be responsible for material covered in prerequisites.","This is an intermediate algorithms course with an emphasis on teaching techniques for the design and analysis of efficient algorithms, emphasizing methods of application. Topics include divide-and-conquer, randomization, dynamic programming, greedy algorithms, incremental improvement, complexity, and cryptography.","Overview, Interval Scheduling; Divide & Conquer: Convex Hull, Median Finding; Divide & Conquer: Smarter Interval Scheduling, Master Theorem, Strassen’s Algorithm; Divide & Conquer: FFT; B-trees; Divide & Conquer: Van Emde Boas Trees; Amortization: Union-find; Amortization: Amortized Analysis; Randomization: Matrix Multiply, Quicksort; Randomization: Randomized Median; Randomization: Skip Lists; Randomization: Universal & Perfect Hashing; Dynamic Programming: More Examples; Augmentation: Range Trees; Dynamic Programming: Advanced DP; Dynamic Programming: All-pairs Shortest Paths; Greedy Algorithms: Minimum Spanning Tree; Greedy Algorithms: More Examples; Incremental Improvement: Max Flow, Min Cut; Incremental Improvement: Matching; Incremental Improvement: Applications of Network Flow & Matching; Linear Programming: LP, Reductions, Simplex; Complexity: P, NP, NP-completeness, Reductions; Complexity: More Reductions; Complexity: Approximation Algorithms; Complexity: Fixed-parameter Algorithms; Complexity: Approximations; Synchronous Distributed Algorithms: Symmetry-breaking. Shortest-paths Spanning Trees; Asynchronous Distributed Algorithms: Shortest-paths Spanning Trees; More Distributed Algorithms; Cryptography: Hash Functions; Cryptography: Encryption; Cryptography: More Primitives; Cache-oblivious Algorithms: Medians & Matrices; Cache-oblivious Algorithms: Searching & Sorting",https://ocw.mit.edu/courses/6-046j-design-and-analysis-of-algorithms-spring-2015/
6.079_fall_2009,test,6.079,Introduction to Convex Optimization,Electrical Engineering and Computer Science,Undergraduate,fall_2009,208,Applied Mathematics; Electrical Engineering; Systems Engineering,Applied Mathematics; Electrical Engineering; Engineering; Mathematics; Systems Engineering; Systems Optimization,,,"This course aims to give students the tools and training to recognize convex optimization problems that arise in scientific and engineering applications, presenting the basic theory, and concentrating on modeling aspects and results that are useful in applications. Topics include convex sets, convex functions, optimization problems, least-squares, linear and quadratic programs, semidefinite programming, optimality conditions, and duality theory. Applications to signal processing, control, machine learning, finance, digital and analog circuit design, computational geometry, statistics, and mechanical engineering are presented. Students complete hands-on exercises using high-level numerical software. Acknowledgements The course materials were developed jointly by Prof. Stephen Boyd (Stanford), who was a visiting professor at MIT when this course was taught, and Prof. Lieven Vanderberghe (UCLA).",Conclusions,https://ocw.mit.edu/courses/6-079-introduction-to-convex-optimization-fall-2009/
6.253_spring_2012,train,6.253,Convex Analysis and Optimization,Electrical Engineering and Computer Science,Graduate,spring_2012,284,Algorithms and Data Structures; Computer Science,Algorithms and Data Structures; Computer Science; Engineering; Mathematical Analysis; Mathematics,18.06; 18.100,"A course in linear algebra (preferably abstract) and a course in real analysis, such as 18.06 and 18.100 . Proofs will matter, but the rich geometry of the subject helps guide the mathematics.","This course will focus on fundamental subjects in convexity, duality, and convex optimization algorithms. The aim is to develop the core analytical and algorithmic issues of continuous optimization, duality, and saddle point theory using a handful of unifying principles that can be easily visualized and readily understood.","Basic convexity concepts; Convexity and optimization; Hyperplanes and conjugacy; Polyhedral convexity; Geometric duality framework; Duality theory: Lagrangian duality, Fenchel duality, conic duality, saddle point theory; Subgradients and optimality conditions; Algorithms: subgradient methods, polyhedral approximation methods, proximal and bundle methods, interior point methods, optimal algorithms and complexity",https://ocw.mit.edu/courses/6-253-convex-analysis-and-optimization-spring-2012/
6.341_fall_2005,train,6.341,Discrete-Time Signal Processing,Electrical Engineering and Computer Science,Graduate,fall_2005,601,Discrete Mathematics; Electrical Engineering,Digital Systems; Discrete Mathematics; Electrical Engineering; Engineering; Mathematics; Signal Processing,6.011,"This course presumes a level of solid understanding of LTI systems, discrete-time signals, sampling, Fourier transforms and bilateral z-transforms for both deterministic and stochastic signals. The primary course prerequisite for 6.341 is 6.011 . If you have not already taken 6.011 and have any doubts as to your understanding of these concepts, we strongly encourage you to take 6.011 before attempting 6.341. 6.341 will assume that you have previously seen and have fluency with the following material in the 6.341 text: All of Chapters 2 and 3 Chapter 4 through Section 4.5 Chapter 5 through Section 5.3 Appendix A The first problem set provides a basis for reviewing some of this background. Two days after Lec #4, there will be a diagnostic exam to test your understanding of the background basics. This exam will be designed with the expectation that students who are well prepared in the background will achieve at least an 80% grade. Performance in this exam will not be considered in the final grade but weak performance will be a strong indicator of weakness in your background and potential serious difficulty as we move into more advanced material. It is also important to understand clearly that this is a graduate subject. Consequently, in addition to the formal prerequisites, we assume you have an interest in and commitment to understanding concepts in depth.","This class addresses the representation, analysis, and design of discrete time signals and systems. The major concepts covered include: Discrete-time processing of continuous-time signals; decimation, interpolation, and sampling rate conversion; flowgraph structures for DT systems; time-and frequency-domain design techniques for recursive (IIR) and non-recursive (FIR) filters; linear prediction; discrete Fourier transform, FFT algorithm; short-time Fourier analysis and filter banks; multirate techniques; Hilbert transforms; Cepstral analysis and various applications. Acknowledgements I would like to express my thanks to Thomas Baran , Myung Jin Choi , and Xiaomeng Shi for compiling the lecture notes on this site from my individual lectures and handouts and their class notes during the semesters that they were students in the course. These lecture notes, the text book and included problem sets and solutions will hopefully be helpful as you learn and explore the topic of Discrete-Time Signal Processing.","Course Overview; Background Review: Phase, Group Delay, and Generalized Linear Phase; Minimum-phase and All-pass Systems; DT Processing of CT Signals and CT Processing of DT Signals: Fractional Delay; Sampling Rate Conversion; Quantization and Oversampled Noise Shaping; IIR, FIR Filter Structures; Filter Design: IIR Filters; Filter Design: FIR Filters; Multirate Systems and Polyphase Structures; Multirate Systems and Polyphase Structures (cont.); Linear Prediction and All-pole Modeling; The Levinson-Durbin Recursion; Guest Lecture: Gene Frantz; The Discrete Fourier Transform (DFT); Linear Filtering with the DFT; Spectral Analysis with the DFT; Periodogram; FFT Algorithms; The Goertzel Algorithm and the Chirp Transform; Short-time Fourier Analysis; Modulated Filter Bank; Caruso’s Orchestra",https://ocw.mit.edu/courses/6-341-discrete-time-signal-processing-fall-2005/
6.4210_fall_2022,train,6.4210,Robotic Manipulation,Electrical Engineering and Computer Science,Undergraduate/Graduate,fall_2022,127,Artificial Intelligence; Computer Science; Electrical Engineering,Artificial Intelligence; Computer Science; Electrical Engineering; Engineering; Robotics and Control Systems,,,"Introduces the fundamental algorithmic approaches for creating robot systems that can autonomously manipulate physical objects in unstructured environments such as homes and restaurants. Topics include perception (including approaches based on deep learning and approaches based on 3D geometry), planning (robot kinematics and trajectory generation, collision-free motion planning, task-and-motion planning, and planning under uncertainty), as well as dynamics and control (both model-based and learning-based). Homework assignments will guide students through building a software stack that will enable a robotic arm to autonomously manipulation objects in cluttered scenes (like a kitchen). A final project will allow students to dig deeper into a specific aspect of their choosing. The class has hardware available for ambitious final projects, but will also make heavy use of simulation using cloud resources.",,https://ocw.mit.edu/courses/6-4210-robotic-manipulation-fall-2022/
6.436J_fall_2018,test,6.436J,Fundamentals of Probability,Electrical Engineering and Computer Science,Graduate,fall_2018,530,Probability and Statistics,Mathematics; Probability and Statistics,18.02,"While the only formal prerequisite is 18.02 Multivariable Calculus , the course will assume some familiarity with elementary undergraduate probability and some mathematical maturity. A course in analysis will be helpful. It is not required, but be prepared to work harder if you have not had it.","This is a course on the fundamentals of probability geared towards first or second-year graduate students who are interested in a rigorous development of the subject. The course covers sample space, random variables, expectations, transforms, Bernoulli and Poisson processes, finite Markov chains, and limit theorems. There is also a number of additional topics such as: language, terminology, and key results from measure theory; interchange of limits and expectations; multivariate Gaussian distributions; and deeper understanding of conditional distributions and expectations.",Probabilistic Models and Probability Measures; Two Fundamental Probabalistic Models; Conditioning and Independence .; Random Variables; Discrete Random Variables and Their Expectations; More on Discrete Random Variables and Their Expectations; Abstract Integration I; Abstract Integration II; Product Measure and Fubini’s Theorem; Continous Random Variables I; Continous Random Variables II; Derived Distributions; Moment Generating Functions; Multivariate Normal Distributions; Multivariate Normal Distributions. Characteristic Functions; Convergence of Random Variables; Laws of Large Numbers I; Laws of Large Numbers II; Uniform Integrability. Convergence of Series; The Basics of Stochastic Processes; Markov Chains I; Markov Chains II; Markov Chains III; Infinite Markov Chains. Continuous Time Markov Chains; Martingales I; Martingales II,https://ocw.mit.edu/courses/6-436j-fundamentals-of-probability-fall-2018/
6.438_fall_2014,test,6.438,Algorithms for Inference,Electrical Engineering and Computer Science,Graduate,fall_2014,527,Algorithms and Data Structures; Computer Science; Probability and Statistics,Algorithms and Data Structures; Computer Science; Engineering; Graphics and Visualization; Mathematics; Probability and Statistics,18.06; 6.041; 6.436,"The official prerequisites are 6.041 Probabilistic Systems Analysis and Applied Probability or 6.436 Fundamentals of Probability , and 18.06 Linear Algebra , or their equivalents. Ultimately, what we require is fluency with both basic quantitative probabilistic analysis and linear algebra, together with some subsequent solid exposure to the engineering application of both.","This is a graduate-level introduction to the principles of statistical inference with probabilistic models defined using graphical representations. The material in this course constitutes a common foundation for work in machine learning, signal processing, artificial intelligence, computer vision, control, and communication. Ultimately, the subject is about teaching you contemporary approaches to, and perspectives on, problems of statistical inference.","Introduction, Overview, Preliminaries; Directed Graphical Models; Undirected Graphical Models; Factor Graphs; Generating And Converting Graphs; Minimal I-Maps, Chordal Graphs, Trees And Markov Chains; Gaussian Graphical Models; Inference On Graphs: Elimination Algorithm; Inference On Trees: Sum-Product Algorithm; Forward-Backward Algorithm, Sum-Product On Factor Graphs; Sum-Product On Factor Graphs, MAP Elimination; The Max-Product Algorithm; Gaussian Belief Propagation; Gaussian HMMs And Kalman Filtering; The Junction Tree Algorithm; Loopy Belief Propagation - Part I; Loopy Belief Propagation - Part II; Variational Inference; MCMC Methods And Approximate MAP; Approximate Inference By Particle Methods; Parameter Estimation In Directed Graphical Model; Parameter Estimation In Undirected Graphical Model; Estimating Structure Of Directed Graphical Model; Estimating Structure Of Undirected Graphical Model / Exponential Family; Parameter Estimation From Partial Observations: EM Algorithm; Factor Graphs and Comparing Graphical Model Types; Minimal I-Maps, Chordal Graphs, Trees, and Markov Chains; Inference On Graphs: The Elimination Algorithm; BP on Gaussian Hidden Markov Models: Kalman Filtering; Loopy Belief Propagation and its Properties; Markov Chain Monte Carlo Methods and Approximate MAP; Approximate Inference: Importance Sampling and Particle Filters; Learning Graphical Models; Learning Parameters of an Undirected Graphical Model; Parameter Estimation from Partial Observations; Learning Structure in Directed Graphs; Learning Exponential Family Models",https://ocw.mit.edu/courses/6-438-algorithms-for-inference-fall-2014/
6.7220J_spring_2025,train,6.7220J,Nonlinear Optimization,Electrical Engineering and Computer Science,Graduate,spring_2025,930,Applied Mathematics; Computer Science; Systems Engineering,Applied Mathematics; Computer Science; Engineering; Mathematics; Systems Engineering; Systems Optimization; Theory of Computation,18.06; 18.100A; 18.100B; 18.100Q,"18.06 Linear Algebra and one of 18.100A Real Analysis , 18.100B Real Analysis , or 18.100Q Real Analysis.","This course offers a unified analytical and computational approach to nonlinear optimization problems. Unconstrained optimization methods include gradient, conjugate direction, Newton, sub-gradient, and first-order methods. Constrained optimization methods include feasible directions, projection, interior point methods, and Lagrange multiplier methods. The curriculum covers convex analysis, Lagrangian relaxation, and nondifferentiable optimization, as well as applications in integer programming. It provides a comprehensive treatment of optimality conditions and Lagrange multipliers. The course also utilizes a geometric approach to duality theory. Finally, applications are drawn from control, communications, machine learning, and resource allocation problems.",,https://ocw.mit.edu/courses/6-7220j-nonlinear-optimization-spring-2025/
6.7960_fall_2024,train,6.7960,Deep Learning,Electrical Engineering and Computer Science,Undergraduate/Graduate,fall_2024,171,Artificial Intelligence; Computer Science,Artificial Intelligence; Computer Science; Engineering; Graphics and Visualization,18.05; 6.3720; 6.3900,"Students in this course should have previously taken 18.05 Introduction to Probability and Statistics and one of the following three courses: 6.3720 Introduction to Statistical Data Analysis , 6.3900 Introduction to Machine Learning , or 6.C01 Modeling with Machine Learning: from Algorithms to Applications .","This course covers the fundamentals of deep learning, including both theory and applications. Topics include neural net architectures (MLPs, CNNs, RNNs, graph nets, transformers), geometry and invariances in deep learning, backpropagation and automatic differentiation, learning theory and generalization in high dimensions, and applications to computer vision, natural language processing, and robotics. This course is supported for the 2026-2027 academic year in part by: Dr. Michael Borowitz SB ’71 Steven R. Weiss SB ‘66",,https://ocw.mit.edu/courses/6-7960-deep-learning-fall-2024/
6.801_fall_2004,train,6.801,Machine Vision,Electrical Engineering and Computer Science,Undergraduate,fall_2004,133,Artificial Intelligence; Computer Science; Electrical Engineering; Systems Engineering,Artificial Intelligence; Computational Modeling and Simulation; Computer Science; Electrical Engineering; Engineering; Robotics and Control Systems; Signal Processing; Systems Engineering,,,"Machine Vision provides an intensive introduction to the process of generating a symbolic description of an environment from an image. Lectures describe the physics of image formation, motion vision, and recovering shapes from shading. Binary image processing and filtering are presented as preprocessing steps. Further topics include photogrammetry, object representation alignment, analog VLSI and computational vision. Applications to robotics and intelligent machine interaction are discussed.",Shape from Shading; Shape from Gradient (cont.); Binary Image Processing (cont.); The Euler Equations and their Applications; Optical Flow; Optical Flow (cont.),https://ocw.mit.edu/courses/6-801-machine-vision-fall-2004/
6.801_fall_2020,train,6.801,Machine Vision,Electrical Engineering and Computer Science,Undergraduate,fall_2020,431,Artificial Intelligence; Computer Science,Artificial Intelligence; Computer Science; Engineering; Graphics and Visualization,6.003,6.003 Signal Processing Â or permission of the instructor.Â,"This course is an introduction to the process of generating a symbolic description of the environment from an image. It covers the physics of image formation, image analysis, binary image processing, and filtering. Machine vision has applications in robotics and the intelligent interaction of machines with their environment. Students taking the graduate version complete additional assignments.","Overview and image formation. Where will it image? How bright will it be? How can we invert image formation?; Image formation, perspective projection, time derivative, and motion field; Time to contact, focus of expansion, direct motion vision methods, and noise gain; Fixed optical flow, optical mouse, constant brightness assumption, and closed form solution; TTC and FOR Montivision demos, vanishing point, and use of VPs in camera calibration; Photometric Stereo, noise Gain, error amplification, eigenvalues, and eigenvectors review; Gradient space, reflectance map, image irradiance equation, and gnomonic projection; Shape from shading in special cases, lunar surface, scanning electron microscope, and Green’s theorem in photometric stereo; Shape from shading in general caseâfrom first order nonlinear PDE to five ODEs; Characteristic strip expansion, shape from shading, and iterative solutions; Edge detection, subpixel position, CORDIC, and line detection (US Patent 6,408,109); Blob analysis, binary image processing, use of Green’s theorem, and derivative and integral as convolutions; Object detection, recognition and pose determination, and PatQuick (US Patent 7,016,539); Inspection in PatQuick, Hough transform, homography, position determination, and multi-scale; Alignment, recognition in PatMAx, distance field, and filtering and sub-sampling (US Patent 7,065,262); Fast convolution, low pass filter approximations, and integral images (US Patent 6,457,032); Photogrammetry, orientation, axes of inertia, symmetry, and absolute, relative, interior, and exterior orientation; Rotation and how to represent it, unit quaternions, and the space of rotations; Absolute orientation in closed form, outliers and robusteness, and RANSAC; Space of rotations, regular tesselations, and critical surfaces in motion vision and binocular stereo; Relative orientation, binocular stereo, structure from motion, quadrics, camera calibration, and reprojection; Exterior orientation, recovering position and orientation, bundle adjustment, and object shape; Gaussian image and extended Gaussian image, solids of revolution, direction histograms, and regular polyhedra; Putting it all together",https://ocw.mit.edu/courses/6-801-machine-vision-fall-2020/
6.8300_spring_2025,test,6.8300,Advances in Computer Vision,Electrical Engineering and Computer Science,Graduate,spring_2025,112,Artificial Intelligence; Computer Science,Artificial Intelligence; Computer Science; Engineering,,,"This course dives into advanced concepts in computer vision. A first focus is geometry in computer vision, including image formation, representation theory for vision, classic multi-view geometry, multi-view geometry in the age of deep learning, differentiable rendering, neural scene representations, correspondence estimation, optical flow computation, and point tracking. Next, we explore generative modeling and representation learning including image and video generation, guidance in diffusion models, and conditional probabilistic models, as well as representation learning in the form of contrastive and masking-based methods. Finally, we will explore the intersection of robotics and computer vision with “vision for embodied agents,” investigating the role of vision for decision-making, planning and control.",,https://ocw.mit.edu/courses/6-8300-advances-in-computer-vision-spring-2025/
6.832_spring_2009,train,6.832,Underactuated Robotics,Electrical Engineering and Computer Science,Graduate,spring_2009,600,Artificial Intelligence; Computer Science; Electrical Engineering,Artificial Intelligence; Computer Science; Electrical Engineering; Engineering; Robotics and Control Systems,16.405J; 2.12; 2.165; 6.141J; 6.302; 6.867,"Students actively engaged in robotics or related research should have all of the necessary prerequisites. Relevant course include introductory classes in robotics ( 6.141J/16.405J Robotics: Science and Systems I, 2.12 Introduction to Robotics , and 2.165 Robotics or equivalent), control ( 6.302 Feedback Systems ), and machine learning ( 6.867 Machine Learning ). Some familiarity with MATLABÂ® is recommended. Students from all departments are welcome.","Robots today move far too conservatively, using control systems that attempt to maintain full control authority at all times. Humans and animals move much more aggressively by routinely executing motions which involve a loss of instantaneous control authority. Controlling nonlinear systems without complete control authority requires methods that can reason about and exploit the natural dynamics of our machines. This course discusses nonlinear dynamics and control of underactuated mechanical systems, with an emphasis on machine learning methods. Topics include nonlinear dynamics of passive robots (walkers, swimmers, flyers), motion planning, partial feedback linearization, energy-shaping control, analytical optimal control, reinforcement learning/approximate optimal control, and the influence of mechanical design on control. Discussions include examples from biology and applications to legged locomotion, compliant manipulation, underwater robots, and flying machines. Acknowledgments Professor Tedrake would like to thank John Roberts for his help with the course and videotaping the lectures.","Nonlinear dynamics of the simple pendulum; Dynamic programming and value interation: grid world, double integrator, and pendulum examples; Acrobot and cart-pole: controllability, partial feedback linearization (PFL), and energy shaping; Acrobot and cart-pole (cont.); Policy search: open-loop optimal control, direct methods, and indirect methods; Policy search (cont.): trajectory stabilization, iterative linear quadratic regulator (iLQR), differential dynamic programming (DDP); Simple walking models: rimless wheel, compass gait, kneed compass gait; Feedback control for simple walking models; Simple running models: spring-loaded inverted pendulum (SLIP), Raibert hoppers; Motion planning: Dijkstra’s, A-star; Randomized motion planning: rapidly-exploring randomized trees and probabilistic road maps; Feedback motion planning: planning with funnels, linear quadratic regulator (LQR) trees; Function approximation and system identification; Model systems with uncertainty: state distribution dynamics and state estimation; Stochastic optimal control; Aircraft; Swimming and flapping flight; Randomized policy gradient; Randomized policy gradient (cont.); Model-free value methods: temporal difference learning and Q-learning; Final project presentations",https://ocw.mit.edu/courses/6-832-underactuated-robotics-spring-2009/
6.852J_fall_2009,train,6.852J,Distributed Algorithms,Electrical Engineering and Computer Science,Graduate,fall_2009,1221,Algorithms and Data Structures; Computer Science,Algorithms and Data Structures; Computer Science; Engineering; Theory of Computation,18.400J; 18.404J; 18.410J; 18.437; 6.033; 6.045J; 6.046J; 6.840J; 6.852,"To take 6.852/18.437, you should have: “Mathematical maturity.” In particular, you should be very good at reading and writing mathematical proofs. General knowledge about some distributed systems. For instance, MIT’s undergraduate course 6.033 Computer System Engineering would be good background. Experience with sequential algorithms and their analysis. MIT’s undergraduate course 6.046J/18.410J Design and Analysis of Algorithms is sufficient. Experience with formal models of computation (desirable, but not essential). MIT’s courses 6.045J/18.400J Automata, Computability, and Complexity or 18.404J/6.840J Theory of Computation would be fine for this.","Distributed algorithms are algorithms designed to run on multiple processors, without tight centralized control. In general, they are harder to design and harder to understand than single-processor sequential algorithms. Distributed algorithms are used in many practical systems, ranging from large computer networks to multiprocessor shared-memory systems. They also have a rich theory, which forms the subject matter for this course. The core of the material will consist of basic distributed algorithms and impossibility results, as covered in Prof. Lynch’s book Distributed Algorithms . This will be supplemented by some updated material on topics such as self-stabilization, wait-free computability, and failure detectors, and some new material on scalable shared-memory concurrent programming.","Course overview. Synchronous networks. Leader election in synchronous ring networks.; Leader election in rings. Basic computational tasks in general synchronous networks: leader election. Breadth-first search. Broadcast and convergecast. Shortest paths.; Spanning trees. Minimum spanning trees.; Fault-tolerant consensus. Link failures: the two generals problem. Process failures (stopping, Byzantine). Algorithms for agreement with stopping and Byzantine failures. Exponential information gathering.; Number-of-processor bounds for Byzantine agreement. Weak Byzantine agreement. Time bounds for consensus problems.; k -set-agreement. Approximate agreement. Distributed commit.; Asynchronous distributed computing. Formal modeling of asynchronous systems using interacting state machines (I/O automata). Proving correctness of distributed algorithms.; Non-fault-tolerant algorithms for asynchronous networks. Leader election, breadth-first search, shortest paths, broadcast and convergecast.; Spanning trees. Gallager et al . minimum spanning trees.; Synchronizers. Synchronizer applications. Synchronous vs. asynchronous distributed systems.; Time, clocks, and the ordering of events. State-machine simulation. Vector timestamps.; Stable property detection. Distributed termination. Global snapshots. Deadlock detection.; Asynchronous shared-memory systems. The mutual exclusion problem. Mutual exclusion algorithms.; More mutual exclusion algorithms. Bounds on shared memory for mutual exclusion. Resource allocation. The Dining Philosophers problem.; Shared-memory multiprocessors. Contention, caching, locality. Practical mutual exclusion algorithms. Reading/writing locks.; Impossibility of consensus in asynchronous, fault-prone, shared-memory systems.; Atomic objects; Atomic snapshot algorithms. Atomic read/write register algorithms.; List algorithms: locking algorithms, optimistic algorithms, lock-free algorithms, lazy algorithms.; Transactional memory: obstruction-free and lock-based implementations.; Wait-free computability. The wait-free consensus hierarchy.; Wait-free vs. f -fault-tolerant atomic objects. Boosting fault-tolerance.; Asynchronous network model vs. asynchronous shared-memory model. Impossibility of consensus in asynchronous networks. Failure detectors and consensus. Paxos consensus algorithm.; Self-stabilizing algorithms; Timing-based systems. Modeling and verification. Timing-based algorithms for mutual exclusion and consensus. Clock synchronization.",https://ocw.mit.edu/courses/6-852j-distributed-algorithms-fall-2009/
6.864_fall_2005,test,6.864,Advanced Natural Language Processing,Electrical Engineering and Computer Science,Graduate,fall_2005,354,Artificial Intelligence; Computer Science,Artificial Intelligence; Cognitive Science; Computer Science; Engineering; Humanities; Linguistics; Science; Theory of Computation,6.034; 6.046J,"MIT courses 6.034 and 6.046J, or permission of instructor","This course is a graduate introduction to natural language processing - the study of human language from a computational perspective. It covers syntactic, semantic and discourse processing models, emphasizing machine learning or corpus-based methods and algorithms. It also covers applications of these methods and models in syntactic parsing, information extraction, statistical machine translation, dialogue systems, and summarization. The subject qualifies as an Artificial Intelligence and Applications concentration subject.","Introduction and Overview; Parsing and Syntax I; Smoothed Estimation, and Language Modeling; Parsing and Syntax II; The EM Algorithm; The EM Algorithm Part II; Lexical Similarity; Lexical Similarity (cont.); Log-Linear Models; Tagging and History-based Models; Grammar Induction; Computational Modeling of Discourse; Text Segmentation; Local Coherence and Coreference; Machine Translation; Machine Translation (cont.); Graph-based Methods for NLP Applications; Word Sense Disambiguation; Global Linear Models; Global Linear Models Part II; Dialogue Processing; Dialogue Processing (cont.); Guest Lecture: Stephanie Seneff; Text Summarization; Machine Translation (cont.) ( )",https://ocw.mit.edu/courses/6-864-advanced-natural-language-processing-fall-2005/
6.867_fall_2006,train,6.867,Machine Learning,Electrical Engineering and Computer Science,Graduate,fall_2006,327,Algorithms and Data Structures; Artificial Intelligence; Computer Science; Probability and Statistics,Algorithms and Data Structures; Artificial Intelligence; Cognitive Science; Computer Science; Engineering; Mathematics; Probability and Statistics; Science,,,"6.867 is an introductory course on machine learning which gives an overview of many concepts, techniques, and algorithms in machine learning, beginning with topics such as classification and linear regression and ending up with more recent topics such as boosting, support vector machines, hidden Markov models, and Bayesian networks. The course will give the student the basic ideas and intuition behind modern machine learning methods as well as a bit more formal understanding of how, why, and when they work. The underlying theme in the course is statistical inference as it provides the foundation for most of the methods covered.","Introduction, linear classification, perceptron update rule; Perceptron convergence, generalization; Maximum margin classification; Classification errors, regularization, logistic regression; Linear regression, estimator bias and variance, active learning; Active learning (cont.), non-linear predictions, kernals; Kernal regression, kernels; Support vector machine (SVM) and kernels, kernel optimization; Model selection; Model selection criteria; Description length, feature selection; Combining classifiers, boosting; Boosting, margin, and complexity; Margin and generalization, mixture models; Mixtures and the expectation maximization (EM) algorithm; EM, regularization, clustering; Clustering; Spectral clustering, Markov models; Hidden Markov models (HMMs); HMMs (cont.); Bayesian networks; Learning Bayesian networks; Current problems in machine learning, wrap up",https://ocw.mit.edu/courses/6-867-machine-learning-fall-2006/
6.S087_january-iap_2024,train,6.S087,Foundation Models and Generative AI,Electrical Engineering and Computer Science,Undergraduate,january-iap_2024,124,Artificial Intelligence; Computer Science,Artificial Intelligence; Computer Science; Engineering,,,"ChatGPT, Copilot, CLIP, Dall-E, Stable-Diffusion, AlphaFold, self-driving cars—is now the time that artificial intelligence (AI) lives up to all its hype? What’s the secret sauce behind these recent breakthroughs within AI? They’re called foundation models and generative AI, and it is changing everything. With the help of it, some believe that artificial general intelligence (AGI) has already been achieved. In this non-technical series of lectures, we will start with a short history of AI, then move on to with what supervised learning and reinforcement learning is missing, and conclude with the deep practical and foundational implications foundation models and how we arrive at them via self-supervised learning. We cover applications in both science and business. All backgrounds are welcome.",,https://ocw.mit.edu/courses/6-s087-foundation-models-and-generative-ai-january-iap-2024/
6.S191_january-iap_2026,train,6.S191,Introduction to Deep Learning,Electrical Engineering and Computer Science,Undergraduate,january-iap_2026,89,Artificial Intelligence; Computer Science,Artificial Intelligence; Computer Science; Engineering; Graphics and Visualization; Software Design and Engineering,,,"This is MIT’s introductory course on deep learning methods with applications to computer vision, natural language processing, biology, and more! Students will gain foundational knowledge of deep learning algorithms and get practical experience in building neural networks in TensorFlow. Course concludes with a project proposal competition with feedback from staff and panel of industry sponsors. Prerequisites assume calculus (i.e. taking derivatives) and linear algebra (i.e. matrix multiplication), and we’ll try to explain everything else along the way! Experience in Python is helpful but not necessary.",,https://ocw.mit.edu/courses/6-s191-introduction-to-deep-learning-january-iap-2020/
6.S897_spring_2019,train,6.S897,Machine Learning for Healthcare,Electrical Engineering and Computer Science,Graduate,spring_2019,582,Artificial Intelligence; Computer Science,Artificial Intelligence; Computer Science; Engineering; Health and Medicine; Human-Computer Interfaces; Medical Imaging; Public Health,6.036; 6.806; 6.860J; 6.862; 6.864; 9.520J,This course requires at least an undergraduate level of machine learning which can be satisfied byÂ 6.036 Introduction to Machine Learning or 6.862 Applied Machine Learning or 6.867Â Machine Learning or 9.520J/6.860J Statistical Learning Theory and Applications Â or 6.806/6.864 Advanced Natural Language Processing or 6.438Â Algorithms for Inference or 6.034Â Artificial Intelligence .,"This course introduces students to machine learning in healthcare, including the nature of clinical data and the use of machine learning for risk stratification, disease progression modeling, precision medicine, diagnosis, subtype discovery, and improving clinical workflows.","Introduction: What Makes Healthcare Unique?; Overview of Clinical Care; DeepÂ Dive into Clinical Data; Risk Stratification, Part 2; Physiological Time-Series; Natural Language Processing (NLP), Part 2; Machine Learning for Differential Diagnosis; Causal Inference, Part 1; CausalÂ Inference, Part 2; Disease Progression & Subtyping, Part 1; Disease Progression & Subtyping, Part 2; Precision Medicine; Automating Clinical Workflows; Fairness; Robustness to Dataset Shift; Interpretability",https://ocw.mit.edu/courses/6-s897-machine-learning-for-healthcare-spring-2019/
6.S980_fall_2022,test,6.S980,Machine Learning for Inverse Graphics,Electrical Engineering and Computer Science,Graduate,fall_2022,79,Artificial Intelligence; Computer Science,Artificial Intelligence; Computer Science; Engineering; Graphics and Visualization,,,"This course covers fundamental and advanced techniques in this field at the intersection of computer vision, computer graphics, and geometric deep learning. It will lay the foundations of how cameras see the world, how we can represent 3D scenes for artificial intelligence, how we can learn to reconstruct these representations from only a single image, how we can guarantee certain kinds of generalizations, and how we can train these models in a self-supervised way.",,https://ocw.mit.edu/courses/6-s980-machine-learning-for-inverse-graphics-fall-2022/
8.044_spring_2013,test,8.044,Statistical Physics I,Physics,Undergraduate,spring_2013,321,Probability and Statistics,Mathematics; Physics; Probability and Statistics; Science; Thermodynamics,18.03; 8.03; 8.04,"8.03 Physics III: Vibrations and Waves , 18.03 Differential Equations . Concurrent Enrollment in 8.04 Quantum Physics I is recommended.","This course offers an introduction to probability, statistical mechanics, and thermodynamics. Numerous examples are used to illustrate a wide variety of physical phenomena such as magnetism, polyatomic gases, thermal radiation, electrons in solids, and noise in electronic devices. This course is an elective subject in MIT’s undergraduate Energy Studies Minor. This Institute-wide program complements the deep expertise obtained in any major with a broad understanding of the interlinked realms of science, technology, and social sciences as they relate to energy and associated environmental challenges.","Â Probability: 1 Random Variable; Â Probability: 2 or More Random Variables; Â Probability: Functions of a Random Variable; Â Probability: Sums of RVs and Central Limit Theorem; Â Thermodynamic Variables and State Functions; Â The First Law and Paths; Â Statistical Mechanics and the Microcanonical Ensemble; Â Entropy, Temperature, and the Second Law; Â Entropy as a Thermodynamic Variable; Â Maxwell Relations and Thermodynamic Potentials; Â Heat Engines and Carnot Cycles; Â Derivation of the Canonical Ensemble; Â Examples Using the Canonical Ensemble; Â Polyatomic Gases; Â Black Body Radiation; Â Paramagnets; Â Quantum States of Many-particle Systems; Â Chemical Potential and Grand Canonical Ensemble; Â Density of States and Free Fermi Gas; Â Stellar Configurations and White Dwarfs; Â Interesting and Counter-Intuitive Examples; Â Bose-Einstein Condensation",https://ocw.mit.edu/courses/8-044-statistical-physics-i-spring-2013/
8.333_fall_2013,train,8.333,Statistical Mechanics I:  Statistical Mechanics of Particles,Physics,Graduate,fall_2013,472,Probability and Statistics,Mathematics; Particle Physics; Physics; Probability and Statistics; Quantum Mechanics; Science; Thermodynamics,8.044; 8.05,8.044 Elementary Statistical Mechanics and 8.05 Quantum Physics II .,"Statistical Mechanics is a probabilistic approach to equilibrium properties of large numbers of degrees of freedom. In this two-semester course, basic principles are examined. Topics include: Thermodynamics, probability theory, kinetic theory, classical statistical mechanics, interacting systems, quantum statistical mechanics, and identical particles.","Fundamental Definitions, The Zeroth Law, The First Law; The Second Law, Carnot Engines and Thermodynamic Temperature, Entropy; Approach to Equilibrium and Thermodynamic Potentials, Useful Mathematical Results; Stability Conditions, The Third Law; General Definitions, One Random Variable, Some Important Probability Distributions; Recitation; Many Random Variables, Sums of Random Variables and the Central Limit Theorem, Rules for Large Numbers, Information, Entropy, and Estimation; General Definitions, Liouville’s Theorem; The Bogoliubov-Born-Green-Kirkwood-Yvon Hierarchy, The Boltzmann Equation; The H-Theorem and Irreversibility, Equilibrium Properties; Conservation Laws; Zeroth Order Hydrodynamics, First Order Hydrodynamics; General Definitions, The Microcanonical Ensemble, Two-Level Systems; The Ideal Gas, Mixing Entropy and Gibbs’ Paradox, The Canonical Ensemble; Examples, The Gibbs Canonical Ensemble, The Grand Canonical Ensemble; The Cumulant Expansion; The Cluster Expansion; The Second Virial Coefficient and Van der Waals Equation, Breakdown of the Van der Waals Equation, Mean Field Theory of Condensation; Variational Methods, Corresponding States, Critical Point Behavior; Mean field theory of condensation, Corresponding states, Critical point behavior (from L17 & L18); Dilute Polyatomic Gases, Vibrations of a Solid, Black-body Radiation; Quantum Microstates, Quantum Macrostates; Hilbert Space of Identical Particles; Canonical Formulation, Grand Canonical Formulation; The Degenerate Fermi Gas; The Degenerate Bose Gas; Superfluid He 4",https://ocw.mit.edu/courses/8-333-statistical-mechanics-i-statistical-mechanics-of-particles-fall-2013/
8.334_spring_2014,train,8.334,Statistical Mechanics II: Statistical Physics of Fields,Physics,Graduate,spring_2014,332,Probability and Statistics,Mathematics; Physics; Probability and Statistics; Science; Theoretical Physics; Thermodynamics,8.333,8.333 Statistical Mechanics,"This is the second term in a two-semester course on statistical mechanics. Basic principles are examined in this class, such as the laws of thermodynamics and the concepts of temperature, work, heat, and entropy. Topics from modern statistical mechanics are also explored, including the hydrodynamic limit and classical field theories.","Collective Behavior, from Particles to Fields; Collective Behavior, from Particles to Fields (cont.); The Landau-Ginzburg Approach (cont.); Recitation; The Scaling Hypothesis; The Scaling Hypothesis (cont.); Perturbative Renormalization Group; Perturbative Renormalization Group (cont.); Recitation (Review for Test); In-class Test 1; Position Space Renormalization Group; Position Space Renormalization Group (cont.); Series Expansions; Series Expansions (cont.); Continuous Spins at Low Temperatures; Continuous Spins at Low Temperatures (cont.); In-class Test 2; Dissipative Dynamics; In-class Test 3",https://ocw.mit.edu/courses/8-334-statistical-mechanics-ii-statistical-physics-of-fields-spring-2014/
9.520_spring_2003,train,9.520,Statistical Learning Theory and Applications,Brain and Cognitive Sciences,Graduate,spring_2003,582,Algorithms and Data Structures; Artificial Intelligence; Computer Science; Probability and Statistics,Algorithms and Data Structures; Artificial Intelligence; Cognitive Science; Computer Science; Engineering; Mathematics; Probability and Statistics; Science,18.02; 6.893; 9.641,"18.02, 9.641, 6.893 or permission of instructor. In practice, a substantial level of mathematical maturity is necessary. Familiarity with probability and functional analysis will be very helpful. We try to keep the mathematical prerequisites to a minimum, but we will introduce complicated material at a fast pace.","Focuses on the problem of supervised learning from the perspective of modern statistical learning theory starting with the theory of multivariate function approximation from sparse data. Develops basic tools such as Regularization including Support Vector Machines for regression and classification. Derives generalization bounds using both stability and VC theory. Discusses topics such as boosting and feature selection. Examines applications in several areas: computer vision, computer graphics, text classification and bioinformatics. Final projects and hands-on applications and exercises are planned, paralleling the rapidly increasing practical uses of the techniques described in the subject.","The Course at a Glance; The Learning Problem in Perspective; Regularization and Reproducing Kernel Hilbert Spaces; Regression and Least-Squares Classification; Support Vector Machines for Classification; Generalization Bounds, Intro to Stability; Stability of Tikhonov Regularization; Consistency and Uniform Convergence over Function Classes; Necessary and Sufficient Conditions for Uniform Convergence; Bagging and Boosting; Computer Vision, Object Detection; Loose Ends; Approximation Theory; RKHS, Mercer Thm, Unbounded Domains, Frames and Wavelets; Bioinformatics; Text; Regularization Networks; Morphable Models for Video; Bayesian Interpretations; Multiclass Classification; Stability and Glivenko-Cantelli Classes; Symmetrization, Rademacher Averages; Project Presentations; Lagrange Multipliers/Convex Optimization; Functional Analysis; SVM Rules of Thumb; The Course at a Glance Summary; The Learning Problem in Perspective Summary Slides; Regularization and Reproducing Kernel Hilbert Spaces Summary Slides; Regression and Least-Squares Classification Summary Slides; Support Vector Machines for Classification Summary Slides; Generalization Bounds, Introduction to Stability Summary Slides; Stability of Tikhonov Regularization Summary Slides; Consistency and Uniform Convergence Over Function Classes Summary Slides; Necessary and Sufficient Conditions for Uniform Convergence SummaryÂ Slides; Bagging and Boosting Summary Slides; Computer Vision, Object Detection Summary; Approximation Theory Summary Slides; RKHS, Mercer Thm, Unbounded Domains, Frames and Wavelets Summary Slides; Bioinformatics Summary; Text Summary Slides; Regularization Networks Summary Slides; Morphable Models for Video Summary; Bayesian Interpretations Summary Slides; Multiclass Classification Summary Slides; Stablity and Glivenko-Cantelli Classes; Math Camp 1: Functional Analysis Summary Slides; Math Camp 2: Lagrange Multipliers/Convex Optimization Summary; SVM Rules of Thumb Summary",https://ocw.mit.edu/courses/9-520-statistical-learning-theory-and-applications-spring-2003/
9.520_spring_2006,train,9.520,Statistical Learning Theory and Applications,Brain and Cognitive Sciences,Graduate,spring_2006,357,Probability and Statistics,Biology; Cognitive Science; Computation and Systems Biology; Mathematics; Neuroscience; Probability and Statistics; Science,18.02; 6.893; 9.641J,"18.02, 9.641J, 6.893 or permission of instructor. In practice, a substantial level of mathematical maturity is necessary. Familiarity with probability and functional analysis will be very helpful. We try to keep the mathematical prerequisites to a minimum, but we will introduce complicated material at a fast pace.","This course is for upper-level graduate students who are planning careers in computational neuroscience. This course focuses on the problem of supervised learning from the perspective of modern statistical learning theory starting with the theory of multivariate function approximation from sparse data. It develops basic tools such as Regularization including Support Vector Machines for regression and classification. It derives generalization bounds using both stability and VC theory. It also discusses topics such as boosting and feature selection and examines applications in several areas: Computer Vision, Computer Graphics, Text Classification, and Bioinformatics. The final projects, hands-on applications, and exercises are designed to illustrate the rapidly increasing practical uses of the techniques described throughout the course.",The Course at a Glance; The Learning Problem in Perspective; Reproducing Kernel Hilbert Spaces; Regression and Least-Squares Classification; Support Vector Machines for Classification; Manifold Regularization; Unsupervised Learning Techniques; Multiclass; Ranking; Boosting and Bagging; Computer Vision; Online Learning; Loose Ends; Generalization Bounds; Stability of Tikhonov Regularization; Uniform Convergence Over Function Classes; Uniform Convergence for Classification; Neuroscience; Symmetrization; Fenchel Duality; Speech / Audio; Active Learning; Morphable Models for Video; Bioinformatics; Project Presentations; Project Presentations (cont.); Math Camp 1: Functional Analysis; Math Camp 2: Probability Theory,https://ocw.mit.edu/courses/9-520-statistical-learning-theory-and-applications-spring-2006/
ES.1803_spring_2024,train,ES.1803,Differential Equations,Experimental Study Group,Undergraduate,spring_2024,842,Linear Algebra,Differential Equations; Linear Algebra; Mathematics,18.02,"There is no prerequisite. 18.02 Multivariable Calculus is a corequisite, meaning students can take 18.02 and ES.1803 simultaneously.","This course, taught to students in MIT’s Experimental Study Group, is equivalent to the Mathematics Department’s 18.03 Differential Equations . They satisfy the same prerequisites and are geared to preparing students for downstream science and engineering classes. MIT’s Experimental Study Group (ESG) is one of MIT’s first-year learning communities. Small class sizes allow for teaching interactively and staying in close touch with what every student is finding easy or difficult.",,https://ocw.mit.edu/courses/es-1803-differential-equations-spring-2024/
ESD.86_spring_2007,test,ESD.86,"Models, Data and Inference for Socio-Technical Systems",Engineering Systems Division,Graduate,spring_2007,650,Computer Science; Data Mining; Probability and Statistics; Systems Engineering,Computational Modeling and Simulation; Computer Science; Data Mining; Engineering; Mathematics; Probability and Statistics; Systems Engineering,6.041; ESD.83,ESD.83 and 6.041,"In this class, students use data and systems knowledge to build models of complex socio-technical systems for improved system design and decision-making. Students will enhance their model-building skills, through review and extension of functions of random variables, Poisson processes, and Markov processes; move from applied probability to statistics via Chi-squared t and f tests, derived as functions of random variables; and review classical statistics, hypothesis tests, regression, correlation and causation, simple data mining techniques, and Bayesian vs. classical statistics. A class project is required.","Pedestrian crossing problem; Random incidence: A major source of selection bias; Random incidence and more; Spatial models; Markov processes and their application to queueing, part 1; Markov processes and their application to queueing, part 2; Queueing and transitions: Sampling from distributions, Gauss; Derived distributions to statistics ( ); The Weibull distribution and parameter estimation; Hypothesis testing; Descriptive statistics and statistical graphics; Regression; Analysis of variance, with discussion of Bayesian and frequentist statistics; Multiple regression; Design of computer experiments; Closure - Threats to validity of inference; Final presentations 1; Final presentations 2; Derived distributions to statistics",https://ocw.mit.edu/courses/esd-86-models-data-and-inference-for-socio-technical-systems-spring-2007/
HST.953_fall_2020,train,HST.953,Collaborative Data Science for Healthcare,Health Sciences and Technology,Graduate,fall_2020,190,Artificial Intelligence; Computer Science; Data Mining,Artificial Intelligence; Business; Computer Science; Data Mining; Engineering; Health Care Management; Health and Medicine; Public Health,,,"This course provides an introductory survey of data science tools in healthcare. It was created by members of MIT Critical Data, a global consortium consisting of healthcare practitioners, computer scientists, and engineers from academia, industry, and government, that seeks to place data and research at the front and center of healthcare operations. The most daunting global health issues right now are the result of interconnected crises. In this course, we highlight the importance of a multidisciplinary approach to health data science. It is intended for front-line clinicians and public health practitioners, as well as computer scientists, engineers, and social scientists, whose goal is to understand health and disease better using digital data captured in the process of care. What you’ll learn: Principles of data science as applied to health Analysis of electronic health records Artificial intelligence and machine learning in healthcare This course is part of the Open Learning Library, which is free to use. You have the option to sign up and enroll in the course if you want to track your progress, or you can view and use all the materials without enrolling.",,https://ocw.mit.edu/courses/hst-953-collaborative-data-science-for-healthcare-fall-2020/
MAS.622J_fall_2006,train,MAS.622J,Pattern Recognition and Analysis,Civil and Environmental Engineering,Graduate,fall_2006,247,Electrical Engineering; Probability and Statistics,Cognitive Science; Electrical Engineering; Engineering; Mathematics; Probability and Statistics; Science; Signal Processing,,,"This class deals with the fundamentals of characterizing and recognizing patterns and features of interest in numerical data. We discuss the basic tools and theory for signal understanding problems with applications to user modeling, affect recognition, speech recognition and understanding, computer vision, physiological analysis, and more. We also cover decision theory, statistical classification, maximum likelihood and Bayesian estimation, nonparametric methods, unsupervised learning and clustering. Additional topics on machine and human learning from active research are also talked about in the class.",,https://ocw.mit.edu/courses/mas-622j-pattern-recognition-and-analysis-fall-2006/
RES.6-012_spring_2018,train,RES.6-012,Introduction to Probability,Electrical Engineering and Computer Science,Undergraduate,spring_2018,74,Probability and Statistics; Systems Engineering,Engineering; Mathematics; Probability and Statistics; Systems Engineering,,,"The tools of probability theory, and of the related field of statistical inference, are the keys for being able to analyze and make sense of data. These tools underlie important advances in many fields, from the basic sciences to engineering and management. This resource is a companion site to 6.041SC Probabilistic Systems Analysis and Applied Probability. It covers the same content, using videos developed for an edX version of the course.",,https://ocw.mit.edu/courses/res-6-012-introduction-to-probability-spring-2018/
RES.6-013_fall_2021,train,RES.6-013,AI 101,Electrical Engineering and Computer Science,Undergraduate,fall_2021,76,Artificial Intelligence; Computer Science,Artificial Intelligence; Computer Science; Engineering,,,"Machine vision. Data wrangling. Reinforcement learning. What do these terms even mean? In AI 101, MIT researcher Brandon Leshchinskiy offers an introduction to artificial intelligence that’s designed specifically for those with little to no background in the subject. The workshop starts with a summary of key concepts in AI, followed by an interactive exercise where participants train their own algorithm. Finally, it closes with a summary of key takeaways and Q/A. All are welcome!",,https://ocw.mit.edu/courses/res-6-013-ai-101-fall-2021/
RES.8-010_summer_2018,test,RES.8-010,Introduction to Statistical Physics,Physics,High School,summer_2018,820,Probability and Statistics,Classical Mechanics; Mathematics; Physics; Probability and Statistics; Science,,"Students should be proficient in algebra, trigonometry, and basic differentiation and integration. Students should also have had prior exposure to and practice with Newtonâs laws of motion, 1D kinematics, and conservation of energy.","Introduction to Statistical Physics introduces the concepts and formalism at the foundations of statistical physics. By the end of the course, students should understand qualitative and quantitative definitions of entropy, the implications of the laws of thermodynamics, and why the Boltzmann distribution is important in modeling systems at finite temperature. In terms of skills, students should have increased their familiarity with mathematical methods in the physical science, learned how to write short programs to simulate random events, and become more adept at articulating their understanding of physics. This course was offered as part of MITES Summer, a six-week, residential STEM experience for rising high school seniors. MIT Introduction to Technology, Engineering, and Science (MITES) provides transformative experiences that bolster confidence, create lifelong community, and build an exciting, challenging foundation in STEM for highly motivated 7th–12th grade students from diverse and underrepresented backgrounds.",,https://ocw.mit.edu/courses/res-8-010-introduction-to-statistical-physics-summer-2018/
