course_a,course_b,title_a,title_b,split,same_course,shared_tags,silver_score,silver_label
1.017_fall_2003,1.151_spring_2005,Computing and Data Analysis for Environmental Applications,Probability and Statistics in Engineering,cross,0,Probability and Statistics,0.0627,0
1.017_fall_2003,1.204_spring_2010,Computing and Data Analysis for Environmental Applications,Computer Algorithms in Systems Engineering,cross,0,Computer Science,0.0616,0
1.017_fall_2003,1.264J_fall_2013,Computing and Data Analysis for Environmental Applications,"Database, Internet, and Systems Integration Technologies",cross,0,Computer Science; Data Mining,0.1868,0
1.017_fall_2003,10.34_fall_2005,Computing and Data Analysis for Environmental Applications,Numerical Methods Applied to Chemical Engineering,test,0,Computer Science; Data Mining; Probability and Statistics,0.1917,0
1.017_fall_2003,10.34_fall_2015,Computing and Data Analysis for Environmental Applications,Numerical Methods Applied to Chemical Engineering,test,0,Computer Science; Data Mining,0.1487,0
1.017_fall_2003,11.126J_spring_2007,Computing and Data Analysis for Environmental Applications,Economics of Education,test,0,,0.0,0
1.017_fall_2003,14.30_spring_2006,Computing and Data Analysis for Environmental Applications,Introduction to Statistical Method in Economics,cross,0,Probability and Statistics,0.0612,0
1.017_fall_2003,14.30_spring_2009,Computing and Data Analysis for Environmental Applications,Introduction to Statistical Methods in Economics,cross,0,Probability and Statistics,0.0612,0
1.017_fall_2003,14.32_spring_2007,Computing and Data Analysis for Environmental Applications,Econometrics,cross,0,Probability and Statistics,0.0612,0
1.017_fall_2003,14.382_spring_2017,Computing and Data Analysis for Environmental Applications,Econometrics,cross,0,,0.0,0
1.017_fall_2003,14.385_fall_2007,Computing and Data Analysis for Environmental Applications,Nonlinear Econometric Analysis,test,0,Probability and Statistics,0.0453,0
1.017_fall_2003,14.387_fall_2014,Computing and Data Analysis for Environmental Applications,Applied Econometrics: Mostly Harmless Big Data,test,0,Computer Science; Data Mining; Probability and Statistics,0.2726,0
1.017_fall_2003,15.053_spring_2013,Computing and Data Analysis for Environmental Applications,Optimization Methods in Management Science,cross,0,Probability and Statistics,0.0308,0
1.017_fall_2003,15.062_spring_2003,Computing and Data Analysis for Environmental Applications,Data Mining,test,0,Computer Science; Data Mining,0.1868,0
1.017_fall_2003,15.071_spring_2017,Computing and Data Analysis for Environmental Applications,The Analytics Edge,cross,0,Probability and Statistics,0.0502,0
1.017_fall_2003,15.075J_fall_2011,Computing and Data Analysis for Environmental Applications,Statistical Thinking and Data Analysis,cross,0,Computer Science; Data Mining; Probability and Statistics,0.4367,1
1.017_fall_2003,15.082J_fall_2010,Computing and Data Analysis for Environmental Applications,Network Optimization,cross,0,Computer Science,0.028,0
1.017_fall_2003,15.083J_fall_2009,Computing and Data Analysis for Environmental Applications,Integer Programming and Combinatorial Optimization,cross,0,,0.0,0
1.017_fall_2003,15.093J_fall_2009,Computing and Data Analysis for Environmental Applications,Optimization Methods,cross,0,,0.0,0
1.017_fall_2003,15.450_fall_2010,Computing and Data Analysis for Environmental Applications,Analytics of Finance,test,0,Probability and Statistics,0.0378,0
1.017_fall_2003,15.561_spring_2005,Computing and Data Analysis for Environmental Applications,Information Technology Essentials,cross,0,Computer Science; Data Mining,0.1963,0
1.017_fall_2003,15.773_spring_2024,Computing and Data Analysis for Environmental Applications,Hands-On Deep Learning,cross,0,Computer Science,0.0586,0
1.017_fall_2003,15.S08_spring_2020,Computing and Data Analysis for Environmental Applications,FinTech: Shaping the Financial World ,cross,0,Computer Science,0.0355,0
1.017_fall_2003,16.412J_spring_2016,Computing and Data Analysis for Environmental Applications,Cognitive Robotics,test,0,Computer Science,0.0479,0
1.017_fall_2003,18.03SC_fall_2011,Computing and Data Analysis for Environmental Applications,Differential Equations,cross,0,,0.0,0
1.017_fall_2003,18.05_spring_2022,Computing and Data Analysis for Environmental Applications,Introduction to Probability and Statistics,cross,0,Probability and Statistics,0.077,0
1.017_fall_2003,18.065_spring_2018,Computing and Data Analysis for Environmental Applications,"Matrix Methods in Data Analysis, Signal Processing, and Machine Learning",cross,0,,0.0,0
1.017_fall_2003,18.06_spring_2010,Computing and Data Analysis for Environmental Applications,Linear Algebra,cross,0,,0.0,0
1.017_fall_2003,18.06SC_fall_2011,Computing and Data Analysis for Environmental Applications,Linear Algebra,cross,0,,0.0,0
1.017_fall_2003,18.085_summer_2020,Computing and Data Analysis for Environmental Applications,Computational Science and Engineering I,cross,0,,0.0,0
1.017_fall_2003,18.175_spring_2014,Computing and Data Analysis for Environmental Applications,Theory of Probability,cross,0,Probability and Statistics,0.0688,0
1.017_fall_2003,18.440_spring_2014,Computing and Data Analysis for Environmental Applications,Probability and Random Variables,test,0,Probability and Statistics,0.077,0
1.017_fall_2003,18.465_spring_2007,Computing and Data Analysis for Environmental Applications,Topics in Statistics: Statistical Learning Theory,test,0,Computer Science; Probability and Statistics,0.1075,0
1.017_fall_2003,18.600_fall_2019,Computing and Data Analysis for Environmental Applications,Probability and Random Variables,cross,0,Probability and Statistics,0.077,0
1.017_fall_2003,18.642_fall_2024,Computing and Data Analysis for Environmental Applications,Topics in Mathematics with Applications in Finance,test,0,Probability and Statistics,0.0606,0
1.017_fall_2003,18.650__formerly_18.443__fall_2006,Computing and Data Analysis for Environmental Applications,Statistics for Applications,test,0,Probability and Statistics,0.0669,0
1.017_fall_2003,18.650__formerly_18.443__spring_2015,Computing and Data Analysis for Environmental Applications,Statistics for Applications,test,0,Probability and Statistics,0.0669,0
1.017_fall_2003,18.655_spring_2016,Computing and Data Analysis for Environmental Applications,Mathematical Statistics,test,0,Probability and Statistics,0.0664,0
1.017_fall_2003,18.657_fall_2015,Computing and Data Analysis for Environmental Applications,Mathematics of Machine Learning,cross,0,Computer Science; Data Mining; Probability and Statistics,0.2341,0
1.017_fall_2003,18.700_fall_2013,Computing and Data Analysis for Environmental Applications,Linear Algebra,cross,0,,0.0,0
1.017_fall_2003,18.S096_fall_2015,Computing and Data Analysis for Environmental Applications,Topics in Mathematics of Data Science,cross,0,Computer Science; Data Mining; Probability and Statistics,0.3664,1
1.017_fall_2003,18.S096_january-iap_2023,Computing and Data Analysis for Environmental Applications,Matrix Calculus for Machine Learning and Beyond,cross,0,,0.0,0
1.017_fall_2003,18.S190_spring_2020,Computing and Data Analysis for Environmental Applications,"Introduction to Computational Thinking with Julia, with Applications to Modeling the COVID-19 Pandemic",test,0,Computer Science,0.0329,0
1.017_fall_2003,2.087_fall_2014,Computing and Data Analysis for Environmental Applications,Engineering Math: Differential Equations and Linear Algebra,cross,0,,0.0,0
1.017_fall_2003,2.161_fall_2008,Computing and Data Analysis for Environmental Applications,Signal Processing: Continuous and Discrete,cross,0,,0.0,0
1.017_fall_2003,21M.383_spring_2023,Computing and Data Analysis for Environmental Applications,Computational Music Theory and Analysis,cross,0,Probability and Statistics,0.0284,0
1.017_fall_2003,6.0002_fall_2016,Computing and Data Analysis for Environmental Applications,Introduction to Computational Thinking and Data Science,cross,0,Computer Science; Probability and Statistics,0.1869,0
1.017_fall_2003,6.006_fall_2011,Computing and Data Analysis for Environmental Applications,Introduction to Algorithms,test,0,Computer Science,0.0728,0
1.017_fall_2003,6.006_spring_2020,Computing and Data Analysis for Environmental Applications,Introduction to Algorithms,test,0,Computer Science,0.0456,0
1.017_fall_2003,6.036_fall_2020,Computing and Data Analysis for Environmental Applications,Introduction to Machine Learning,cross,0,Computer Science,0.0634,0
1.017_fall_2003,6.041_fall_2010,Computing and Data Analysis for Environmental Applications,Probabilistic Systems Analysis and Applied Probability,cross,0,Probability and Statistics,0.0656,0
1.017_fall_2003,6.041_spring_2006,Computing and Data Analysis for Environmental Applications,Probabilistic Systems Analysis and Applied  Probability,cross,0,Probability and Statistics,0.077,0
1.017_fall_2003,6.041SC_fall_2013,Computing and Data Analysis for Environmental Applications,Probabilistic Systems Analysis and Applied Probability,cross,0,Probability and Statistics,0.0656,0
1.017_fall_2003,6.046J_spring_2012,Computing and Data Analysis for Environmental Applications,Design and Analysis of Algorithms,cross,0,Computer Science,0.0728,0
1.017_fall_2003,6.046J_spring_2015,Computing and Data Analysis for Environmental Applications,Design and Analysis of Algorithms,cross,0,Computer Science,0.0376,0
1.017_fall_2003,6.079_fall_2009,Computing and Data Analysis for Environmental Applications,Introduction to Convex Optimization,test,0,,0.0,0
1.017_fall_2003,6.253_spring_2012,Computing and Data Analysis for Environmental Applications,Convex Analysis and Optimization,cross,0,Computer Science,0.054,0
1.017_fall_2003,6.341_fall_2005,Computing and Data Analysis for Environmental Applications,Discrete-Time Signal Processing,cross,0,,0.0,0
1.017_fall_2003,6.4210_fall_2022,Computing and Data Analysis for Environmental Applications,Robotic Manipulation,cross,0,Computer Science,0.0479,0
1.017_fall_2003,6.436J_fall_2018,Computing and Data Analysis for Environmental Applications,Fundamentals of Probability,test,0,Probability and Statistics,0.098,0
1.017_fall_2003,6.438_fall_2014,Computing and Data Analysis for Environmental Applications,Algorithms for Inference,test,0,Computer Science; Probability and Statistics,0.1181,0
1.017_fall_2003,6.7220J_spring_2025,Computing and Data Analysis for Environmental Applications,Nonlinear Optimization,cross,0,Computer Science,0.0415,0
1.017_fall_2003,6.7960_fall_2024,Computing and Data Analysis for Environmental Applications,Deep Learning,cross,0,Computer Science,0.0577,0
1.017_fall_2003,6.801_fall_2004,Computing and Data Analysis for Environmental Applications,Machine Vision,cross,0,Computer Science,0.0315,0
1.017_fall_2003,6.801_fall_2020,Computing and Data Analysis for Environmental Applications,Machine Vision,cross,0,Computer Science,0.0577,0
1.017_fall_2003,6.8300_spring_2025,Computing and Data Analysis for Environmental Applications,Advances in Computer Vision,test,0,Computer Science,0.0754,0
1.017_fall_2003,6.832_spring_2009,Computing and Data Analysis for Environmental Applications,Underactuated Robotics,cross,0,Computer Science,0.0479,0
1.017_fall_2003,6.852J_fall_2009,Computing and Data Analysis for Environmental Applications,Distributed Algorithms,cross,0,Computer Science,0.0552,0
1.017_fall_2003,6.864_fall_2005,Computing and Data Analysis for Environmental Applications,Advanced Natural Language Processing,test,0,Computer Science,0.036,0
1.017_fall_2003,6.867_fall_2006,Computing and Data Analysis for Environmental Applications,Machine Learning,cross,0,Computer Science; Probability and Statistics,0.1075,0
1.017_fall_2003,6.S087_january-iap_2024,Computing and Data Analysis for Environmental Applications,Foundation Models and Generative AI,cross,0,Computer Science,0.0754,0
1.017_fall_2003,6.S191_january-iap_2026,Computing and Data Analysis for Environmental Applications,Introduction to Deep Learning,cross,0,Computer Science,0.0441,0
1.017_fall_2003,6.S897_spring_2019,Computing and Data Analysis for Environmental Applications,Machine Learning for Healthcare,cross,0,Computer Science,0.032,0
1.017_fall_2003,6.S980_fall_2022,Computing and Data Analysis for Environmental Applications,Machine Learning for Inverse Graphics,test,0,Computer Science,0.0577,0
1.017_fall_2003,8.044_spring_2013,Computing and Data Analysis for Environmental Applications,Statistical Physics I,test,0,Probability and Statistics,0.0541,0
1.017_fall_2003,8.333_fall_2013,Computing and Data Analysis for Environmental Applications,Statistical Mechanics I:  Statistical Mechanics of Particles,cross,0,Probability and Statistics,0.0333,0
1.017_fall_2003,8.334_spring_2014,Computing and Data Analysis for Environmental Applications,Statistical Mechanics II: Statistical Physics of Fields,cross,0,Probability and Statistics,0.0412,0
1.017_fall_2003,9.520_spring_2003,Computing and Data Analysis for Environmental Applications,Statistical Learning Theory and Applications,cross,0,Computer Science; Probability and Statistics,0.1075,0
1.017_fall_2003,9.520_spring_2006,Computing and Data Analysis for Environmental Applications,Statistical Learning Theory and Applications,cross,0,Probability and Statistics,0.0324,0
1.017_fall_2003,ES.1803_spring_2024,Computing and Data Analysis for Environmental Applications,Differential Equations,cross,0,,0.0,0
1.017_fall_2003,ESD.86_spring_2007,Computing and Data Analysis for Environmental Applications,"Models, Data and Inference for Socio-Technical Systems",test,0,Computer Science; Data Mining; Probability and Statistics,0.2712,0
1.017_fall_2003,HST.953_fall_2020,Computing and Data Analysis for Environmental Applications,Collaborative Data Science for Healthcare,cross,0,Computer Science; Data Mining,0.1527,0
1.017_fall_2003,MAS.622J_fall_2006,Computing and Data Analysis for Environmental Applications,Pattern Recognition and Analysis,cross,0,Probability and Statistics,0.0494,0
1.017_fall_2003,RES.6-012_spring_2018,Computing and Data Analysis for Environmental Applications,Introduction to Probability,cross,0,Probability and Statistics,0.0802,0
1.017_fall_2003,RES.6-013_fall_2021,Computing and Data Analysis for Environmental Applications,AI 101,cross,0,Computer Science,0.0754,0
1.017_fall_2003,RES.8-010_summer_2018,Computing and Data Analysis for Environmental Applications,Introduction to Statistical Physics,test,0,Probability and Statistics,0.0502,0
1.151_spring_2005,1.204_spring_2010,Probability and Statistics in Engineering,Computer Algorithms in Systems Engineering,train,0,,0.0,0
1.151_spring_2005,1.264J_fall_2013,Probability and Statistics in Engineering,"Database, Internet, and Systems Integration Technologies",train,0,,0.0,0
1.151_spring_2005,10.34_fall_2005,Probability and Statistics in Engineering,Numerical Methods Applied to Chemical Engineering,cross,0,Probability and Statistics,0.043,0
1.151_spring_2005,10.34_fall_2015,Probability and Statistics in Engineering,Numerical Methods Applied to Chemical Engineering,cross,0,,0.0,0
1.151_spring_2005,11.126J_spring_2007,Probability and Statistics in Engineering,Economics of Education,cross,0,,0.0,0
1.151_spring_2005,14.30_spring_2006,Probability and Statistics in Engineering,Introduction to Statistical Method in Economics,train,0,Probability and Statistics,0.0776,0
1.151_spring_2005,14.30_spring_2009,Probability and Statistics in Engineering,Introduction to Statistical Methods in Economics,train,0,Probability and Statistics,0.0776,0
1.151_spring_2005,14.32_spring_2007,Probability and Statistics in Engineering,Econometrics,train,0,Probability and Statistics,0.0776,0
1.151_spring_2005,14.382_spring_2017,Probability and Statistics in Engineering,Econometrics,train,0,,0.0,0
1.151_spring_2005,14.385_fall_2007,Probability and Statistics in Engineering,Nonlinear Econometric Analysis,cross,0,Probability and Statistics,0.0537,0
1.151_spring_2005,14.387_fall_2014,Probability and Statistics in Engineering,Applied Econometrics: Mostly Harmless Big Data,cross,0,Probability and Statistics,0.0612,0
1.151_spring_2005,15.053_spring_2013,Probability and Statistics in Engineering,Optimization Methods in Management Science,train,0,Probability and Statistics,0.0345,0
1.151_spring_2005,15.062_spring_2003,Probability and Statistics in Engineering,Data Mining,cross,0,,0.0,0
1.151_spring_2005,15.071_spring_2017,Probability and Statistics in Engineering,The Analytics Edge,train,0,Probability and Statistics,0.0608,0
1.151_spring_2005,15.075J_fall_2011,Probability and Statistics in Engineering,Statistical Thinking and Data Analysis,train,0,Probability and Statistics,0.098,0
1.151_spring_2005,15.082J_fall_2010,Probability and Statistics in Engineering,Network Optimization,train,0,,0.0,0
1.151_spring_2005,15.083J_fall_2009,Probability and Statistics in Engineering,Integer Programming and Combinatorial Optimization,train,0,,0.0,0
1.151_spring_2005,15.093J_fall_2009,Probability and Statistics in Engineering,Optimization Methods,train,0,,0.0,0
1.151_spring_2005,15.450_fall_2010,Probability and Statistics in Engineering,Analytics of Finance,cross,0,Probability and Statistics,0.0435,0
1.151_spring_2005,15.561_spring_2005,Probability and Statistics in Engineering,Information Technology Essentials,train,0,,0.0,0
1.151_spring_2005,15.773_spring_2024,Probability and Statistics in Engineering,Hands-On Deep Learning,train,0,,0.0,0
1.151_spring_2005,15.S08_spring_2020,Probability and Statistics in Engineering,FinTech: Shaping the Financial World ,train,0,,0.0,0
1.151_spring_2005,16.412J_spring_2016,Probability and Statistics in Engineering,Cognitive Robotics,cross,0,,0.0,0
1.151_spring_2005,18.03SC_fall_2011,Probability and Statistics in Engineering,Differential Equations,train,0,,0.0,0
1.151_spring_2005,18.05_spring_2022,Probability and Statistics in Engineering,Introduction to Probability and Statistics,train,0,Probability and Statistics,0.1049,0
1.151_spring_2005,18.065_spring_2018,Probability and Statistics in Engineering,"Matrix Methods in Data Analysis, Signal Processing, and Machine Learning",train,0,,0.0,0
1.151_spring_2005,18.06_spring_2010,Probability and Statistics in Engineering,Linear Algebra,train,0,,0.0,0
1.151_spring_2005,18.06SC_fall_2011,Probability and Statistics in Engineering,Linear Algebra,train,0,,0.0,0
1.151_spring_2005,18.085_summer_2020,Probability and Statistics in Engineering,Computational Science and Engineering I,train,0,,0.0,0
1.151_spring_2005,18.175_spring_2014,Probability and Statistics in Engineering,Theory of Probability,train,0,Probability and Statistics,0.0902,0
1.151_spring_2005,18.440_spring_2014,Probability and Statistics in Engineering,Probability and Random Variables,cross,0,Probability and Statistics,0.1049,0
1.151_spring_2005,18.465_spring_2007,Probability and Statistics in Engineering,Topics in Statistics: Statistical Learning Theory,cross,0,Probability and Statistics,0.0658,0
1.151_spring_2005,18.600_fall_2019,Probability and Statistics in Engineering,Probability and Random Variables,train,0,Probability and Statistics,0.1049,0
1.151_spring_2005,18.642_fall_2024,Probability and Statistics in Engineering,Topics in Mathematics with Applications in Finance,cross,0,Probability and Statistics,0.0767,0
1.151_spring_2005,18.650__formerly_18.443__fall_2006,Probability and Statistics in Engineering,Statistics for Applications,cross,0,Probability and Statistics,0.087,0
1.151_spring_2005,18.650__formerly_18.443__spring_2015,Probability and Statistics in Engineering,Statistics for Applications,cross,0,Probability and Statistics,0.087,0
1.151_spring_2005,18.655_spring_2016,Probability and Statistics in Engineering,Mathematical Statistics,cross,0,Probability and Statistics,0.0862,0
1.151_spring_2005,18.657_fall_2015,Probability and Statistics in Engineering,Mathematics of Machine Learning,train,0,Probability and Statistics,0.0525,0
1.151_spring_2005,18.700_fall_2013,Probability and Statistics in Engineering,Linear Algebra,train,0,,0.0,0
1.151_spring_2005,18.S096_fall_2015,Probability and Statistics in Engineering,Topics in Mathematics of Data Science,train,0,Probability and Statistics,0.0822,0
1.151_spring_2005,18.S096_january-iap_2023,Probability and Statistics in Engineering,Matrix Calculus for Machine Learning and Beyond,train,0,,0.0,0
1.151_spring_2005,18.S190_spring_2020,Probability and Statistics in Engineering,"Introduction to Computational Thinking with Julia, with Applications to Modeling the COVID-19 Pandemic",cross,0,,0.0,0
1.151_spring_2005,2.087_fall_2014,Probability and Statistics in Engineering,Engineering Math: Differential Equations and Linear Algebra,train,0,,0.0,0
1.151_spring_2005,2.161_fall_2008,Probability and Statistics in Engineering,Signal Processing: Continuous and Discrete,train,0,,0.0,0
1.151_spring_2005,21M.383_spring_2023,Probability and Statistics in Engineering,Computational Music Theory and Analysis,train,0,Probability and Statistics,0.0315,0
1.151_spring_2005,6.0002_fall_2016,Probability and Statistics in Engineering,Introduction to Computational Thinking and Data Science,train,0,Probability and Statistics,0.1306,0
1.151_spring_2005,6.006_fall_2011,Probability and Statistics in Engineering,Introduction to Algorithms,cross,0,,0.0,0
1.151_spring_2005,6.006_spring_2020,Probability and Statistics in Engineering,Introduction to Algorithms,cross,0,,0.0,0
1.151_spring_2005,6.036_fall_2020,Probability and Statistics in Engineering,Introduction to Machine Learning,train,0,,0.0,0
1.151_spring_2005,6.041_fall_2010,Probability and Statistics in Engineering,Probabilistic Systems Analysis and Applied Probability,train,0,Probability and Statistics,0.0848,0
1.151_spring_2005,6.041_spring_2006,Probability and Statistics in Engineering,Probabilistic Systems Analysis and Applied  Probability,train,0,Probability and Statistics,0.1049,0
1.151_spring_2005,6.041SC_fall_2013,Probability and Statistics in Engineering,Probabilistic Systems Analysis and Applied Probability,train,0,Probability and Statistics,0.0848,0
1.151_spring_2005,6.046J_spring_2012,Probability and Statistics in Engineering,Design and Analysis of Algorithms,train,0,,0.0,0
1.151_spring_2005,6.046J_spring_2015,Probability and Statistics in Engineering,Design and Analysis of Algorithms,train,0,,0.0,0
1.151_spring_2005,6.079_fall_2009,Probability and Statistics in Engineering,Introduction to Convex Optimization,cross,0,,0.0,0
1.151_spring_2005,6.253_spring_2012,Probability and Statistics in Engineering,Convex Analysis and Optimization,train,0,,0.0,0
1.151_spring_2005,6.341_fall_2005,Probability and Statistics in Engineering,Discrete-Time Signal Processing,train,0,,0.0,0
1.151_spring_2005,6.4210_fall_2022,Probability and Statistics in Engineering,Robotic Manipulation,train,0,,0.0,0
1.151_spring_2005,6.436J_fall_2018,Probability and Statistics in Engineering,Fundamentals of Probability,cross,0,Probability and Statistics,0.1482,0
1.151_spring_2005,6.438_fall_2014,Probability and Statistics in Engineering,Algorithms for Inference,cross,0,Probability and Statistics,0.0736,0
1.151_spring_2005,6.7220J_spring_2025,Probability and Statistics in Engineering,Nonlinear Optimization,train,0,,0.0,0
1.151_spring_2005,6.7960_fall_2024,Probability and Statistics in Engineering,Deep Learning,train,0,,0.0,0
1.151_spring_2005,6.801_fall_2004,Probability and Statistics in Engineering,Machine Vision,train,0,,0.0,0
1.151_spring_2005,6.801_fall_2020,Probability and Statistics in Engineering,Machine Vision,train,0,,0.0,0
1.151_spring_2005,6.8300_spring_2025,Probability and Statistics in Engineering,Advances in Computer Vision,cross,0,,0.0,0
1.151_spring_2005,6.832_spring_2009,Probability and Statistics in Engineering,Underactuated Robotics,train,0,,0.0,0
1.151_spring_2005,6.852J_fall_2009,Probability and Statistics in Engineering,Distributed Algorithms,train,0,,0.0,0
1.151_spring_2005,6.864_fall_2005,Probability and Statistics in Engineering,Advanced Natural Language Processing,cross,0,,0.0,0
1.151_spring_2005,6.867_fall_2006,Probability and Statistics in Engineering,Machine Learning,train,0,Probability and Statistics,0.0658,0
1.151_spring_2005,6.S087_january-iap_2024,Probability and Statistics in Engineering,Foundation Models and Generative AI,train,0,,0.0,0
1.151_spring_2005,6.S191_january-iap_2026,Probability and Statistics in Engineering,Introduction to Deep Learning,train,0,,0.0,0
1.151_spring_2005,6.S897_spring_2019,Probability and Statistics in Engineering,Machine Learning for Healthcare,train,0,,0.0,0
1.151_spring_2005,6.S980_fall_2022,Probability and Statistics in Engineering,Machine Learning for Inverse Graphics,cross,0,,0.0,0
1.151_spring_2005,8.044_spring_2013,Probability and Statistics in Engineering,Statistical Physics I,cross,0,Probability and Statistics,0.0665,0
1.151_spring_2005,8.333_fall_2013,Probability and Statistics in Engineering,Statistical Mechanics I:  Statistical Mechanics of Particles,train,0,Probability and Statistics,0.0377,0
1.151_spring_2005,8.334_spring_2014,Probability and Statistics in Engineering,Statistical Mechanics II: Statistical Physics of Fields,train,0,Probability and Statistics,0.0481,0
1.151_spring_2005,9.520_spring_2003,Probability and Statistics in Engineering,Statistical Learning Theory and Applications,train,0,Probability and Statistics,0.0658,0
1.151_spring_2005,9.520_spring_2006,Probability and Statistics in Engineering,Statistical Learning Theory and Applications,train,0,Probability and Statistics,0.0365,0
1.151_spring_2005,ES.1803_spring_2024,Probability and Statistics in Engineering,Differential Equations,train,0,,0.0,0
1.151_spring_2005,ESD.86_spring_2007,Probability and Statistics in Engineering,"Models, Data and Inference for Socio-Technical Systems",cross,0,Probability and Statistics,0.0609,0
1.151_spring_2005,HST.953_fall_2020,Probability and Statistics in Engineering,Collaborative Data Science for Healthcare,train,0,,0.0,0
1.151_spring_2005,MAS.622J_fall_2006,Probability and Statistics in Engineering,Pattern Recognition and Analysis,train,0,Probability and Statistics,0.0596,0
1.151_spring_2005,RES.6-012_spring_2018,Probability and Statistics in Engineering,Introduction to Probability,train,0,Probability and Statistics,0.111,0
1.151_spring_2005,RES.6-013_fall_2021,Probability and Statistics in Engineering,AI 101,train,0,,0.0,0
1.151_spring_2005,RES.8-010_summer_2018,Probability and Statistics in Engineering,Introduction to Statistical Physics,cross,0,Probability and Statistics,0.0608,0
1.204_spring_2010,1.264J_fall_2013,Computer Algorithms in Systems Engineering,"Database, Internet, and Systems Integration Technologies",train,0,Computer Science,0.0557,0
1.204_spring_2010,10.34_fall_2005,Computer Algorithms in Systems Engineering,Numerical Methods Applied to Chemical Engineering,cross,0,Computer Science; Systems Engineering,0.1604,0
1.204_spring_2010,10.34_fall_2015,Computer Algorithms in Systems Engineering,Numerical Methods Applied to Chemical Engineering,cross,0,Computer Science; Systems Engineering,0.169,0
1.204_spring_2010,11.126J_spring_2007,Computer Algorithms in Systems Engineering,Economics of Education,cross,0,,0.0,0
1.204_spring_2010,14.30_spring_2006,Computer Algorithms in Systems Engineering,Introduction to Statistical Method in Economics,train,0,,0.0,0
1.204_spring_2010,14.30_spring_2009,Computer Algorithms in Systems Engineering,Introduction to Statistical Methods in Economics,train,0,,0.0,0
1.204_spring_2010,14.32_spring_2007,Computer Algorithms in Systems Engineering,Econometrics,train,0,,0.0,0
1.204_spring_2010,14.382_spring_2017,Computer Algorithms in Systems Engineering,Econometrics,train,0,,0.0,0
1.204_spring_2010,14.385_fall_2007,Computer Algorithms in Systems Engineering,Nonlinear Econometric Analysis,cross,0,,0.0,0
1.204_spring_2010,14.387_fall_2014,Computer Algorithms in Systems Engineering,Applied Econometrics: Mostly Harmless Big Data,cross,0,Computer Science,0.06,0
1.204_spring_2010,15.053_spring_2013,Computer Algorithms in Systems Engineering,Optimization Methods in Management Science,train,0,Systems Engineering,0.0857,0
1.204_spring_2010,15.062_spring_2003,Computer Algorithms in Systems Engineering,Data Mining,cross,0,Computer Science,0.0557,0
1.204_spring_2010,15.071_spring_2017,Computer Algorithms in Systems Engineering,The Analytics Edge,train,0,,0.0,0
1.204_spring_2010,15.075J_fall_2011,Computer Algorithms in Systems Engineering,Statistical Thinking and Data Analysis,train,0,Computer Science,0.101,0
1.204_spring_2010,15.082J_fall_2010,Computer Algorithms in Systems Engineering,Network Optimization,train,0,Algorithms and Data Structures; Computer Science; Systems Engineering,0.2352,0
1.204_spring_2010,15.083J_fall_2009,Computer Algorithms in Systems Engineering,Integer Programming and Combinatorial Optimization,train,0,Systems Engineering,0.1585,0
1.204_spring_2010,15.093J_fall_2009,Computer Algorithms in Systems Engineering,Optimization Methods,train,0,Systems Engineering,0.2089,0
1.204_spring_2010,15.450_fall_2010,Computer Algorithms in Systems Engineering,Analytics of Finance,cross,0,,0.0,0
1.204_spring_2010,15.561_spring_2005,Computer Algorithms in Systems Engineering,Information Technology Essentials,train,0,Computer Science,0.0589,0
1.204_spring_2010,15.773_spring_2024,Computer Algorithms in Systems Engineering,Hands-On Deep Learning,train,0,Computer Science,0.0847,0
1.204_spring_2010,15.S08_spring_2020,Computer Algorithms in Systems Engineering,FinTech: Shaping the Financial World ,train,0,Computer Science,0.0436,0
1.204_spring_2010,16.412J_spring_2016,Computer Algorithms in Systems Engineering,Cognitive Robotics,cross,0,Computer Science,0.0641,0
1.204_spring_2010,18.03SC_fall_2011,Computer Algorithms in Systems Engineering,Differential Equations,train,0,,0.0,0
1.204_spring_2010,18.05_spring_2022,Computer Algorithms in Systems Engineering,Introduction to Probability and Statistics,train,0,,0.0,0
1.204_spring_2010,18.065_spring_2018,Computer Algorithms in Systems Engineering,"Matrix Methods in Data Analysis, Signal Processing, and Machine Learning",train,0,,0.0,0
1.204_spring_2010,18.06_spring_2010,Computer Algorithms in Systems Engineering,Linear Algebra,train,0,,0.0,0
1.204_spring_2010,18.06SC_fall_2011,Computer Algorithms in Systems Engineering,Linear Algebra,train,0,,0.0,0
1.204_spring_2010,18.085_summer_2020,Computer Algorithms in Systems Engineering,Computational Science and Engineering I,train,0,Systems Engineering,0.113,0
1.204_spring_2010,18.175_spring_2014,Computer Algorithms in Systems Engineering,Theory of Probability,train,0,,0.0,0
1.204_spring_2010,18.440_spring_2014,Computer Algorithms in Systems Engineering,Probability and Random Variables,cross,0,,0.0,0
1.204_spring_2010,18.465_spring_2007,Computer Algorithms in Systems Engineering,Topics in Statistics: Statistical Learning Theory,cross,0,Algorithms and Data Structures; Computer Science,0.2708,0
1.204_spring_2010,18.600_fall_2019,Computer Algorithms in Systems Engineering,Probability and Random Variables,train,0,,0.0,0
1.204_spring_2010,18.642_fall_2024,Computer Algorithms in Systems Engineering,Topics in Mathematics with Applications in Finance,cross,0,,0.0,0
1.204_spring_2010,18.650__formerly_18.443__fall_2006,Computer Algorithms in Systems Engineering,Statistics for Applications,cross,0,,0.0,0
1.204_spring_2010,18.650__formerly_18.443__spring_2015,Computer Algorithms in Systems Engineering,Statistics for Applications,cross,0,,0.0,0
1.204_spring_2010,18.655_spring_2016,Computer Algorithms in Systems Engineering,Mathematical Statistics,cross,0,,0.0,0
1.204_spring_2010,18.657_fall_2015,Computer Algorithms in Systems Engineering,Mathematics of Machine Learning,train,0,Algorithms and Data Structures; Computer Science,0.2038,0
1.204_spring_2010,18.700_fall_2013,Computer Algorithms in Systems Engineering,Linear Algebra,train,0,,0.0,0
1.204_spring_2010,18.S096_fall_2015,Computer Algorithms in Systems Engineering,Topics in Mathematics of Data Science,train,0,Computer Science,0.0829,0
1.204_spring_2010,18.S096_january-iap_2023,Computer Algorithms in Systems Engineering,Matrix Calculus for Machine Learning and Beyond,train,0,,0.0,0
1.204_spring_2010,18.S190_spring_2020,Computer Algorithms in Systems Engineering,"Introduction to Computational Thinking with Julia, with Applications to Modeling the COVID-19 Pandemic",cross,0,Algorithms and Data Structures; Computer Science,0.1543,0
1.204_spring_2010,2.087_fall_2014,Computer Algorithms in Systems Engineering,Engineering Math: Differential Equations and Linear Algebra,train,0,,0.0,0
1.204_spring_2010,2.161_fall_2008,Computer Algorithms in Systems Engineering,Signal Processing: Continuous and Discrete,train,0,,0.0,0
1.204_spring_2010,21M.383_spring_2023,Computer Algorithms in Systems Engineering,Computational Music Theory and Analysis,train,0,,0.0,0
1.204_spring_2010,6.0002_fall_2016,Computer Algorithms in Systems Engineering,Introduction to Computational Thinking and Data Science,train,0,Computer Science,0.141,0
1.204_spring_2010,6.006_fall_2011,Computer Algorithms in Systems Engineering,Introduction to Algorithms,cross,0,Algorithms and Data Structures; Computer Science,0.5835,1
1.204_spring_2010,6.006_spring_2020,Computer Algorithms in Systems Engineering,Introduction to Algorithms,cross,0,Algorithms and Data Structures; Computer Science,0.2469,0
1.204_spring_2010,6.036_fall_2020,Computer Algorithms in Systems Engineering,Introduction to Machine Learning,train,0,Algorithms and Data Structures; Computer Science,0.4365,1
1.204_spring_2010,6.041_fall_2010,Computer Algorithms in Systems Engineering,Probabilistic Systems Analysis and Applied Probability,train,0,Systems Engineering,0.2455,0
1.204_spring_2010,6.041_spring_2006,Computer Algorithms in Systems Engineering,Probabilistic Systems Analysis and Applied  Probability,train,0,,0.0,0
1.204_spring_2010,6.041SC_fall_2013,Computer Algorithms in Systems Engineering,Probabilistic Systems Analysis and Applied Probability,train,0,Systems Engineering,0.2455,0
1.204_spring_2010,6.046J_spring_2012,Computer Algorithms in Systems Engineering,Design and Analysis of Algorithms,train,0,Algorithms and Data Structures; Computer Science,0.5835,1
1.204_spring_2010,6.046J_spring_2015,Computer Algorithms in Systems Engineering,Design and Analysis of Algorithms,train,0,Algorithms and Data Structures; Computer Science,0.1853,0
1.204_spring_2010,6.079_fall_2009,Computer Algorithms in Systems Engineering,Introduction to Convex Optimization,cross,0,Systems Engineering,0.1645,0
1.204_spring_2010,6.253_spring_2012,Computer Algorithms in Systems Engineering,Convex Analysis and Optimization,train,0,Algorithms and Data Structures; Computer Science,0.3245,1
1.204_spring_2010,6.341_fall_2005,Computer Algorithms in Systems Engineering,Discrete-Time Signal Processing,train,0,,0.0,0
1.204_spring_2010,6.4210_fall_2022,Computer Algorithms in Systems Engineering,Robotic Manipulation,train,0,Computer Science,0.0641,0
1.204_spring_2010,6.436J_fall_2018,Computer Algorithms in Systems Engineering,Fundamentals of Probability,cross,0,,0.0,0
1.204_spring_2010,6.438_fall_2014,Computer Algorithms in Systems Engineering,Algorithms for Inference,cross,0,Algorithms and Data Structures; Computer Science,0.3135,1
1.204_spring_2010,6.7220J_spring_2025,Computer Algorithms in Systems Engineering,Nonlinear Optimization,train,0,Computer Science; Systems Engineering,0.2142,0
1.204_spring_2010,6.7960_fall_2024,Computer Algorithms in Systems Engineering,Deep Learning,train,0,Computer Science,0.0829,0
1.204_spring_2010,6.801_fall_2004,Computer Algorithms in Systems Engineering,Machine Vision,train,0,Computer Science; Systems Engineering,0.1455,0
1.204_spring_2010,6.801_fall_2020,Computer Algorithms in Systems Engineering,Machine Vision,train,0,Computer Science,0.0829,0
1.204_spring_2010,6.8300_spring_2025,Computer Algorithms in Systems Engineering,Advances in Computer Vision,cross,0,Computer Science,0.1249,0
1.204_spring_2010,6.832_spring_2009,Computer Algorithms in Systems Engineering,Underactuated Robotics,train,0,Computer Science,0.0641,0
1.204_spring_2010,6.852J_fall_2009,Computer Algorithms in Systems Engineering,Distributed Algorithms,train,0,Algorithms and Data Structures; Computer Science,0.3373,1
1.204_spring_2010,6.864_fall_2005,Computer Algorithms in Systems Engineering,Advanced Natural Language Processing,cross,0,Computer Science,0.0444,0
1.204_spring_2010,6.867_fall_2006,Computer Algorithms in Systems Engineering,Machine Learning,train,0,Algorithms and Data Structures; Computer Science,0.2708,0
1.204_spring_2010,6.S087_january-iap_2024,Computer Algorithms in Systems Engineering,Foundation Models and Generative AI,train,0,Computer Science,0.1249,0
1.204_spring_2010,6.S191_january-iap_2026,Computer Algorithms in Systems Engineering,Introduction to Deep Learning,train,0,Computer Science,0.0574,0
1.204_spring_2010,6.S897_spring_2019,Computer Algorithms in Systems Engineering,Machine Learning for Healthcare,train,0,Computer Science,0.0384,0
1.204_spring_2010,6.S980_fall_2022,Computer Algorithms in Systems Engineering,Machine Learning for Inverse Graphics,cross,0,Computer Science,0.0829,0
1.204_spring_2010,8.044_spring_2013,Computer Algorithms in Systems Engineering,Statistical Physics I,cross,0,,0.0,0
1.204_spring_2010,8.333_fall_2013,Computer Algorithms in Systems Engineering,Statistical Mechanics I:  Statistical Mechanics of Particles,train,0,,0.0,0
1.204_spring_2010,8.334_spring_2014,Computer Algorithms in Systems Engineering,Statistical Mechanics II: Statistical Physics of Fields,train,0,,0.0,0
1.204_spring_2010,9.520_spring_2003,Computer Algorithms in Systems Engineering,Statistical Learning Theory and Applications,train,0,Algorithms and Data Structures; Computer Science,0.2708,0
1.204_spring_2010,9.520_spring_2006,Computer Algorithms in Systems Engineering,Statistical Learning Theory and Applications,train,0,,0.0,0
1.204_spring_2010,ES.1803_spring_2024,Computer Algorithms in Systems Engineering,Differential Equations,train,0,,0.0,0
1.204_spring_2010,ESD.86_spring_2007,Computer Algorithms in Systems Engineering,"Models, Data and Inference for Socio-Technical Systems",cross,0,Computer Science; Systems Engineering,0.2448,0
1.204_spring_2010,HST.953_fall_2020,Computer Algorithms in Systems Engineering,Collaborative Data Science for Healthcare,train,0,Computer Science,0.0444,0
1.204_spring_2010,MAS.622J_fall_2006,Computer Algorithms in Systems Engineering,Pattern Recognition and Analysis,train,0,,0.0,0
1.204_spring_2010,RES.6-012_spring_2018,Computer Algorithms in Systems Engineering,Introduction to Probability,train,0,Systems Engineering,0.3518,1
1.204_spring_2010,RES.6-013_fall_2021,Computer Algorithms in Systems Engineering,AI 101,train,0,Computer Science,0.1249,0
1.204_spring_2010,RES.8-010_summer_2018,Computer Algorithms in Systems Engineering,Introduction to Statistical Physics,cross,0,,0.0,0
1.264J_fall_2013,10.34_fall_2005,"Database, Internet, and Systems Integration Technologies",Numerical Methods Applied to Chemical Engineering,cross,0,Computer Science; Data Mining,0.134,0
1.264J_fall_2013,10.34_fall_2015,"Database, Internet, and Systems Integration Technologies",Numerical Methods Applied to Chemical Engineering,cross,0,Computer Science; Data Mining,0.1394,0
1.264J_fall_2013,11.126J_spring_2007,"Database, Internet, and Systems Integration Technologies",Economics of Education,cross,0,,0.0,0
1.264J_fall_2013,14.30_spring_2006,"Database, Internet, and Systems Integration Technologies",Introduction to Statistical Method in Economics,train,0,,0.0,0
1.264J_fall_2013,14.30_spring_2009,"Database, Internet, and Systems Integration Technologies",Introduction to Statistical Methods in Economics,train,0,,0.0,0
1.264J_fall_2013,14.32_spring_2007,"Database, Internet, and Systems Integration Technologies",Econometrics,train,0,,0.0,0
1.264J_fall_2013,14.382_spring_2017,"Database, Internet, and Systems Integration Technologies",Econometrics,train,0,,0.0,0
1.264J_fall_2013,14.385_fall_2007,"Database, Internet, and Systems Integration Technologies",Nonlinear Econometric Analysis,cross,0,,0.0,0
1.264J_fall_2013,14.387_fall_2014,"Database, Internet, and Systems Integration Technologies",Applied Econometrics: Mostly Harmless Big Data,cross,0,Computer Science; Data Mining,0.1829,0
1.264J_fall_2013,15.053_spring_2013,"Database, Internet, and Systems Integration Technologies",Optimization Methods in Management Science,train,0,,0.0,0
1.264J_fall_2013,15.062_spring_2003,"Database, Internet, and Systems Integration Technologies",Data Mining,cross,0,Computer Science; Data Mining; Information Technology,0.4153,1
1.264J_fall_2013,15.071_spring_2017,"Database, Internet, and Systems Integration Technologies",The Analytics Edge,train,0,,0.0,0
1.264J_fall_2013,15.075J_fall_2011,"Database, Internet, and Systems Integration Technologies",Statistical Thinking and Data Analysis,train,0,Computer Science; Data Mining,0.271,0
1.264J_fall_2013,15.082J_fall_2010,"Database, Internet, and Systems Integration Technologies",Network Optimization,train,0,Computer Science; Information Technology,0.1426,0
1.264J_fall_2013,15.083J_fall_2009,"Database, Internet, and Systems Integration Technologies",Integer Programming and Combinatorial Optimization,train,0,,0.0,0
1.264J_fall_2013,15.093J_fall_2009,"Database, Internet, and Systems Integration Technologies",Optimization Methods,train,0,,0.0,0
1.264J_fall_2013,15.450_fall_2010,"Database, Internet, and Systems Integration Technologies",Analytics of Finance,cross,0,,0.0,0
1.264J_fall_2013,15.561_spring_2005,"Database, Internet, and Systems Integration Technologies",Information Technology Essentials,train,0,Computer Science; Data Mining; Information Technology,0.4389,1
1.264J_fall_2013,15.773_spring_2024,"Database, Internet, and Systems Integration Technologies",Hands-On Deep Learning,train,0,Computer Science; Information Technology,0.3201,1
1.264J_fall_2013,15.S08_spring_2020,"Database, Internet, and Systems Integration Technologies",FinTech: Shaping the Financial World ,train,0,Computer Science; Information Technology,0.1838,0
1.264J_fall_2013,16.412J_spring_2016,"Database, Internet, and Systems Integration Technologies",Cognitive Robotics,cross,0,Computer Science,0.0443,0
1.264J_fall_2013,18.03SC_fall_2011,"Database, Internet, and Systems Integration Technologies",Differential Equations,train,0,,0.0,0
1.264J_fall_2013,18.05_spring_2022,"Database, Internet, and Systems Integration Technologies",Introduction to Probability and Statistics,train,0,,0.0,0
1.264J_fall_2013,18.065_spring_2018,"Database, Internet, and Systems Integration Technologies","Matrix Methods in Data Analysis, Signal Processing, and Machine Learning",train,0,,0.0,0
1.264J_fall_2013,18.06_spring_2010,"Database, Internet, and Systems Integration Technologies",Linear Algebra,train,0,,0.0,0
1.264J_fall_2013,18.06SC_fall_2011,"Database, Internet, and Systems Integration Technologies",Linear Algebra,train,0,,0.0,0
1.264J_fall_2013,18.085_summer_2020,"Database, Internet, and Systems Integration Technologies",Computational Science and Engineering I,train,0,,0.0,0
1.264J_fall_2013,18.175_spring_2014,"Database, Internet, and Systems Integration Technologies",Theory of Probability,train,0,,0.0,0
1.264J_fall_2013,18.440_spring_2014,"Database, Internet, and Systems Integration Technologies",Probability and Random Variables,cross,0,,0.0,0
1.264J_fall_2013,18.465_spring_2007,"Database, Internet, and Systems Integration Technologies",Topics in Statistics: Statistical Learning Theory,cross,0,Computer Science,0.0447,0
1.264J_fall_2013,18.600_fall_2019,"Database, Internet, and Systems Integration Technologies",Probability and Random Variables,train,0,,0.0,0
1.264J_fall_2013,18.642_fall_2024,"Database, Internet, and Systems Integration Technologies",Topics in Mathematics with Applications in Finance,cross,0,,0.0,0
1.264J_fall_2013,18.650__formerly_18.443__fall_2006,"Database, Internet, and Systems Integration Technologies",Statistics for Applications,cross,0,,0.0,0
1.264J_fall_2013,18.650__formerly_18.443__spring_2015,"Database, Internet, and Systems Integration Technologies",Statistics for Applications,cross,0,,0.0,0
1.264J_fall_2013,18.655_spring_2016,"Database, Internet, and Systems Integration Technologies",Mathematical Statistics,cross,0,,0.0,0
1.264J_fall_2013,18.657_fall_2015,"Database, Internet, and Systems Integration Technologies",Mathematics of Machine Learning,train,0,Computer Science; Data Mining,0.1601,0
1.264J_fall_2013,18.700_fall_2013,"Database, Internet, and Systems Integration Technologies",Linear Algebra,train,0,,0.0,0
1.264J_fall_2013,18.S096_fall_2015,"Database, Internet, and Systems Integration Technologies",Topics in Mathematics of Data Science,train,0,Computer Science; Data Mining,0.2349,0
1.264J_fall_2013,18.S096_january-iap_2023,"Database, Internet, and Systems Integration Technologies",Matrix Calculus for Machine Learning and Beyond,train,0,,0.0,0
1.264J_fall_2013,18.S190_spring_2020,"Database, Internet, and Systems Integration Technologies","Introduction to Computational Thinking with Julia, with Applications to Modeling the COVID-19 Pandemic",cross,0,Computer Science,0.0311,0
1.264J_fall_2013,2.087_fall_2014,"Database, Internet, and Systems Integration Technologies",Engineering Math: Differential Equations and Linear Algebra,train,0,,0.0,0
1.264J_fall_2013,2.161_fall_2008,"Database, Internet, and Systems Integration Technologies",Signal Processing: Continuous and Discrete,train,0,,0.0,0
1.264J_fall_2013,21M.383_spring_2023,"Database, Internet, and Systems Integration Technologies",Computational Music Theory and Analysis,train,0,,0.0,0
1.264J_fall_2013,6.0002_fall_2016,"Database, Internet, and Systems Integration Technologies",Introduction to Computational Thinking and Data Science,train,0,Computer Science,0.0711,0
1.264J_fall_2013,6.006_fall_2011,"Database, Internet, and Systems Integration Technologies",Introduction to Algorithms,cross,0,Computer Science,0.0647,0
1.264J_fall_2013,6.006_spring_2020,"Database, Internet, and Systems Integration Technologies",Introduction to Algorithms,cross,0,Computer Science,0.0423,0
1.264J_fall_2013,6.036_fall_2020,"Database, Internet, and Systems Integration Technologies",Introduction to Machine Learning,train,0,Computer Science,0.0572,0
1.264J_fall_2013,6.041_fall_2010,"Database, Internet, and Systems Integration Technologies",Probabilistic Systems Analysis and Applied Probability,train,0,,0.0,0
1.264J_fall_2013,6.041_spring_2006,"Database, Internet, and Systems Integration Technologies",Probabilistic Systems Analysis and Applied  Probability,train,0,,0.0,0
1.264J_fall_2013,6.041SC_fall_2013,"Database, Internet, and Systems Integration Technologies",Probabilistic Systems Analysis and Applied Probability,train,0,,0.0,0
1.264J_fall_2013,6.046J_spring_2012,"Database, Internet, and Systems Integration Technologies",Design and Analysis of Algorithms,train,0,Computer Science,0.0647,0
1.264J_fall_2013,6.046J_spring_2015,"Database, Internet, and Systems Integration Technologies",Design and Analysis of Algorithms,train,0,Computer Science,0.0353,0
1.264J_fall_2013,6.079_fall_2009,"Database, Internet, and Systems Integration Technologies",Introduction to Convex Optimization,cross,0,,0.0,0
1.264J_fall_2013,6.253_spring_2012,"Database, Internet, and Systems Integration Technologies",Convex Analysis and Optimization,train,0,Computer Science,0.0494,0
1.264J_fall_2013,6.341_fall_2005,"Database, Internet, and Systems Integration Technologies",Discrete-Time Signal Processing,train,0,,0.0,0
1.264J_fall_2013,6.4210_fall_2022,"Database, Internet, and Systems Integration Technologies",Robotic Manipulation,train,0,Computer Science,0.0443,0
1.264J_fall_2013,6.436J_fall_2018,"Database, Internet, and Systems Integration Technologies",Fundamentals of Probability,cross,0,,0.0,0
1.264J_fall_2013,6.438_fall_2014,"Database, Internet, and Systems Integration Technologies",Algorithms for Inference,cross,0,Computer Science,0.0485,0
1.264J_fall_2013,6.7220J_spring_2025,"Database, Internet, and Systems Integration Technologies",Nonlinear Optimization,train,0,Computer Science,0.0388,0
1.264J_fall_2013,6.7960_fall_2024,"Database, Internet, and Systems Integration Technologies",Deep Learning,train,0,Computer Science,0.0525,0
1.264J_fall_2013,6.801_fall_2004,"Database, Internet, and Systems Integration Technologies",Machine Vision,train,0,Computer Science,0.0299,0
1.264J_fall_2013,6.801_fall_2020,"Database, Internet, and Systems Integration Technologies",Machine Vision,train,0,Computer Science,0.0525,0
1.264J_fall_2013,6.8300_spring_2025,"Database, Internet, and Systems Integration Technologies",Advances in Computer Vision,cross,0,Computer Science,0.0668,0
1.264J_fall_2013,6.832_spring_2009,"Database, Internet, and Systems Integration Technologies",Underactuated Robotics,train,0,Computer Science,0.0443,0
1.264J_fall_2013,6.852J_fall_2009,"Database, Internet, and Systems Integration Technologies",Distributed Algorithms,train,0,Computer Science,0.0504,0
1.264J_fall_2013,6.864_fall_2005,"Database, Internet, and Systems Integration Technologies",Advanced Natural Language Processing,cross,0,Computer Science,0.0339,0
1.264J_fall_2013,6.867_fall_2006,"Database, Internet, and Systems Integration Technologies",Machine Learning,train,0,Computer Science,0.0447,0
1.264J_fall_2013,6.S087_january-iap_2024,"Database, Internet, and Systems Integration Technologies",Foundation Models and Generative AI,train,0,Computer Science,0.0668,0
1.264J_fall_2013,6.S191_january-iap_2026,"Database, Internet, and Systems Integration Technologies",Introduction to Deep Learning,train,0,Computer Science; Software Design and Engineering,0.3339,1
1.264J_fall_2013,6.S897_spring_2019,"Database, Internet, and Systems Integration Technologies",Machine Learning for Healthcare,train,0,Computer Science,0.0303,0
1.264J_fall_2013,6.S980_fall_2022,"Database, Internet, and Systems Integration Technologies",Machine Learning for Inverse Graphics,cross,0,Computer Science,0.0525,0
1.264J_fall_2013,8.044_spring_2013,"Database, Internet, and Systems Integration Technologies",Statistical Physics I,cross,0,,0.0,0
1.264J_fall_2013,8.333_fall_2013,"Database, Internet, and Systems Integration Technologies",Statistical Mechanics I:  Statistical Mechanics of Particles,train,0,,0.0,0
1.264J_fall_2013,8.334_spring_2014,"Database, Internet, and Systems Integration Technologies",Statistical Mechanics II: Statistical Physics of Fields,train,0,,0.0,0
1.264J_fall_2013,9.520_spring_2003,"Database, Internet, and Systems Integration Technologies",Statistical Learning Theory and Applications,train,0,Computer Science,0.0447,0
1.264J_fall_2013,9.520_spring_2006,"Database, Internet, and Systems Integration Technologies",Statistical Learning Theory and Applications,train,0,,0.0,0
1.264J_fall_2013,ES.1803_spring_2024,"Database, Internet, and Systems Integration Technologies",Differential Equations,train,0,,0.0,0
1.264J_fall_2013,ESD.86_spring_2007,"Database, Internet, and Systems Integration Technologies","Models, Data and Inference for Socio-Technical Systems",cross,0,Computer Science; Data Mining,0.1821,0
1.264J_fall_2013,HST.953_fall_2020,"Database, Internet, and Systems Integration Technologies",Collaborative Data Science for Healthcare,train,0,Computer Science; Data Mining,0.1429,0
1.264J_fall_2013,MAS.622J_fall_2006,"Database, Internet, and Systems Integration Technologies",Pattern Recognition and Analysis,train,0,,0.0,0
1.264J_fall_2013,RES.6-012_spring_2018,"Database, Internet, and Systems Integration Technologies",Introduction to Probability,train,0,,0.0,0
1.264J_fall_2013,RES.6-013_fall_2021,"Database, Internet, and Systems Integration Technologies",AI 101,train,0,Computer Science,0.0668,0
1.264J_fall_2013,RES.8-010_summer_2018,"Database, Internet, and Systems Integration Technologies",Introduction to Statistical Physics,cross,0,,0.0,0
10.34_fall_2005,10.34_fall_2015,Numerical Methods Applied to Chemical Engineering,Numerical Methods Applied to Chemical Engineering,test,1,Applied Mathematics; Chemical Engineering; Computational Modeling and Simulation; Computer Science; Data Mining; Systems Engineering,1.0,1
10.34_fall_2005,11.126J_spring_2007,Numerical Methods Applied to Chemical Engineering,Economics of Education,test,0,,0.0,0
10.34_fall_2005,14.30_spring_2006,Numerical Methods Applied to Chemical Engineering,Introduction to Statistical Method in Economics,cross,0,Probability and Statistics,0.0423,0
10.34_fall_2005,14.30_spring_2009,Numerical Methods Applied to Chemical Engineering,Introduction to Statistical Methods in Economics,cross,0,Probability and Statistics,0.0423,0
10.34_fall_2005,14.32_spring_2007,Numerical Methods Applied to Chemical Engineering,Econometrics,cross,0,Probability and Statistics,0.0423,0
10.34_fall_2005,14.382_spring_2017,Numerical Methods Applied to Chemical Engineering,Econometrics,cross,0,,0.0,0
10.34_fall_2005,14.385_fall_2007,Numerical Methods Applied to Chemical Engineering,Nonlinear Econometric Analysis,test,0,Probability and Statistics,0.034,0
10.34_fall_2005,14.387_fall_2014,Numerical Methods Applied to Chemical Engineering,Applied Econometrics: Mostly Harmless Big Data,test,0,Computer Science; Data Mining; Probability and Statistics,0.1885,0
10.34_fall_2005,15.053_spring_2013,Numerical Methods Applied to Chemical Engineering,Optimization Methods in Management Science,cross,0,Applied Mathematics; Probability and Statistics; Systems Engineering,0.147,0
10.34_fall_2005,15.062_spring_2003,Numerical Methods Applied to Chemical Engineering,Data Mining,test,0,Computer Science; Data Mining,0.134,0
10.34_fall_2005,15.071_spring_2017,Numerical Methods Applied to Chemical Engineering,The Analytics Edge,cross,0,Probability and Statistics,0.0368,0
10.34_fall_2005,15.075J_fall_2011,Numerical Methods Applied to Chemical Engineering,Statistical Thinking and Data Analysis,cross,0,Computer Science; Data Mining; Probability and Statistics,0.2547,0
10.34_fall_2005,15.082J_fall_2010,Numerical Methods Applied to Chemical Engineering,Network Optimization,cross,0,Applied Mathematics; Computer Science; Systems Engineering,0.1446,0
10.34_fall_2005,15.083J_fall_2009,Numerical Methods Applied to Chemical Engineering,Integer Programming and Combinatorial Optimization,cross,0,Applied Mathematics; Systems Engineering,0.1731,0
10.34_fall_2005,15.093J_fall_2009,Numerical Methods Applied to Chemical Engineering,Optimization Methods,cross,0,Applied Mathematics; Systems Engineering,0.2016,0
10.34_fall_2005,15.450_fall_2010,Numerical Methods Applied to Chemical Engineering,Analytics of Finance,test,0,Probability and Statistics,0.0297,0
10.34_fall_2005,15.561_spring_2005,Numerical Methods Applied to Chemical Engineering,Information Technology Essentials,cross,0,Computer Science; Data Mining,0.1388,0
10.34_fall_2005,15.773_spring_2024,Numerical Methods Applied to Chemical Engineering,Hands-On Deep Learning,cross,0,Computer Science,0.0398,0
10.34_fall_2005,15.S08_spring_2020,Numerical Methods Applied to Chemical Engineering,FinTech: Shaping the Financial World ,cross,0,Computer Science,0.0276,0
10.34_fall_2005,16.412J_spring_2016,Numerical Methods Applied to Chemical Engineering,Cognitive Robotics,test,0,Computer Science,0.0346,0
10.34_fall_2005,18.03SC_fall_2011,Numerical Methods Applied to Chemical Engineering,Differential Equations,cross,0,,0.0,0
10.34_fall_2005,18.05_spring_2022,Numerical Methods Applied to Chemical Engineering,Introduction to Probability and Statistics,cross,0,Probability and Statistics,0.0493,0
10.34_fall_2005,18.065_spring_2018,Numerical Methods Applied to Chemical Engineering,"Matrix Methods in Data Analysis, Signal Processing, and Machine Learning",cross,0,Applied Mathematics,0.0643,0
10.34_fall_2005,18.06_spring_2010,Numerical Methods Applied to Chemical Engineering,Linear Algebra,cross,0,,0.0,0
10.34_fall_2005,18.06SC_fall_2011,Numerical Methods Applied to Chemical Engineering,Linear Algebra,cross,0,,0.0,0
10.34_fall_2005,18.085_summer_2020,Numerical Methods Applied to Chemical Engineering,Computational Science and Engineering I,cross,0,Applied Mathematics; Systems Engineering,0.1401,0
10.34_fall_2005,18.175_spring_2014,Numerical Methods Applied to Chemical Engineering,Theory of Probability,cross,0,Probability and Statistics,0.0458,0
10.34_fall_2005,18.440_spring_2014,Numerical Methods Applied to Chemical Engineering,Probability and Random Variables,test,0,Probability and Statistics,0.0493,0
10.34_fall_2005,18.465_spring_2007,Numerical Methods Applied to Chemical Engineering,Topics in Statistics: Statistical Learning Theory,test,0,Computer Science; Probability and Statistics,0.0762,0
10.34_fall_2005,18.600_fall_2019,Numerical Methods Applied to Chemical Engineering,Probability and Random Variables,cross,0,Probability and Statistics,0.0493,0
10.34_fall_2005,18.642_fall_2024,Numerical Methods Applied to Chemical Engineering,Topics in Mathematics with Applications in Finance,test,0,Applied Mathematics; Probability and Statistics,0.1355,0
10.34_fall_2005,18.650__formerly_18.443__fall_2006,Numerical Methods Applied to Chemical Engineering,Statistics for Applications,test,0,Applied Mathematics; Probability and Statistics,0.1459,0
10.34_fall_2005,18.650__formerly_18.443__spring_2015,Numerical Methods Applied to Chemical Engineering,Statistics for Applications,test,0,Applied Mathematics; Probability and Statistics,0.1459,0
10.34_fall_2005,18.655_spring_2016,Numerical Methods Applied to Chemical Engineering,Mathematical Statistics,test,0,Probability and Statistics,0.0447,0
10.34_fall_2005,18.657_fall_2015,Numerical Methods Applied to Chemical Engineering,Mathematics of Machine Learning,cross,0,Applied Mathematics; Computer Science; Data Mining; Probability and Statistics,0.2632,0
10.34_fall_2005,18.700_fall_2013,Numerical Methods Applied to Chemical Engineering,Linear Algebra,cross,0,,0.0,0
10.34_fall_2005,18.S096_fall_2015,Numerical Methods Applied to Chemical Engineering,Topics in Mathematics of Data Science,cross,0,Applied Mathematics; Computer Science; Data Mining; Probability and Statistics,0.3666,1
10.34_fall_2005,18.S096_january-iap_2023,Numerical Methods Applied to Chemical Engineering,Matrix Calculus for Machine Learning and Beyond,cross,0,Applied Mathematics,0.0748,0
10.34_fall_2005,18.S190_spring_2020,Numerical Methods Applied to Chemical Engineering,"Introduction to Computational Thinking with Julia, with Applications to Modeling the COVID-19 Pandemic",test,0,Applied Mathematics; Computer Science,0.0871,0
10.34_fall_2005,2.087_fall_2014,Numerical Methods Applied to Chemical Engineering,Engineering Math: Differential Equations and Linear Algebra,cross,0,Applied Mathematics,0.067,0
10.34_fall_2005,2.161_fall_2008,Numerical Methods Applied to Chemical Engineering,Signal Processing: Continuous and Discrete,cross,0,,0.0,0
10.34_fall_2005,21M.383_spring_2023,Numerical Methods Applied to Chemical Engineering,Computational Music Theory and Analysis,cross,0,Probability and Statistics,0.0235,0
10.34_fall_2005,6.0002_fall_2016,Numerical Methods Applied to Chemical Engineering,Introduction to Computational Thinking and Data Science,cross,0,Computer Science; Probability and Statistics,0.109,0
10.34_fall_2005,6.006_fall_2011,Numerical Methods Applied to Chemical Engineering,Introduction to Algorithms,test,0,Computer Science,0.0459,0
10.34_fall_2005,6.006_spring_2020,Numerical Methods Applied to Chemical Engineering,Introduction to Algorithms,test,0,Computer Science,0.0334,0
10.34_fall_2005,6.036_fall_2020,Numerical Methods Applied to Chemical Engineering,Introduction to Machine Learning,cross,0,Computer Science,0.042,0
10.34_fall_2005,6.041_fall_2010,Numerical Methods Applied to Chemical Engineering,Probabilistic Systems Analysis and Applied Probability,cross,0,Probability and Statistics; Systems Engineering,0.1609,0
10.34_fall_2005,6.041_spring_2006,Numerical Methods Applied to Chemical Engineering,Probabilistic Systems Analysis and Applied  Probability,cross,0,Probability and Statistics,0.0493,0
10.34_fall_2005,6.041SC_fall_2013,Numerical Methods Applied to Chemical Engineering,Probabilistic Systems Analysis and Applied Probability,cross,0,Probability and Statistics; Systems Engineering,0.1609,0
10.34_fall_2005,6.046J_spring_2012,Numerical Methods Applied to Chemical Engineering,Design and Analysis of Algorithms,cross,0,Computer Science,0.0459,0
10.34_fall_2005,6.046J_spring_2015,Numerical Methods Applied to Chemical Engineering,Design and Analysis of Algorithms,cross,0,Applied Mathematics; Computer Science,0.0972,0
10.34_fall_2005,6.079_fall_2009,Numerical Methods Applied to Chemical Engineering,Introduction to Convex Optimization,test,0,Applied Mathematics; Systems Engineering,0.1769,0
10.34_fall_2005,6.253_spring_2012,Numerical Methods Applied to Chemical Engineering,Convex Analysis and Optimization,cross,0,Computer Science,0.0376,0
10.34_fall_2005,6.341_fall_2005,Numerical Methods Applied to Chemical Engineering,Discrete-Time Signal Processing,cross,0,,0.0,0
10.34_fall_2005,6.4210_fall_2022,Numerical Methods Applied to Chemical Engineering,Robotic Manipulation,cross,0,Computer Science,0.0346,0
10.34_fall_2005,6.436J_fall_2018,Numerical Methods Applied to Chemical Engineering,Fundamentals of Probability,test,0,Probability and Statistics,0.0572,0
10.34_fall_2005,6.438_fall_2014,Numerical Methods Applied to Chemical Engineering,Algorithms for Inference,test,0,Computer Science; Probability and Statistics,0.0814,0
10.34_fall_2005,6.7220J_spring_2025,Numerical Methods Applied to Chemical Engineering,Nonlinear Optimization,cross,0,Applied Mathematics; Computer Science; Systems Engineering,0.2059,0
10.34_fall_2005,6.7960_fall_2024,Numerical Methods Applied to Chemical Engineering,Deep Learning,cross,0,Computer Science,0.0394,0
10.34_fall_2005,6.801_fall_2004,Numerical Methods Applied to Chemical Engineering,Machine Vision,cross,0,Computational Modeling and Simulation; Computer Science; Systems Engineering,0.2387,0
10.34_fall_2005,6.801_fall_2020,Numerical Methods Applied to Chemical Engineering,Machine Vision,cross,0,Computer Science,0.0394,0
10.34_fall_2005,6.8300_spring_2025,Numerical Methods Applied to Chemical Engineering,Advances in Computer Vision,test,0,Computer Science,0.0469,0
10.34_fall_2005,6.832_spring_2009,Numerical Methods Applied to Chemical Engineering,Underactuated Robotics,cross,0,Computer Science,0.0346,0
10.34_fall_2005,6.852J_fall_2009,Numerical Methods Applied to Chemical Engineering,Distributed Algorithms,cross,0,Computer Science,0.0382,0
10.34_fall_2005,6.864_fall_2005,Numerical Methods Applied to Chemical Engineering,Advanced Natural Language Processing,test,0,Computer Science,0.0279,0
10.34_fall_2005,6.867_fall_2006,Numerical Methods Applied to Chemical Engineering,Machine Learning,cross,0,Computer Science; Probability and Statistics,0.0762,0
10.34_fall_2005,6.S087_january-iap_2024,Numerical Methods Applied to Chemical Engineering,Foundation Models and Generative AI,cross,0,Computer Science,0.0469,0
10.34_fall_2005,6.S191_january-iap_2026,Numerical Methods Applied to Chemical Engineering,Introduction to Deep Learning,cross,0,Computer Science,0.0326,0
10.34_fall_2005,6.S897_spring_2019,Numerical Methods Applied to Chemical Engineering,Machine Learning for Healthcare,cross,0,Computer Science,0.0254,0
10.34_fall_2005,6.S980_fall_2022,Numerical Methods Applied to Chemical Engineering,Machine Learning for Inverse Graphics,test,0,Computer Science,0.0394,0
10.34_fall_2005,8.044_spring_2013,Numerical Methods Applied to Chemical Engineering,Statistical Physics I,test,0,Probability and Statistics,0.0388,0
10.34_fall_2005,8.333_fall_2013,Numerical Methods Applied to Chemical Engineering,Statistical Mechanics I:  Statistical Mechanics of Particles,cross,0,Probability and Statistics,0.0268,0
10.34_fall_2005,8.334_spring_2014,Numerical Methods Applied to Chemical Engineering,Statistical Mechanics II: Statistical Physics of Fields,cross,0,Probability and Statistics,0.0317,0
10.34_fall_2005,9.520_spring_2003,Numerical Methods Applied to Chemical Engineering,Statistical Learning Theory and Applications,cross,0,Computer Science; Probability and Statistics,0.0762,0
10.34_fall_2005,9.520_spring_2006,Numerical Methods Applied to Chemical Engineering,Statistical Learning Theory and Applications,cross,0,Probability and Statistics,0.0262,0
10.34_fall_2005,ES.1803_spring_2024,Numerical Methods Applied to Chemical Engineering,Differential Equations,cross,0,,0.0,0
10.34_fall_2005,ESD.86_spring_2007,Numerical Methods Applied to Chemical Engineering,"Models, Data and Inference for Socio-Technical Systems",test,0,Computational Modeling and Simulation; Computer Science; Data Mining; Probability and Statistics; Systems Engineering,0.6106,1
10.34_fall_2005,HST.953_fall_2020,Numerical Methods Applied to Chemical Engineering,Collaborative Data Science for Healthcare,cross,0,Computer Science; Data Mining,0.1155,0
10.34_fall_2005,MAS.622J_fall_2006,Numerical Methods Applied to Chemical Engineering,Pattern Recognition and Analysis,cross,0,Probability and Statistics,0.0363,0
10.34_fall_2005,RES.6-012_spring_2018,Numerical Methods Applied to Chemical Engineering,Introduction to Probability,cross,0,Probability and Statistics; Systems Engineering,0.1865,0
10.34_fall_2005,RES.6-013_fall_2021,Numerical Methods Applied to Chemical Engineering,AI 101,cross,0,Computer Science,0.0469,0
10.34_fall_2005,RES.8-010_summer_2018,Numerical Methods Applied to Chemical Engineering,Introduction to Statistical Physics,test,0,Probability and Statistics,0.0368,0
10.34_fall_2015,11.126J_spring_2007,Numerical Methods Applied to Chemical Engineering,Economics of Education,test,0,,0.0,0
10.34_fall_2015,14.30_spring_2006,Numerical Methods Applied to Chemical Engineering,Introduction to Statistical Method in Economics,cross,0,,0.0,0
10.34_fall_2015,14.30_spring_2009,Numerical Methods Applied to Chemical Engineering,Introduction to Statistical Methods in Economics,cross,0,,0.0,0
10.34_fall_2015,14.32_spring_2007,Numerical Methods Applied to Chemical Engineering,Econometrics,cross,0,,0.0,0
10.34_fall_2015,14.382_spring_2017,Numerical Methods Applied to Chemical Engineering,Econometrics,cross,0,,0.0,0
10.34_fall_2015,14.385_fall_2007,Numerical Methods Applied to Chemical Engineering,Nonlinear Econometric Analysis,test,0,,0.0,0
10.34_fall_2015,14.387_fall_2014,Numerical Methods Applied to Chemical Engineering,Applied Econometrics: Mostly Harmless Big Data,test,0,Computer Science; Data Mining,0.1462,0
10.34_fall_2015,15.053_spring_2013,Numerical Methods Applied to Chemical Engineering,Optimization Methods in Management Science,cross,0,Applied Mathematics; Systems Engineering,0.1189,0
10.34_fall_2015,15.062_spring_2003,Numerical Methods Applied to Chemical Engineering,Data Mining,test,0,Computer Science; Data Mining,0.1394,0
10.34_fall_2015,15.071_spring_2017,Numerical Methods Applied to Chemical Engineering,The Analytics Edge,cross,0,,0.0,0
10.34_fall_2015,15.075J_fall_2011,Numerical Methods Applied to Chemical Engineering,Statistical Thinking and Data Analysis,cross,0,Computer Science; Data Mining,0.1976,0
10.34_fall_2015,15.082J_fall_2010,Numerical Methods Applied to Chemical Engineering,Network Optimization,cross,0,Applied Mathematics; Computer Science; Systems Engineering,0.1488,0
10.34_fall_2015,15.083J_fall_2009,Numerical Methods Applied to Chemical Engineering,Integer Programming and Combinatorial Optimization,cross,0,Applied Mathematics; Systems Engineering,0.1805,0
10.34_fall_2015,15.093J_fall_2009,Numerical Methods Applied to Chemical Engineering,Optimization Methods,cross,0,Applied Mathematics; Systems Engineering,0.2117,0
10.34_fall_2015,15.450_fall_2010,Numerical Methods Applied to Chemical Engineering,Analytics of Finance,test,0,,0.0,0
10.34_fall_2015,15.561_spring_2005,Numerical Methods Applied to Chemical Engineering,Information Technology Essentials,cross,0,Computer Science; Data Mining,0.1446,0
10.34_fall_2015,15.773_spring_2024,Numerical Methods Applied to Chemical Engineering,Hands-On Deep Learning,cross,0,Computer Science,0.0417,0
10.34_fall_2015,15.S08_spring_2020,Numerical Methods Applied to Chemical Engineering,FinTech: Shaping the Financial World ,cross,0,Computer Science,0.0285,0
10.34_fall_2015,16.412J_spring_2016,Numerical Methods Applied to Chemical Engineering,Cognitive Robotics,test,0,Computer Science,0.036,0
10.34_fall_2015,18.03SC_fall_2011,Numerical Methods Applied to Chemical Engineering,Differential Equations,cross,0,,0.0,0
10.34_fall_2015,18.05_spring_2022,Numerical Methods Applied to Chemical Engineering,Introduction to Probability and Statistics,cross,0,,0.0,0
10.34_fall_2015,18.065_spring_2018,Numerical Methods Applied to Chemical Engineering,"Matrix Methods in Data Analysis, Signal Processing, and Machine Learning",cross,0,Applied Mathematics,0.0665,0
10.34_fall_2015,18.06_spring_2010,Numerical Methods Applied to Chemical Engineering,Linear Algebra,cross,0,,0.0,0
10.34_fall_2015,18.06SC_fall_2011,Numerical Methods Applied to Chemical Engineering,Linear Algebra,cross,0,,0.0,0
10.34_fall_2015,18.085_summer_2020,Numerical Methods Applied to Chemical Engineering,Computational Science and Engineering I,cross,0,Applied Mathematics; Systems Engineering,0.1449,0
10.34_fall_2015,18.175_spring_2014,Numerical Methods Applied to Chemical Engineering,Theory of Probability,cross,0,,0.0,0
10.34_fall_2015,18.440_spring_2014,Numerical Methods Applied to Chemical Engineering,Probability and Random Variables,test,0,,0.0,0
10.34_fall_2015,18.465_spring_2007,Numerical Methods Applied to Chemical Engineering,Topics in Statistics: Statistical Learning Theory,test,0,Computer Science,0.0362,0
10.34_fall_2015,18.600_fall_2019,Numerical Methods Applied to Chemical Engineering,Probability and Random Variables,cross,0,,0.0,0
10.34_fall_2015,18.642_fall_2024,Numerical Methods Applied to Chemical Engineering,Topics in Mathematics with Applications in Finance,test,0,Applied Mathematics,0.0897,0
10.34_fall_2015,18.650__formerly_18.443__fall_2006,Numerical Methods Applied to Chemical Engineering,Statistics for Applications,test,0,Applied Mathematics,0.0966,0
10.34_fall_2015,18.650__formerly_18.443__spring_2015,Numerical Methods Applied to Chemical Engineering,Statistics for Applications,test,0,Applied Mathematics,0.0966,0
10.34_fall_2015,18.655_spring_2016,Numerical Methods Applied to Chemical Engineering,Mathematical Statistics,test,0,,0.0,0
10.34_fall_2015,18.657_fall_2015,Numerical Methods Applied to Chemical Engineering,Mathematics of Machine Learning,cross,0,Applied Mathematics; Computer Science; Data Mining,0.2222,0
10.34_fall_2015,18.700_fall_2013,Numerical Methods Applied to Chemical Engineering,Linear Algebra,cross,0,,0.0,0
10.34_fall_2015,18.S096_fall_2015,Numerical Methods Applied to Chemical Engineering,Topics in Mathematics of Data Science,cross,0,Applied Mathematics; Computer Science; Data Mining,0.3095,1
10.34_fall_2015,18.S096_january-iap_2023,Numerical Methods Applied to Chemical Engineering,Matrix Calculus for Machine Learning and Beyond,cross,0,Applied Mathematics,0.0778,0
10.34_fall_2015,18.S190_spring_2020,Numerical Methods Applied to Chemical Engineering,"Introduction to Computational Thinking with Julia, with Applications to Modeling the COVID-19 Pandemic",test,0,Applied Mathematics; Computer Science,0.0898,0
10.34_fall_2015,2.087_fall_2014,Numerical Methods Applied to Chemical Engineering,Engineering Math: Differential Equations and Linear Algebra,cross,0,Applied Mathematics,0.0694,0
10.34_fall_2015,2.161_fall_2008,Numerical Methods Applied to Chemical Engineering,Signal Processing: Continuous and Discrete,cross,0,,0.0,0
10.34_fall_2015,21M.383_spring_2023,Numerical Methods Applied to Chemical Engineering,Computational Music Theory and Analysis,cross,0,,0.0,0
10.34_fall_2015,6.0002_fall_2016,Numerical Methods Applied to Chemical Engineering,Introduction to Computational Thinking and Data Science,cross,0,Computer Science,0.0518,0
10.34_fall_2015,6.006_fall_2011,Numerical Methods Applied to Chemical Engineering,Introduction to Algorithms,test,0,Computer Science,0.0483,0
10.34_fall_2015,6.006_spring_2020,Numerical Methods Applied to Chemical Engineering,Introduction to Algorithms,test,0,Computer Science,0.0347,0
10.34_fall_2015,6.036_fall_2020,Numerical Methods Applied to Chemical Engineering,Introduction to Machine Learning,cross,0,Computer Science,0.0441,0
10.34_fall_2015,6.041_fall_2010,Numerical Methods Applied to Chemical Engineering,Probabilistic Systems Analysis and Applied Probability,cross,0,Systems Engineering,0.1116,0
10.34_fall_2015,6.041_spring_2006,Numerical Methods Applied to Chemical Engineering,Probabilistic Systems Analysis and Applied  Probability,cross,0,,0.0,0
10.34_fall_2015,6.041SC_fall_2013,Numerical Methods Applied to Chemical Engineering,Probabilistic Systems Analysis and Applied Probability,cross,0,Systems Engineering,0.1116,0
10.34_fall_2015,6.046J_spring_2012,Numerical Methods Applied to Chemical Engineering,Design and Analysis of Algorithms,cross,0,Computer Science,0.0483,0
10.34_fall_2015,6.046J_spring_2015,Numerical Methods Applied to Chemical Engineering,Design and Analysis of Algorithms,cross,0,Applied Mathematics; Computer Science,0.1006,0
10.34_fall_2015,6.079_fall_2009,Numerical Methods Applied to Chemical Engineering,Introduction to Convex Optimization,test,0,Applied Mathematics; Systems Engineering,0.1846,0
10.34_fall_2015,6.253_spring_2012,Numerical Methods Applied to Chemical Engineering,Convex Analysis and Optimization,cross,0,Computer Science,0.0393,0
10.34_fall_2015,6.341_fall_2005,Numerical Methods Applied to Chemical Engineering,Discrete-Time Signal Processing,cross,0,,0.0,0
10.34_fall_2015,6.4210_fall_2022,Numerical Methods Applied to Chemical Engineering,Robotic Manipulation,cross,0,Computer Science,0.036,0
10.34_fall_2015,6.436J_fall_2018,Numerical Methods Applied to Chemical Engineering,Fundamentals of Probability,test,0,,0.0,0
10.34_fall_2015,6.438_fall_2014,Numerical Methods Applied to Chemical Engineering,Algorithms for Inference,test,0,Computer Science,0.0387,0
10.34_fall_2015,6.7220J_spring_2025,Numerical Methods Applied to Chemical Engineering,Nonlinear Optimization,cross,0,Applied Mathematics; Computer Science; Systems Engineering,0.2145,0
10.34_fall_2015,6.7960_fall_2024,Numerical Methods Applied to Chemical Engineering,Deep Learning,cross,0,Computer Science,0.0412,0
10.34_fall_2015,6.801_fall_2004,Numerical Methods Applied to Chemical Engineering,Machine Vision,cross,0,Computational Modeling and Simulation; Computer Science; Systems Engineering,0.2469,0
10.34_fall_2015,6.801_fall_2020,Numerical Methods Applied to Chemical Engineering,Machine Vision,cross,0,Computer Science,0.0412,0
10.34_fall_2015,6.8300_spring_2025,Numerical Methods Applied to Chemical Engineering,Advances in Computer Vision,test,0,Computer Science,0.0495,0
10.34_fall_2015,6.832_spring_2009,Numerical Methods Applied to Chemical Engineering,Underactuated Robotics,cross,0,Computer Science,0.036,0
10.34_fall_2015,6.852J_fall_2009,Numerical Methods Applied to Chemical Engineering,Distributed Algorithms,cross,0,Computer Science,0.0399,0
10.34_fall_2015,6.864_fall_2005,Numerical Methods Applied to Chemical Engineering,Advanced Natural Language Processing,test,0,Computer Science,0.0288,0
10.34_fall_2015,6.867_fall_2006,Numerical Methods Applied to Chemical Engineering,Machine Learning,cross,0,Computer Science,0.0362,0
10.34_fall_2015,6.S087_january-iap_2024,Numerical Methods Applied to Chemical Engineering,Foundation Models and Generative AI,cross,0,Computer Science,0.0495,0
10.34_fall_2015,6.S191_january-iap_2026,Numerical Methods Applied to Chemical Engineering,Introduction to Deep Learning,cross,0,Computer Science,0.0338,0
10.34_fall_2015,6.S897_spring_2019,Numerical Methods Applied to Chemical Engineering,Machine Learning for Healthcare,cross,0,Computer Science,0.0262,0
10.34_fall_2015,6.S980_fall_2022,Numerical Methods Applied to Chemical Engineering,Machine Learning for Inverse Graphics,test,0,Computer Science,0.0412,0
10.34_fall_2015,8.044_spring_2013,Numerical Methods Applied to Chemical Engineering,Statistical Physics I,test,0,,0.0,0
10.34_fall_2015,8.333_fall_2013,Numerical Methods Applied to Chemical Engineering,Statistical Mechanics I:  Statistical Mechanics of Particles,cross,0,,0.0,0
10.34_fall_2015,8.334_spring_2014,Numerical Methods Applied to Chemical Engineering,Statistical Mechanics II: Statistical Physics of Fields,cross,0,,0.0,0
10.34_fall_2015,9.520_spring_2003,Numerical Methods Applied to Chemical Engineering,Statistical Learning Theory and Applications,cross,0,Computer Science,0.0362,0
10.34_fall_2015,9.520_spring_2006,Numerical Methods Applied to Chemical Engineering,Statistical Learning Theory and Applications,cross,0,,0.0,0
10.34_fall_2015,ES.1803_spring_2024,Numerical Methods Applied to Chemical Engineering,Differential Equations,cross,0,,0.0,0
10.34_fall_2015,ESD.86_spring_2007,Numerical Methods Applied to Chemical Engineering,"Models, Data and Inference for Socio-Technical Systems",test,0,Computational Modeling and Simulation; Computer Science; Data Mining; Systems Engineering,0.5534,1
10.34_fall_2015,HST.953_fall_2020,Numerical Methods Applied to Chemical Engineering,Collaborative Data Science for Healthcare,cross,0,Computer Science; Data Mining,0.1195,0
10.34_fall_2015,MAS.622J_fall_2006,Numerical Methods Applied to Chemical Engineering,Pattern Recognition and Analysis,cross,0,,0.0,0
10.34_fall_2015,RES.6-012_spring_2018,Numerical Methods Applied to Chemical Engineering,Introduction to Probability,cross,0,Systems Engineering,0.1293,0
10.34_fall_2015,RES.6-013_fall_2021,Numerical Methods Applied to Chemical Engineering,AI 101,cross,0,Computer Science,0.0495,0
10.34_fall_2015,RES.8-010_summer_2018,Numerical Methods Applied to Chemical Engineering,Introduction to Statistical Physics,test,0,,0.0,0
11.126J_spring_2007,14.30_spring_2006,Economics of Education,Introduction to Statistical Method in Economics,cross,0,Econometrics; Economics,0.3296,1
11.126J_spring_2007,14.30_spring_2009,Economics of Education,Introduction to Statistical Methods in Economics,cross,0,Econometrics; Economics,0.3296,1
11.126J_spring_2007,14.32_spring_2007,Economics of Education,Econometrics,cross,0,Econometrics; Economics,0.3296,1
11.126J_spring_2007,14.382_spring_2017,Economics of Education,Econometrics,cross,0,Econometrics; Economics,0.3483,1
11.126J_spring_2007,14.385_fall_2007,Economics of Education,Nonlinear Econometric Analysis,test,0,Econometrics; Economics,0.2519,0
11.126J_spring_2007,14.387_fall_2014,Economics of Education,Applied Econometrics: Mostly Harmless Big Data,test,0,Econometrics; Economics,0.278,0
11.126J_spring_2007,15.053_spring_2013,Economics of Education,Optimization Methods in Management Science,cross,0,,0.0,0
11.126J_spring_2007,15.062_spring_2003,Economics of Education,Data Mining,test,0,,0.0,0
11.126J_spring_2007,15.071_spring_2017,Economics of Education,The Analytics Edge,cross,0,,0.0,0
11.126J_spring_2007,15.075J_fall_2011,Economics of Education,Statistical Thinking and Data Analysis,cross,0,,0.0,0
11.126J_spring_2007,15.082J_fall_2010,Economics of Education,Network Optimization,cross,0,,0.0,0
11.126J_spring_2007,15.083J_fall_2009,Economics of Education,Integer Programming and Combinatorial Optimization,cross,0,,0.0,0
11.126J_spring_2007,15.093J_fall_2009,Economics of Education,Optimization Methods,cross,0,,0.0,0
11.126J_spring_2007,15.450_fall_2010,Economics of Education,Analytics of Finance,test,0,Econometrics; Economics,0.2139,0
11.126J_spring_2007,15.561_spring_2005,Economics of Education,Information Technology Essentials,cross,0,,0.0,0
11.126J_spring_2007,15.773_spring_2024,Economics of Education,Hands-On Deep Learning,cross,0,,0.0,0
11.126J_spring_2007,15.S08_spring_2020,Economics of Education,FinTech: Shaping the Financial World ,cross,0,,0.0,0
11.126J_spring_2007,16.412J_spring_2016,Economics of Education,Cognitive Robotics,test,0,,0.0,0
11.126J_spring_2007,18.03SC_fall_2011,Economics of Education,Differential Equations,cross,0,,0.0,0
11.126J_spring_2007,18.05_spring_2022,Economics of Education,Introduction to Probability and Statistics,cross,0,,0.0,0
11.126J_spring_2007,18.065_spring_2018,Economics of Education,"Matrix Methods in Data Analysis, Signal Processing, and Machine Learning",cross,0,,0.0,0
11.126J_spring_2007,18.06_spring_2010,Economics of Education,Linear Algebra,cross,0,,0.0,0
11.126J_spring_2007,18.06SC_fall_2011,Economics of Education,Linear Algebra,cross,0,,0.0,0
11.126J_spring_2007,18.085_summer_2020,Economics of Education,Computational Science and Engineering I,cross,0,,0.0,0
11.126J_spring_2007,18.175_spring_2014,Economics of Education,Theory of Probability,cross,0,,0.0,0
11.126J_spring_2007,18.440_spring_2014,Economics of Education,Probability and Random Variables,test,0,,0.0,0
11.126J_spring_2007,18.465_spring_2007,Economics of Education,Topics in Statistics: Statistical Learning Theory,test,0,,0.0,0
11.126J_spring_2007,18.600_fall_2019,Economics of Education,Probability and Random Variables,cross,0,,0.0,0
11.126J_spring_2007,18.642_fall_2024,Economics of Education,Topics in Mathematics with Applications in Finance,test,0,,0.0,0
11.126J_spring_2007,18.650__formerly_18.443__fall_2006,Economics of Education,Statistics for Applications,test,0,,0.0,0
11.126J_spring_2007,18.650__formerly_18.443__spring_2015,Economics of Education,Statistics for Applications,test,0,,0.0,0
11.126J_spring_2007,18.655_spring_2016,Economics of Education,Mathematical Statistics,test,0,,0.0,0
11.126J_spring_2007,18.657_fall_2015,Economics of Education,Mathematics of Machine Learning,cross,0,,0.0,0
11.126J_spring_2007,18.700_fall_2013,Economics of Education,Linear Algebra,cross,0,,0.0,0
11.126J_spring_2007,18.S096_fall_2015,Economics of Education,Topics in Mathematics of Data Science,cross,0,,0.0,0
11.126J_spring_2007,18.S096_january-iap_2023,Economics of Education,Matrix Calculus for Machine Learning and Beyond,cross,0,,0.0,0
11.126J_spring_2007,18.S190_spring_2020,Economics of Education,"Introduction to Computational Thinking with Julia, with Applications to Modeling the COVID-19 Pandemic",test,0,,0.0,0
11.126J_spring_2007,2.087_fall_2014,Economics of Education,Engineering Math: Differential Equations and Linear Algebra,cross,0,,0.0,0
11.126J_spring_2007,2.161_fall_2008,Economics of Education,Signal Processing: Continuous and Discrete,cross,0,,0.0,0
11.126J_spring_2007,21M.383_spring_2023,Economics of Education,Computational Music Theory and Analysis,cross,0,,0.0,0
11.126J_spring_2007,6.0002_fall_2016,Economics of Education,Introduction to Computational Thinking and Data Science,cross,0,,0.0,0
11.126J_spring_2007,6.006_fall_2011,Economics of Education,Introduction to Algorithms,test,0,,0.0,0
11.126J_spring_2007,6.006_spring_2020,Economics of Education,Introduction to Algorithms,test,0,,0.0,0
11.126J_spring_2007,6.036_fall_2020,Economics of Education,Introduction to Machine Learning,cross,0,,0.0,0
11.126J_spring_2007,6.041_fall_2010,Economics of Education,Probabilistic Systems Analysis and Applied Probability,cross,0,,0.0,0
11.126J_spring_2007,6.041_spring_2006,Economics of Education,Probabilistic Systems Analysis and Applied  Probability,cross,0,,0.0,0
11.126J_spring_2007,6.041SC_fall_2013,Economics of Education,Probabilistic Systems Analysis and Applied Probability,cross,0,,0.0,0
11.126J_spring_2007,6.046J_spring_2012,Economics of Education,Design and Analysis of Algorithms,cross,0,,0.0,0
11.126J_spring_2007,6.046J_spring_2015,Economics of Education,Design and Analysis of Algorithms,cross,0,,0.0,0
11.126J_spring_2007,6.079_fall_2009,Economics of Education,Introduction to Convex Optimization,test,0,,0.0,0
11.126J_spring_2007,6.253_spring_2012,Economics of Education,Convex Analysis and Optimization,cross,0,,0.0,0
11.126J_spring_2007,6.341_fall_2005,Economics of Education,Discrete-Time Signal Processing,cross,0,,0.0,0
11.126J_spring_2007,6.4210_fall_2022,Economics of Education,Robotic Manipulation,cross,0,,0.0,0
11.126J_spring_2007,6.436J_fall_2018,Economics of Education,Fundamentals of Probability,test,0,,0.0,0
11.126J_spring_2007,6.438_fall_2014,Economics of Education,Algorithms for Inference,test,0,,0.0,0
11.126J_spring_2007,6.7220J_spring_2025,Economics of Education,Nonlinear Optimization,cross,0,,0.0,0
11.126J_spring_2007,6.7960_fall_2024,Economics of Education,Deep Learning,cross,0,,0.0,0
11.126J_spring_2007,6.801_fall_2004,Economics of Education,Machine Vision,cross,0,,0.0,0
11.126J_spring_2007,6.801_fall_2020,Economics of Education,Machine Vision,cross,0,,0.0,0
11.126J_spring_2007,6.8300_spring_2025,Economics of Education,Advances in Computer Vision,test,0,,0.0,0
11.126J_spring_2007,6.832_spring_2009,Economics of Education,Underactuated Robotics,cross,0,,0.0,0
11.126J_spring_2007,6.852J_fall_2009,Economics of Education,Distributed Algorithms,cross,0,,0.0,0
11.126J_spring_2007,6.864_fall_2005,Economics of Education,Advanced Natural Language Processing,test,0,,0.0,0
11.126J_spring_2007,6.867_fall_2006,Economics of Education,Machine Learning,cross,0,,0.0,0
11.126J_spring_2007,6.S087_january-iap_2024,Economics of Education,Foundation Models and Generative AI,cross,0,,0.0,0
11.126J_spring_2007,6.S191_january-iap_2026,Economics of Education,Introduction to Deep Learning,cross,0,,0.0,0
11.126J_spring_2007,6.S897_spring_2019,Economics of Education,Machine Learning for Healthcare,cross,0,,0.0,0
11.126J_spring_2007,6.S980_fall_2022,Economics of Education,Machine Learning for Inverse Graphics,test,0,,0.0,0
11.126J_spring_2007,8.044_spring_2013,Economics of Education,Statistical Physics I,test,0,,0.0,0
11.126J_spring_2007,8.333_fall_2013,Economics of Education,Statistical Mechanics I:  Statistical Mechanics of Particles,cross,0,,0.0,0
11.126J_spring_2007,8.334_spring_2014,Economics of Education,Statistical Mechanics II: Statistical Physics of Fields,cross,0,,0.0,0
11.126J_spring_2007,9.520_spring_2003,Economics of Education,Statistical Learning Theory and Applications,cross,0,,0.0,0
11.126J_spring_2007,9.520_spring_2006,Economics of Education,Statistical Learning Theory and Applications,cross,0,,0.0,0
11.126J_spring_2007,ES.1803_spring_2024,Economics of Education,Differential Equations,cross,0,,0.0,0
11.126J_spring_2007,ESD.86_spring_2007,Economics of Education,"Models, Data and Inference for Socio-Technical Systems",test,0,,0.0,0
11.126J_spring_2007,HST.953_fall_2020,Economics of Education,Collaborative Data Science for Healthcare,cross,0,,0.0,0
11.126J_spring_2007,MAS.622J_fall_2006,Economics of Education,Pattern Recognition and Analysis,cross,0,,0.0,0
11.126J_spring_2007,RES.6-012_spring_2018,Economics of Education,Introduction to Probability,cross,0,,0.0,0
11.126J_spring_2007,RES.6-013_fall_2021,Economics of Education,AI 101,cross,0,,0.0,0
11.126J_spring_2007,RES.8-010_summer_2018,Economics of Education,Introduction to Statistical Physics,test,0,,0.0,0
14.30_spring_2006,14.30_spring_2009,Introduction to Statistical Method in Economics,Introduction to Statistical Methods in Economics,train,1,Econometrics; Economics; Probability and Statistics,1.0,1
14.30_spring_2006,14.32_spring_2007,Introduction to Statistical Method in Economics,Econometrics,train,0,Econometrics; Economics; Probability and Statistics,1.0,1
14.30_spring_2006,14.382_spring_2017,Introduction to Statistical Method in Economics,Econometrics,train,0,Econometrics; Economics,0.86,1
14.30_spring_2006,14.385_fall_2007,Introduction to Statistical Method in Economics,Nonlinear Econometric Analysis,cross,0,Econometrics; Economics; Probability and Statistics,0.5541,1
14.30_spring_2006,14.387_fall_2014,Introduction to Statistical Method in Economics,Applied Econometrics: Mostly Harmless Big Data,cross,0,Econometrics; Economics; Probability and Statistics,0.6739,1
14.30_spring_2006,15.053_spring_2013,Introduction to Statistical Method in Economics,Optimization Methods in Management Science,train,0,Probability and Statistics,0.034,0
14.30_spring_2006,15.062_spring_2003,Introduction to Statistical Method in Economics,Data Mining,cross,0,,0.0,0
14.30_spring_2006,15.071_spring_2017,Introduction to Statistical Method in Economics,The Analytics Edge,train,0,Probability and Statistics,0.0593,0
14.30_spring_2006,15.075J_fall_2011,Introduction to Statistical Method in Economics,Statistical Thinking and Data Analysis,train,0,Probability and Statistics,0.0943,0
14.30_spring_2006,15.082J_fall_2010,Introduction to Statistical Method in Economics,Network Optimization,train,0,,0.0,0
14.30_spring_2006,15.083J_fall_2009,Introduction to Statistical Method in Economics,Integer Programming and Combinatorial Optimization,train,0,,0.0,0
14.30_spring_2006,15.093J_fall_2009,Introduction to Statistical Method in Economics,Optimization Methods,train,0,,0.0,0
14.30_spring_2006,15.450_fall_2010,Introduction to Statistical Method in Economics,Analytics of Finance,cross,0,Econometrics; Economics; Probability and Statistics,0.4147,1
14.30_spring_2006,15.561_spring_2005,Introduction to Statistical Method in Economics,Information Technology Essentials,train,0,,0.0,0
14.30_spring_2006,15.773_spring_2024,Introduction to Statistical Method in Economics,Hands-On Deep Learning,train,0,,0.0,0
14.30_spring_2006,15.S08_spring_2020,Introduction to Statistical Method in Economics,FinTech: Shaping the Financial World ,train,0,,0.0,0
14.30_spring_2006,16.412J_spring_2016,Introduction to Statistical Method in Economics,Cognitive Robotics,cross,0,,0.0,0
14.30_spring_2006,18.03SC_fall_2011,Introduction to Statistical Method in Economics,Differential Equations,train,0,,0.0,0
14.30_spring_2006,18.05_spring_2022,Introduction to Statistical Method in Economics,Introduction to Probability and Statistics,train,0,Probability and Statistics,0.1007,0
14.30_spring_2006,18.065_spring_2018,Introduction to Statistical Method in Economics,"Matrix Methods in Data Analysis, Signal Processing, and Machine Learning",train,0,,0.0,0
14.30_spring_2006,18.06_spring_2010,Introduction to Statistical Method in Economics,Linear Algebra,train,0,,0.0,0
14.30_spring_2006,18.06SC_fall_2011,Introduction to Statistical Method in Economics,Linear Algebra,train,0,,0.0,0
14.30_spring_2006,18.085_summer_2020,Introduction to Statistical Method in Economics,Computational Science and Engineering I,train,0,,0.0,0
14.30_spring_2006,18.175_spring_2014,Introduction to Statistical Method in Economics,Theory of Probability,train,0,Probability and Statistics,0.0871,0
14.30_spring_2006,18.440_spring_2014,Introduction to Statistical Method in Economics,Probability and Random Variables,cross,0,Probability and Statistics,0.1007,0
14.30_spring_2006,18.465_spring_2007,Introduction to Statistical Method in Economics,Topics in Statistics: Statistical Learning Theory,cross,0,Probability and Statistics,0.0642,0
14.30_spring_2006,18.600_fall_2019,Introduction to Statistical Method in Economics,Probability and Random Variables,train,0,Probability and Statistics,0.1007,0
14.30_spring_2006,18.642_fall_2024,Introduction to Statistical Method in Economics,Topics in Mathematics with Applications in Finance,cross,0,Probability and Statistics,0.0744,0
14.30_spring_2006,18.650__formerly_18.443__fall_2006,Introduction to Statistical Method in Economics,Statistics for Applications,cross,0,Probability and Statistics,0.0841,0
14.30_spring_2006,18.650__formerly_18.443__spring_2015,Introduction to Statistical Method in Economics,Statistics for Applications,cross,0,Probability and Statistics,0.0841,0
14.30_spring_2006,18.655_spring_2016,Introduction to Statistical Method in Economics,Mathematical Statistics,cross,0,Probability and Statistics,0.0833,0
14.30_spring_2006,18.657_fall_2015,Introduction to Statistical Method in Economics,Mathematics of Machine Learning,train,0,Probability and Statistics,0.0515,0
14.30_spring_2006,18.700_fall_2013,Introduction to Statistical Method in Economics,Linear Algebra,train,0,,0.0,0
14.30_spring_2006,18.S096_fall_2015,Introduction to Statistical Method in Economics,Topics in Mathematics of Data Science,train,0,Probability and Statistics,0.0796,0
14.30_spring_2006,18.S096_january-iap_2023,Introduction to Statistical Method in Economics,Matrix Calculus for Machine Learning and Beyond,train,0,,0.0,0
14.30_spring_2006,18.S190_spring_2020,Introduction to Statistical Method in Economics,"Introduction to Computational Thinking with Julia, with Applications to Modeling the COVID-19 Pandemic",cross,0,,0.0,0
14.30_spring_2006,2.087_fall_2014,Introduction to Statistical Method in Economics,Engineering Math: Differential Equations and Linear Algebra,train,0,,0.0,0
14.30_spring_2006,2.161_fall_2008,Introduction to Statistical Method in Economics,Signal Processing: Continuous and Discrete,train,0,,0.0,0
14.30_spring_2006,21M.383_spring_2023,Introduction to Statistical Method in Economics,Computational Music Theory and Analysis,train,0,Probability and Statistics,0.0311,0
14.30_spring_2006,6.0002_fall_2016,Introduction to Statistical Method in Economics,Introduction to Computational Thinking and Data Science,train,0,Probability and Statistics,0.1242,0
14.30_spring_2006,6.006_fall_2011,Introduction to Statistical Method in Economics,Introduction to Algorithms,cross,0,,0.0,0
14.30_spring_2006,6.006_spring_2020,Introduction to Statistical Method in Economics,Introduction to Algorithms,cross,0,,0.0,0
14.30_spring_2006,6.036_fall_2020,Introduction to Statistical Method in Economics,Introduction to Machine Learning,train,0,,0.0,0
14.30_spring_2006,6.041_fall_2010,Introduction to Statistical Method in Economics,Probabilistic Systems Analysis and Applied Probability,train,0,Probability and Statistics,0.082,0
14.30_spring_2006,6.041_spring_2006,Introduction to Statistical Method in Economics,Probabilistic Systems Analysis and Applied  Probability,train,0,Probability and Statistics,0.1007,0
14.30_spring_2006,6.041SC_fall_2013,Introduction to Statistical Method in Economics,Probabilistic Systems Analysis and Applied Probability,train,0,Probability and Statistics,0.082,0
14.30_spring_2006,6.046J_spring_2012,Introduction to Statistical Method in Economics,Design and Analysis of Algorithms,train,0,,0.0,0
14.30_spring_2006,6.046J_spring_2015,Introduction to Statistical Method in Economics,Design and Analysis of Algorithms,train,0,,0.0,0
14.30_spring_2006,6.079_fall_2009,Introduction to Statistical Method in Economics,Introduction to Convex Optimization,cross,0,,0.0,0
14.30_spring_2006,6.253_spring_2012,Introduction to Statistical Method in Economics,Convex Analysis and Optimization,train,0,,0.0,0
14.30_spring_2006,6.341_fall_2005,Introduction to Statistical Method in Economics,Discrete-Time Signal Processing,train,0,,0.0,0
14.30_spring_2006,6.4210_fall_2022,Introduction to Statistical Method in Economics,Robotic Manipulation,train,0,,0.0,0
14.30_spring_2006,6.436J_fall_2018,Introduction to Statistical Method in Economics,Fundamentals of Probability,cross,0,Probability and Statistics,0.14,0
14.30_spring_2006,6.438_fall_2014,Introduction to Statistical Method in Economics,Algorithms for Inference,cross,0,Probability and Statistics,0.0715,0
14.30_spring_2006,6.7220J_spring_2025,Introduction to Statistical Method in Economics,Nonlinear Optimization,train,0,,0.0,0
14.30_spring_2006,6.7960_fall_2024,Introduction to Statistical Method in Economics,Deep Learning,train,0,,0.0,0
14.30_spring_2006,6.801_fall_2004,Introduction to Statistical Method in Economics,Machine Vision,train,0,,0.0,0
14.30_spring_2006,6.801_fall_2020,Introduction to Statistical Method in Economics,Machine Vision,train,0,,0.0,0
14.30_spring_2006,6.8300_spring_2025,Introduction to Statistical Method in Economics,Advances in Computer Vision,cross,0,,0.0,0
14.30_spring_2006,6.832_spring_2009,Introduction to Statistical Method in Economics,Underactuated Robotics,train,0,,0.0,0
14.30_spring_2006,6.852J_fall_2009,Introduction to Statistical Method in Economics,Distributed Algorithms,train,0,,0.0,0
14.30_spring_2006,6.864_fall_2005,Introduction to Statistical Method in Economics,Advanced Natural Language Processing,cross,0,,0.0,0
14.30_spring_2006,6.867_fall_2006,Introduction to Statistical Method in Economics,Machine Learning,train,0,Probability and Statistics,0.0642,0
14.30_spring_2006,6.S087_january-iap_2024,Introduction to Statistical Method in Economics,Foundation Models and Generative AI,train,0,,0.0,0
14.30_spring_2006,6.S191_january-iap_2026,Introduction to Statistical Method in Economics,Introduction to Deep Learning,train,0,,0.0,0
14.30_spring_2006,6.S897_spring_2019,Introduction to Statistical Method in Economics,Machine Learning for Healthcare,train,0,,0.0,0
14.30_spring_2006,6.S980_fall_2022,Introduction to Statistical Method in Economics,Machine Learning for Inverse Graphics,cross,0,,0.0,0
14.30_spring_2006,8.044_spring_2013,Introduction to Statistical Method in Economics,Statistical Physics I,cross,0,Probability and Statistics,0.0648,0
14.30_spring_2006,8.333_fall_2013,Introduction to Statistical Method in Economics,Statistical Mechanics I:  Statistical Mechanics of Particles,train,0,Probability and Statistics,0.0371,0
14.30_spring_2006,8.334_spring_2014,Introduction to Statistical Method in Economics,Statistical Mechanics II: Statistical Physics of Fields,train,0,Probability and Statistics,0.0472,0
14.30_spring_2006,9.520_spring_2003,Introduction to Statistical Method in Economics,Statistical Learning Theory and Applications,train,0,Probability and Statistics,0.0642,0
14.30_spring_2006,9.520_spring_2006,Introduction to Statistical Method in Economics,Statistical Learning Theory and Applications,train,0,Probability and Statistics,0.0359,0
14.30_spring_2006,ES.1803_spring_2024,Introduction to Statistical Method in Economics,Differential Equations,train,0,,0.0,0
14.30_spring_2006,ESD.86_spring_2007,Introduction to Statistical Method in Economics,"Models, Data and Inference for Socio-Technical Systems",cross,0,Probability and Statistics,0.0594,0
14.30_spring_2006,HST.953_fall_2020,Introduction to Statistical Method in Economics,Collaborative Data Science for Healthcare,train,0,,0.0,0
14.30_spring_2006,MAS.622J_fall_2006,Introduction to Statistical Method in Economics,Pattern Recognition and Analysis,train,0,Probability and Statistics,0.0582,0
14.30_spring_2006,RES.6-012_spring_2018,Introduction to Statistical Method in Economics,Introduction to Probability,train,0,Probability and Statistics,0.1063,0
14.30_spring_2006,RES.6-013_fall_2021,Introduction to Statistical Method in Economics,AI 101,train,0,,0.0,0
14.30_spring_2006,RES.8-010_summer_2018,Introduction to Statistical Method in Economics,Introduction to Statistical Physics,cross,0,Probability and Statistics,0.0593,0
14.30_spring_2009,14.32_spring_2007,Introduction to Statistical Methods in Economics,Econometrics,train,0,Econometrics; Economics; Probability and Statistics,1.0,1
14.30_spring_2009,14.382_spring_2017,Introduction to Statistical Methods in Economics,Econometrics,train,0,Econometrics; Economics,0.86,1
14.30_spring_2009,14.385_fall_2007,Introduction to Statistical Methods in Economics,Nonlinear Econometric Analysis,cross,0,Econometrics; Economics; Probability and Statistics,0.5541,1
14.30_spring_2009,14.387_fall_2014,Introduction to Statistical Methods in Economics,Applied Econometrics: Mostly Harmless Big Data,cross,0,Econometrics; Economics; Probability and Statistics,0.6739,1
14.30_spring_2009,15.053_spring_2013,Introduction to Statistical Methods in Economics,Optimization Methods in Management Science,train,0,Probability and Statistics,0.034,0
14.30_spring_2009,15.062_spring_2003,Introduction to Statistical Methods in Economics,Data Mining,cross,0,,0.0,0
14.30_spring_2009,15.071_spring_2017,Introduction to Statistical Methods in Economics,The Analytics Edge,train,0,Probability and Statistics,0.0593,0
14.30_spring_2009,15.075J_fall_2011,Introduction to Statistical Methods in Economics,Statistical Thinking and Data Analysis,train,0,Probability and Statistics,0.0943,0
14.30_spring_2009,15.082J_fall_2010,Introduction to Statistical Methods in Economics,Network Optimization,train,0,,0.0,0
14.30_spring_2009,15.083J_fall_2009,Introduction to Statistical Methods in Economics,Integer Programming and Combinatorial Optimization,train,0,,0.0,0
14.30_spring_2009,15.093J_fall_2009,Introduction to Statistical Methods in Economics,Optimization Methods,train,0,,0.0,0
14.30_spring_2009,15.450_fall_2010,Introduction to Statistical Methods in Economics,Analytics of Finance,cross,0,Econometrics; Economics; Probability and Statistics,0.4147,1
14.30_spring_2009,15.561_spring_2005,Introduction to Statistical Methods in Economics,Information Technology Essentials,train,0,,0.0,0
14.30_spring_2009,15.773_spring_2024,Introduction to Statistical Methods in Economics,Hands-On Deep Learning,train,0,,0.0,0
14.30_spring_2009,15.S08_spring_2020,Introduction to Statistical Methods in Economics,FinTech: Shaping the Financial World ,train,0,,0.0,0
14.30_spring_2009,16.412J_spring_2016,Introduction to Statistical Methods in Economics,Cognitive Robotics,cross,0,,0.0,0
14.30_spring_2009,18.03SC_fall_2011,Introduction to Statistical Methods in Economics,Differential Equations,train,0,,0.0,0
14.30_spring_2009,18.05_spring_2022,Introduction to Statistical Methods in Economics,Introduction to Probability and Statistics,train,0,Probability and Statistics,0.1007,0
14.30_spring_2009,18.065_spring_2018,Introduction to Statistical Methods in Economics,"Matrix Methods in Data Analysis, Signal Processing, and Machine Learning",train,0,,0.0,0
14.30_spring_2009,18.06_spring_2010,Introduction to Statistical Methods in Economics,Linear Algebra,train,0,,0.0,0
14.30_spring_2009,18.06SC_fall_2011,Introduction to Statistical Methods in Economics,Linear Algebra,train,0,,0.0,0
14.30_spring_2009,18.085_summer_2020,Introduction to Statistical Methods in Economics,Computational Science and Engineering I,train,0,,0.0,0
14.30_spring_2009,18.175_spring_2014,Introduction to Statistical Methods in Economics,Theory of Probability,train,0,Probability and Statistics,0.0871,0
14.30_spring_2009,18.440_spring_2014,Introduction to Statistical Methods in Economics,Probability and Random Variables,cross,0,Probability and Statistics,0.1007,0
14.30_spring_2009,18.465_spring_2007,Introduction to Statistical Methods in Economics,Topics in Statistics: Statistical Learning Theory,cross,0,Probability and Statistics,0.0642,0
14.30_spring_2009,18.600_fall_2019,Introduction to Statistical Methods in Economics,Probability and Random Variables,train,0,Probability and Statistics,0.1007,0
14.30_spring_2009,18.642_fall_2024,Introduction to Statistical Methods in Economics,Topics in Mathematics with Applications in Finance,cross,0,Probability and Statistics,0.0744,0
14.30_spring_2009,18.650__formerly_18.443__fall_2006,Introduction to Statistical Methods in Economics,Statistics for Applications,cross,0,Probability and Statistics,0.0841,0
14.30_spring_2009,18.650__formerly_18.443__spring_2015,Introduction to Statistical Methods in Economics,Statistics for Applications,cross,0,Probability and Statistics,0.0841,0
14.30_spring_2009,18.655_spring_2016,Introduction to Statistical Methods in Economics,Mathematical Statistics,cross,0,Probability and Statistics,0.0833,0
14.30_spring_2009,18.657_fall_2015,Introduction to Statistical Methods in Economics,Mathematics of Machine Learning,train,0,Probability and Statistics,0.0515,0
14.30_spring_2009,18.700_fall_2013,Introduction to Statistical Methods in Economics,Linear Algebra,train,0,,0.0,0
14.30_spring_2009,18.S096_fall_2015,Introduction to Statistical Methods in Economics,Topics in Mathematics of Data Science,train,0,Probability and Statistics,0.0796,0
14.30_spring_2009,18.S096_january-iap_2023,Introduction to Statistical Methods in Economics,Matrix Calculus for Machine Learning and Beyond,train,0,,0.0,0
14.30_spring_2009,18.S190_spring_2020,Introduction to Statistical Methods in Economics,"Introduction to Computational Thinking with Julia, with Applications to Modeling the COVID-19 Pandemic",cross,0,,0.0,0
14.30_spring_2009,2.087_fall_2014,Introduction to Statistical Methods in Economics,Engineering Math: Differential Equations and Linear Algebra,train,0,,0.0,0
14.30_spring_2009,2.161_fall_2008,Introduction to Statistical Methods in Economics,Signal Processing: Continuous and Discrete,train,0,,0.0,0
14.30_spring_2009,21M.383_spring_2023,Introduction to Statistical Methods in Economics,Computational Music Theory and Analysis,train,0,Probability and Statistics,0.0311,0
14.30_spring_2009,6.0002_fall_2016,Introduction to Statistical Methods in Economics,Introduction to Computational Thinking and Data Science,train,0,Probability and Statistics,0.1242,0
14.30_spring_2009,6.006_fall_2011,Introduction to Statistical Methods in Economics,Introduction to Algorithms,cross,0,,0.0,0
14.30_spring_2009,6.006_spring_2020,Introduction to Statistical Methods in Economics,Introduction to Algorithms,cross,0,,0.0,0
14.30_spring_2009,6.036_fall_2020,Introduction to Statistical Methods in Economics,Introduction to Machine Learning,train,0,,0.0,0
14.30_spring_2009,6.041_fall_2010,Introduction to Statistical Methods in Economics,Probabilistic Systems Analysis and Applied Probability,train,0,Probability and Statistics,0.082,0
14.30_spring_2009,6.041_spring_2006,Introduction to Statistical Methods in Economics,Probabilistic Systems Analysis and Applied  Probability,train,0,Probability and Statistics,0.1007,0
14.30_spring_2009,6.041SC_fall_2013,Introduction to Statistical Methods in Economics,Probabilistic Systems Analysis and Applied Probability,train,0,Probability and Statistics,0.082,0
14.30_spring_2009,6.046J_spring_2012,Introduction to Statistical Methods in Economics,Design and Analysis of Algorithms,train,0,,0.0,0
14.30_spring_2009,6.046J_spring_2015,Introduction to Statistical Methods in Economics,Design and Analysis of Algorithms,train,0,,0.0,0
14.30_spring_2009,6.079_fall_2009,Introduction to Statistical Methods in Economics,Introduction to Convex Optimization,cross,0,,0.0,0
14.30_spring_2009,6.253_spring_2012,Introduction to Statistical Methods in Economics,Convex Analysis and Optimization,train,0,,0.0,0
14.30_spring_2009,6.341_fall_2005,Introduction to Statistical Methods in Economics,Discrete-Time Signal Processing,train,0,,0.0,0
14.30_spring_2009,6.4210_fall_2022,Introduction to Statistical Methods in Economics,Robotic Manipulation,train,0,,0.0,0
14.30_spring_2009,6.436J_fall_2018,Introduction to Statistical Methods in Economics,Fundamentals of Probability,cross,0,Probability and Statistics,0.14,0
14.30_spring_2009,6.438_fall_2014,Introduction to Statistical Methods in Economics,Algorithms for Inference,cross,0,Probability and Statistics,0.0715,0
14.30_spring_2009,6.7220J_spring_2025,Introduction to Statistical Methods in Economics,Nonlinear Optimization,train,0,,0.0,0
14.30_spring_2009,6.7960_fall_2024,Introduction to Statistical Methods in Economics,Deep Learning,train,0,,0.0,0
14.30_spring_2009,6.801_fall_2004,Introduction to Statistical Methods in Economics,Machine Vision,train,0,,0.0,0
14.30_spring_2009,6.801_fall_2020,Introduction to Statistical Methods in Economics,Machine Vision,train,0,,0.0,0
14.30_spring_2009,6.8300_spring_2025,Introduction to Statistical Methods in Economics,Advances in Computer Vision,cross,0,,0.0,0
14.30_spring_2009,6.832_spring_2009,Introduction to Statistical Methods in Economics,Underactuated Robotics,train,0,,0.0,0
14.30_spring_2009,6.852J_fall_2009,Introduction to Statistical Methods in Economics,Distributed Algorithms,train,0,,0.0,0
14.30_spring_2009,6.864_fall_2005,Introduction to Statistical Methods in Economics,Advanced Natural Language Processing,cross,0,,0.0,0
14.30_spring_2009,6.867_fall_2006,Introduction to Statistical Methods in Economics,Machine Learning,train,0,Probability and Statistics,0.0642,0
14.30_spring_2009,6.S087_january-iap_2024,Introduction to Statistical Methods in Economics,Foundation Models and Generative AI,train,0,,0.0,0
14.30_spring_2009,6.S191_january-iap_2026,Introduction to Statistical Methods in Economics,Introduction to Deep Learning,train,0,,0.0,0
14.30_spring_2009,6.S897_spring_2019,Introduction to Statistical Methods in Economics,Machine Learning for Healthcare,train,0,,0.0,0
14.30_spring_2009,6.S980_fall_2022,Introduction to Statistical Methods in Economics,Machine Learning for Inverse Graphics,cross,0,,0.0,0
14.30_spring_2009,8.044_spring_2013,Introduction to Statistical Methods in Economics,Statistical Physics I,cross,0,Probability and Statistics,0.0648,0
14.30_spring_2009,8.333_fall_2013,Introduction to Statistical Methods in Economics,Statistical Mechanics I:  Statistical Mechanics of Particles,train,0,Probability and Statistics,0.0371,0
14.30_spring_2009,8.334_spring_2014,Introduction to Statistical Methods in Economics,Statistical Mechanics II: Statistical Physics of Fields,train,0,Probability and Statistics,0.0472,0
14.30_spring_2009,9.520_spring_2003,Introduction to Statistical Methods in Economics,Statistical Learning Theory and Applications,train,0,Probability and Statistics,0.0642,0
14.30_spring_2009,9.520_spring_2006,Introduction to Statistical Methods in Economics,Statistical Learning Theory and Applications,train,0,Probability and Statistics,0.0359,0
14.30_spring_2009,ES.1803_spring_2024,Introduction to Statistical Methods in Economics,Differential Equations,train,0,,0.0,0
14.30_spring_2009,ESD.86_spring_2007,Introduction to Statistical Methods in Economics,"Models, Data and Inference for Socio-Technical Systems",cross,0,Probability and Statistics,0.0594,0
14.30_spring_2009,HST.953_fall_2020,Introduction to Statistical Methods in Economics,Collaborative Data Science for Healthcare,train,0,,0.0,0
14.30_spring_2009,MAS.622J_fall_2006,Introduction to Statistical Methods in Economics,Pattern Recognition and Analysis,train,0,Probability and Statistics,0.0582,0
14.30_spring_2009,RES.6-012_spring_2018,Introduction to Statistical Methods in Economics,Introduction to Probability,train,0,Probability and Statistics,0.1063,0
14.30_spring_2009,RES.6-013_fall_2021,Introduction to Statistical Methods in Economics,AI 101,train,0,,0.0,0
14.30_spring_2009,RES.8-010_summer_2018,Introduction to Statistical Methods in Economics,Introduction to Statistical Physics,cross,0,Probability and Statistics,0.0593,0
14.32_spring_2007,14.382_spring_2017,Econometrics,Econometrics,train,0,Econometrics; Economics,0.86,1
14.32_spring_2007,14.385_fall_2007,Econometrics,Nonlinear Econometric Analysis,cross,0,Econometrics; Economics; Probability and Statistics,0.5541,1
14.32_spring_2007,14.387_fall_2014,Econometrics,Applied Econometrics: Mostly Harmless Big Data,cross,0,Econometrics; Economics; Probability and Statistics,0.6739,1
14.32_spring_2007,15.053_spring_2013,Econometrics,Optimization Methods in Management Science,train,0,Probability and Statistics,0.034,0
14.32_spring_2007,15.062_spring_2003,Econometrics,Data Mining,cross,0,,0.0,0
14.32_spring_2007,15.071_spring_2017,Econometrics,The Analytics Edge,train,0,Probability and Statistics,0.0593,0
14.32_spring_2007,15.075J_fall_2011,Econometrics,Statistical Thinking and Data Analysis,train,0,Probability and Statistics,0.0943,0
14.32_spring_2007,15.082J_fall_2010,Econometrics,Network Optimization,train,0,,0.0,0
14.32_spring_2007,15.083J_fall_2009,Econometrics,Integer Programming and Combinatorial Optimization,train,0,,0.0,0
14.32_spring_2007,15.093J_fall_2009,Econometrics,Optimization Methods,train,0,,0.0,0
14.32_spring_2007,15.450_fall_2010,Econometrics,Analytics of Finance,cross,0,Econometrics; Economics; Probability and Statistics,0.4147,1
14.32_spring_2007,15.561_spring_2005,Econometrics,Information Technology Essentials,train,0,,0.0,0
14.32_spring_2007,15.773_spring_2024,Econometrics,Hands-On Deep Learning,train,0,,0.0,0
14.32_spring_2007,15.S08_spring_2020,Econometrics,FinTech: Shaping the Financial World ,train,0,,0.0,0
14.32_spring_2007,16.412J_spring_2016,Econometrics,Cognitive Robotics,cross,0,,0.0,0
14.32_spring_2007,18.03SC_fall_2011,Econometrics,Differential Equations,train,0,,0.0,0
14.32_spring_2007,18.05_spring_2022,Econometrics,Introduction to Probability and Statistics,train,0,Probability and Statistics,0.1007,0
14.32_spring_2007,18.065_spring_2018,Econometrics,"Matrix Methods in Data Analysis, Signal Processing, and Machine Learning",train,0,,0.0,0
14.32_spring_2007,18.06_spring_2010,Econometrics,Linear Algebra,train,0,,0.0,0
14.32_spring_2007,18.06SC_fall_2011,Econometrics,Linear Algebra,train,0,,0.0,0
14.32_spring_2007,18.085_summer_2020,Econometrics,Computational Science and Engineering I,train,0,,0.0,0
14.32_spring_2007,18.175_spring_2014,Econometrics,Theory of Probability,train,0,Probability and Statistics,0.0871,0
14.32_spring_2007,18.440_spring_2014,Econometrics,Probability and Random Variables,cross,0,Probability and Statistics,0.1007,0
14.32_spring_2007,18.465_spring_2007,Econometrics,Topics in Statistics: Statistical Learning Theory,cross,0,Probability and Statistics,0.0642,0
14.32_spring_2007,18.600_fall_2019,Econometrics,Probability and Random Variables,train,0,Probability and Statistics,0.1007,0
14.32_spring_2007,18.642_fall_2024,Econometrics,Topics in Mathematics with Applications in Finance,cross,0,Probability and Statistics,0.0744,0
14.32_spring_2007,18.650__formerly_18.443__fall_2006,Econometrics,Statistics for Applications,cross,0,Probability and Statistics,0.0841,0
14.32_spring_2007,18.650__formerly_18.443__spring_2015,Econometrics,Statistics for Applications,cross,0,Probability and Statistics,0.0841,0
14.32_spring_2007,18.655_spring_2016,Econometrics,Mathematical Statistics,cross,0,Probability and Statistics,0.0833,0
14.32_spring_2007,18.657_fall_2015,Econometrics,Mathematics of Machine Learning,train,0,Probability and Statistics,0.0515,0
14.32_spring_2007,18.700_fall_2013,Econometrics,Linear Algebra,train,0,,0.0,0
14.32_spring_2007,18.S096_fall_2015,Econometrics,Topics in Mathematics of Data Science,train,0,Probability and Statistics,0.0796,0
14.32_spring_2007,18.S096_january-iap_2023,Econometrics,Matrix Calculus for Machine Learning and Beyond,train,0,,0.0,0
14.32_spring_2007,18.S190_spring_2020,Econometrics,"Introduction to Computational Thinking with Julia, with Applications to Modeling the COVID-19 Pandemic",cross,0,,0.0,0
14.32_spring_2007,2.087_fall_2014,Econometrics,Engineering Math: Differential Equations and Linear Algebra,train,0,,0.0,0
14.32_spring_2007,2.161_fall_2008,Econometrics,Signal Processing: Continuous and Discrete,train,0,,0.0,0
14.32_spring_2007,21M.383_spring_2023,Econometrics,Computational Music Theory and Analysis,train,0,Probability and Statistics,0.0311,0
14.32_spring_2007,6.0002_fall_2016,Econometrics,Introduction to Computational Thinking and Data Science,train,0,Probability and Statistics,0.1242,0
14.32_spring_2007,6.006_fall_2011,Econometrics,Introduction to Algorithms,cross,0,,0.0,0
14.32_spring_2007,6.006_spring_2020,Econometrics,Introduction to Algorithms,cross,0,,0.0,0
14.32_spring_2007,6.036_fall_2020,Econometrics,Introduction to Machine Learning,train,0,,0.0,0
14.32_spring_2007,6.041_fall_2010,Econometrics,Probabilistic Systems Analysis and Applied Probability,train,0,Probability and Statistics,0.082,0
14.32_spring_2007,6.041_spring_2006,Econometrics,Probabilistic Systems Analysis and Applied  Probability,train,0,Probability and Statistics,0.1007,0
14.32_spring_2007,6.041SC_fall_2013,Econometrics,Probabilistic Systems Analysis and Applied Probability,train,0,Probability and Statistics,0.082,0
14.32_spring_2007,6.046J_spring_2012,Econometrics,Design and Analysis of Algorithms,train,0,,0.0,0
14.32_spring_2007,6.046J_spring_2015,Econometrics,Design and Analysis of Algorithms,train,0,,0.0,0
14.32_spring_2007,6.079_fall_2009,Econometrics,Introduction to Convex Optimization,cross,0,,0.0,0
14.32_spring_2007,6.253_spring_2012,Econometrics,Convex Analysis and Optimization,train,0,,0.0,0
14.32_spring_2007,6.341_fall_2005,Econometrics,Discrete-Time Signal Processing,train,0,,0.0,0
14.32_spring_2007,6.4210_fall_2022,Econometrics,Robotic Manipulation,train,0,,0.0,0
14.32_spring_2007,6.436J_fall_2018,Econometrics,Fundamentals of Probability,cross,0,Probability and Statistics,0.14,0
14.32_spring_2007,6.438_fall_2014,Econometrics,Algorithms for Inference,cross,0,Probability and Statistics,0.0715,0
14.32_spring_2007,6.7220J_spring_2025,Econometrics,Nonlinear Optimization,train,0,,0.0,0
14.32_spring_2007,6.7960_fall_2024,Econometrics,Deep Learning,train,0,,0.0,0
14.32_spring_2007,6.801_fall_2004,Econometrics,Machine Vision,train,0,,0.0,0
14.32_spring_2007,6.801_fall_2020,Econometrics,Machine Vision,train,0,,0.0,0
14.32_spring_2007,6.8300_spring_2025,Econometrics,Advances in Computer Vision,cross,0,,0.0,0
14.32_spring_2007,6.832_spring_2009,Econometrics,Underactuated Robotics,train,0,,0.0,0
14.32_spring_2007,6.852J_fall_2009,Econometrics,Distributed Algorithms,train,0,,0.0,0
14.32_spring_2007,6.864_fall_2005,Econometrics,Advanced Natural Language Processing,cross,0,,0.0,0
14.32_spring_2007,6.867_fall_2006,Econometrics,Machine Learning,train,0,Probability and Statistics,0.0642,0
14.32_spring_2007,6.S087_january-iap_2024,Econometrics,Foundation Models and Generative AI,train,0,,0.0,0
14.32_spring_2007,6.S191_january-iap_2026,Econometrics,Introduction to Deep Learning,train,0,,0.0,0
14.32_spring_2007,6.S897_spring_2019,Econometrics,Machine Learning for Healthcare,train,0,,0.0,0
14.32_spring_2007,6.S980_fall_2022,Econometrics,Machine Learning for Inverse Graphics,cross,0,,0.0,0
14.32_spring_2007,8.044_spring_2013,Econometrics,Statistical Physics I,cross,0,Probability and Statistics,0.0648,0
14.32_spring_2007,8.333_fall_2013,Econometrics,Statistical Mechanics I:  Statistical Mechanics of Particles,train,0,Probability and Statistics,0.0371,0
14.32_spring_2007,8.334_spring_2014,Econometrics,Statistical Mechanics II: Statistical Physics of Fields,train,0,Probability and Statistics,0.0472,0
14.32_spring_2007,9.520_spring_2003,Econometrics,Statistical Learning Theory and Applications,train,0,Probability and Statistics,0.0642,0
14.32_spring_2007,9.520_spring_2006,Econometrics,Statistical Learning Theory and Applications,train,0,Probability and Statistics,0.0359,0
14.32_spring_2007,ES.1803_spring_2024,Econometrics,Differential Equations,train,0,,0.0,0
14.32_spring_2007,ESD.86_spring_2007,Econometrics,"Models, Data and Inference for Socio-Technical Systems",cross,0,Probability and Statistics,0.0594,0
14.32_spring_2007,HST.953_fall_2020,Econometrics,Collaborative Data Science for Healthcare,train,0,,0.0,0
14.32_spring_2007,MAS.622J_fall_2006,Econometrics,Pattern Recognition and Analysis,train,0,Probability and Statistics,0.0582,0
14.32_spring_2007,RES.6-012_spring_2018,Econometrics,Introduction to Probability,train,0,Probability and Statistics,0.1063,0
14.32_spring_2007,RES.6-013_fall_2021,Econometrics,AI 101,train,0,,0.0,0
14.32_spring_2007,RES.8-010_summer_2018,Econometrics,Introduction to Statistical Physics,cross,0,Probability and Statistics,0.0593,0
14.382_spring_2017,14.385_fall_2007,Econometrics,Nonlinear Econometric Analysis,cross,0,Econometrics; Economics,0.4765,1
14.382_spring_2017,14.387_fall_2014,Econometrics,Applied Econometrics: Mostly Harmless Big Data,cross,0,Econometrics; Economics,0.5795,1
14.382_spring_2017,15.053_spring_2013,Econometrics,Optimization Methods in Management Science,train,0,,0.0,0
14.382_spring_2017,15.062_spring_2003,Econometrics,Data Mining,cross,0,,0.0,0
14.382_spring_2017,15.071_spring_2017,Econometrics,The Analytics Edge,train,0,,0.0,0
14.382_spring_2017,15.075J_fall_2011,Econometrics,Statistical Thinking and Data Analysis,train,0,,0.0,0
14.382_spring_2017,15.082J_fall_2010,Econometrics,Network Optimization,train,0,,0.0,0
14.382_spring_2017,15.083J_fall_2009,Econometrics,Integer Programming and Combinatorial Optimization,train,0,,0.0,0
14.382_spring_2017,15.093J_fall_2009,Econometrics,Optimization Methods,train,0,,0.0,0
14.382_spring_2017,15.450_fall_2010,Econometrics,Analytics of Finance,cross,0,Econometrics; Economics,0.3566,1
14.382_spring_2017,15.561_spring_2005,Econometrics,Information Technology Essentials,train,0,,0.0,0
14.382_spring_2017,15.773_spring_2024,Econometrics,Hands-On Deep Learning,train,0,,0.0,0
14.382_spring_2017,15.S08_spring_2020,Econometrics,FinTech: Shaping the Financial World ,train,0,,0.0,0
14.382_spring_2017,16.412J_spring_2016,Econometrics,Cognitive Robotics,cross,0,,0.0,0
14.382_spring_2017,18.03SC_fall_2011,Econometrics,Differential Equations,train,0,,0.0,0
14.382_spring_2017,18.05_spring_2022,Econometrics,Introduction to Probability and Statistics,train,0,,0.0,0
14.382_spring_2017,18.065_spring_2018,Econometrics,"Matrix Methods in Data Analysis, Signal Processing, and Machine Learning",train,0,,0.0,0
14.382_spring_2017,18.06_spring_2010,Econometrics,Linear Algebra,train,0,,0.0,0
14.382_spring_2017,18.06SC_fall_2011,Econometrics,Linear Algebra,train,0,,0.0,0
14.382_spring_2017,18.085_summer_2020,Econometrics,Computational Science and Engineering I,train,0,,0.0,0
14.382_spring_2017,18.175_spring_2014,Econometrics,Theory of Probability,train,0,,0.0,0
14.382_spring_2017,18.440_spring_2014,Econometrics,Probability and Random Variables,cross,0,,0.0,0
14.382_spring_2017,18.465_spring_2007,Econometrics,Topics in Statistics: Statistical Learning Theory,cross,0,,0.0,0
14.382_spring_2017,18.600_fall_2019,Econometrics,Probability and Random Variables,train,0,,0.0,0
14.382_spring_2017,18.642_fall_2024,Econometrics,Topics in Mathematics with Applications in Finance,cross,0,,0.0,0
14.382_spring_2017,18.650__formerly_18.443__fall_2006,Econometrics,Statistics for Applications,cross,0,,0.0,0
14.382_spring_2017,18.650__formerly_18.443__spring_2015,Econometrics,Statistics for Applications,cross,0,,0.0,0
14.382_spring_2017,18.655_spring_2016,Econometrics,Mathematical Statistics,cross,0,,0.0,0
14.382_spring_2017,18.657_fall_2015,Econometrics,Mathematics of Machine Learning,train,0,,0.0,0
14.382_spring_2017,18.700_fall_2013,Econometrics,Linear Algebra,train,0,,0.0,0
14.382_spring_2017,18.S096_fall_2015,Econometrics,Topics in Mathematics of Data Science,train,0,,0.0,0
14.382_spring_2017,18.S096_january-iap_2023,Econometrics,Matrix Calculus for Machine Learning and Beyond,train,0,,0.0,0
14.382_spring_2017,18.S190_spring_2020,Econometrics,"Introduction to Computational Thinking with Julia, with Applications to Modeling the COVID-19 Pandemic",cross,0,,0.0,0
14.382_spring_2017,2.087_fall_2014,Econometrics,Engineering Math: Differential Equations and Linear Algebra,train,0,,0.0,0
14.382_spring_2017,2.161_fall_2008,Econometrics,Signal Processing: Continuous and Discrete,train,0,,0.0,0
14.382_spring_2017,21M.383_spring_2023,Econometrics,Computational Music Theory and Analysis,train,0,,0.0,0
14.382_spring_2017,6.0002_fall_2016,Econometrics,Introduction to Computational Thinking and Data Science,train,0,,0.0,0
14.382_spring_2017,6.006_fall_2011,Econometrics,Introduction to Algorithms,cross,0,,0.0,0
14.382_spring_2017,6.006_spring_2020,Econometrics,Introduction to Algorithms,cross,0,,0.0,0
14.382_spring_2017,6.036_fall_2020,Econometrics,Introduction to Machine Learning,train,0,,0.0,0
14.382_spring_2017,6.041_fall_2010,Econometrics,Probabilistic Systems Analysis and Applied Probability,train,0,,0.0,0
14.382_spring_2017,6.041_spring_2006,Econometrics,Probabilistic Systems Analysis and Applied  Probability,train,0,,0.0,0
14.382_spring_2017,6.041SC_fall_2013,Econometrics,Probabilistic Systems Analysis and Applied Probability,train,0,,0.0,0
14.382_spring_2017,6.046J_spring_2012,Econometrics,Design and Analysis of Algorithms,train,0,,0.0,0
14.382_spring_2017,6.046J_spring_2015,Econometrics,Design and Analysis of Algorithms,train,0,,0.0,0
14.382_spring_2017,6.079_fall_2009,Econometrics,Introduction to Convex Optimization,cross,0,,0.0,0
14.382_spring_2017,6.253_spring_2012,Econometrics,Convex Analysis and Optimization,train,0,,0.0,0
14.382_spring_2017,6.341_fall_2005,Econometrics,Discrete-Time Signal Processing,train,0,,0.0,0
14.382_spring_2017,6.4210_fall_2022,Econometrics,Robotic Manipulation,train,0,,0.0,0
14.382_spring_2017,6.436J_fall_2018,Econometrics,Fundamentals of Probability,cross,0,,0.0,0
14.382_spring_2017,6.438_fall_2014,Econometrics,Algorithms for Inference,cross,0,,0.0,0
14.382_spring_2017,6.7220J_spring_2025,Econometrics,Nonlinear Optimization,train,0,,0.0,0
14.382_spring_2017,6.7960_fall_2024,Econometrics,Deep Learning,train,0,,0.0,0
14.382_spring_2017,6.801_fall_2004,Econometrics,Machine Vision,train,0,,0.0,0
14.382_spring_2017,6.801_fall_2020,Econometrics,Machine Vision,train,0,,0.0,0
14.382_spring_2017,6.8300_spring_2025,Econometrics,Advances in Computer Vision,cross,0,,0.0,0
14.382_spring_2017,6.832_spring_2009,Econometrics,Underactuated Robotics,train,0,,0.0,0
14.382_spring_2017,6.852J_fall_2009,Econometrics,Distributed Algorithms,train,0,,0.0,0
14.382_spring_2017,6.864_fall_2005,Econometrics,Advanced Natural Language Processing,cross,0,,0.0,0
14.382_spring_2017,6.867_fall_2006,Econometrics,Machine Learning,train,0,,0.0,0
14.382_spring_2017,6.S087_january-iap_2024,Econometrics,Foundation Models and Generative AI,train,0,,0.0,0
14.382_spring_2017,6.S191_january-iap_2026,Econometrics,Introduction to Deep Learning,train,0,,0.0,0
14.382_spring_2017,6.S897_spring_2019,Econometrics,Machine Learning for Healthcare,train,0,,0.0,0
14.382_spring_2017,6.S980_fall_2022,Econometrics,Machine Learning for Inverse Graphics,cross,0,,0.0,0
14.382_spring_2017,8.044_spring_2013,Econometrics,Statistical Physics I,cross,0,,0.0,0
14.382_spring_2017,8.333_fall_2013,Econometrics,Statistical Mechanics I:  Statistical Mechanics of Particles,train,0,,0.0,0
14.382_spring_2017,8.334_spring_2014,Econometrics,Statistical Mechanics II: Statistical Physics of Fields,train,0,,0.0,0
14.382_spring_2017,9.520_spring_2003,Econometrics,Statistical Learning Theory and Applications,train,0,,0.0,0
14.382_spring_2017,9.520_spring_2006,Econometrics,Statistical Learning Theory and Applications,train,0,,0.0,0
14.382_spring_2017,ES.1803_spring_2024,Econometrics,Differential Equations,train,0,,0.0,0
14.382_spring_2017,ESD.86_spring_2007,Econometrics,"Models, Data and Inference for Socio-Technical Systems",cross,0,,0.0,0
14.382_spring_2017,HST.953_fall_2020,Econometrics,Collaborative Data Science for Healthcare,train,0,,0.0,0
14.382_spring_2017,MAS.622J_fall_2006,Econometrics,Pattern Recognition and Analysis,train,0,,0.0,0
14.382_spring_2017,RES.6-012_spring_2018,Econometrics,Introduction to Probability,train,0,,0.0,0
14.382_spring_2017,RES.6-013_fall_2021,Econometrics,AI 101,train,0,,0.0,0
14.382_spring_2017,RES.8-010_summer_2018,Econometrics,Introduction to Statistical Physics,cross,0,,0.0,0
14.385_fall_2007,14.387_fall_2014,Nonlinear Econometric Analysis,Applied Econometrics: Mostly Harmless Big Data,test,0,Econometrics; Economics; Probability and Statistics,0.437,1
14.385_fall_2007,15.053_spring_2013,Nonlinear Econometric Analysis,Optimization Methods in Management Science,cross,0,Probability and Statistics,0.0285,0
14.385_fall_2007,15.062_spring_2003,Nonlinear Econometric Analysis,Data Mining,test,0,,0.0,0
14.385_fall_2007,15.071_spring_2017,Nonlinear Econometric Analysis,The Analytics Edge,cross,0,Probability and Statistics,0.0442,0
14.385_fall_2007,15.075J_fall_2011,Nonlinear Econometric Analysis,Statistical Thinking and Data Analysis,cross,0,Probability and Statistics,0.0612,0
14.385_fall_2007,15.082J_fall_2010,Nonlinear Econometric Analysis,Network Optimization,cross,0,,0.0,0
14.385_fall_2007,15.083J_fall_2009,Nonlinear Econometric Analysis,Integer Programming and Combinatorial Optimization,cross,0,,0.0,0
14.385_fall_2007,15.093J_fall_2009,Nonlinear Econometric Analysis,Optimization Methods,cross,0,,0.0,0
14.385_fall_2007,15.450_fall_2010,Nonlinear Econometric Analysis,Analytics of Finance,test,0,Econometrics; Economics; Probability and Statistics,0.3109,1
14.385_fall_2007,15.561_spring_2005,Nonlinear Econometric Analysis,Information Technology Essentials,cross,0,,0.0,0
14.385_fall_2007,15.773_spring_2024,Nonlinear Econometric Analysis,Hands-On Deep Learning,cross,0,,0.0,0
14.385_fall_2007,15.S08_spring_2020,Nonlinear Econometric Analysis,FinTech: Shaping the Financial World ,cross,0,,0.0,0
14.385_fall_2007,16.412J_spring_2016,Nonlinear Econometric Analysis,Cognitive Robotics,test,0,,0.0,0
14.385_fall_2007,18.03SC_fall_2011,Nonlinear Econometric Analysis,Differential Equations,cross,0,,0.0,0
14.385_fall_2007,18.05_spring_2022,Nonlinear Econometric Analysis,Introduction to Probability and Statistics,cross,0,Probability and Statistics,0.0638,0
14.385_fall_2007,18.065_spring_2018,Nonlinear Econometric Analysis,"Matrix Methods in Data Analysis, Signal Processing, and Machine Learning",cross,0,,0.0,0
14.385_fall_2007,18.06_spring_2010,Nonlinear Econometric Analysis,Linear Algebra,cross,0,,0.0,0
14.385_fall_2007,18.06SC_fall_2011,Nonlinear Econometric Analysis,Linear Algebra,cross,0,,0.0,0
14.385_fall_2007,18.085_summer_2020,Nonlinear Econometric Analysis,Computational Science and Engineering I,cross,0,,0.0,0
14.385_fall_2007,18.175_spring_2014,Nonlinear Econometric Analysis,Theory of Probability,cross,0,Probability and Statistics,0.0581,0
14.385_fall_2007,18.440_spring_2014,Nonlinear Econometric Analysis,Probability and Random Variables,test,0,Probability and Statistics,0.0638,0
14.385_fall_2007,18.465_spring_2007,Nonlinear Econometric Analysis,Topics in Statistics: Statistical Learning Theory,test,0,Probability and Statistics,0.0469,0
14.385_fall_2007,18.600_fall_2019,Nonlinear Econometric Analysis,Probability and Random Variables,cross,0,Probability and Statistics,0.0638,0
14.385_fall_2007,18.642_fall_2024,Nonlinear Econometric Analysis,Topics in Mathematics with Applications in Finance,test,0,Probability and Statistics,0.0521,0
14.385_fall_2007,18.650__formerly_18.443__fall_2006,Nonlinear Econometric Analysis,Statistics for Applications,test,0,Probability and Statistics,0.0567,0
14.385_fall_2007,18.650__formerly_18.443__spring_2015,Nonlinear Econometric Analysis,Statistics for Applications,test,0,Probability and Statistics,0.0567,0
14.385_fall_2007,18.655_spring_2016,Nonlinear Econometric Analysis,Mathematical Statistics,test,0,Probability and Statistics,0.0564,0
14.385_fall_2007,18.657_fall_2015,Nonlinear Econometric Analysis,Mathematics of Machine Learning,cross,0,Probability and Statistics,0.0397,0
14.385_fall_2007,18.700_fall_2013,Nonlinear Econometric Analysis,Linear Algebra,cross,0,,0.0,0
14.385_fall_2007,18.S096_fall_2015,Nonlinear Econometric Analysis,Topics in Mathematics of Data Science,cross,0,Probability and Statistics,0.0546,0
14.385_fall_2007,18.S096_january-iap_2023,Nonlinear Econometric Analysis,Matrix Calculus for Machine Learning and Beyond,cross,0,,0.0,0
14.385_fall_2007,18.S190_spring_2020,Nonlinear Econometric Analysis,"Introduction to Computational Thinking with Julia, with Applications to Modeling the COVID-19 Pandemic",test,0,,0.0,0
14.385_fall_2007,2.087_fall_2014,Nonlinear Econometric Analysis,Engineering Math: Differential Equations and Linear Algebra,cross,0,,0.0,0
14.385_fall_2007,2.161_fall_2008,Nonlinear Econometric Analysis,Signal Processing: Continuous and Discrete,cross,0,,0.0,0
14.385_fall_2007,21M.383_spring_2023,Nonlinear Econometric Analysis,Computational Music Theory and Analysis,cross,0,Probability and Statistics,0.0264,0
14.385_fall_2007,6.0002_fall_2016,Nonlinear Econometric Analysis,Introduction to Computational Thinking and Data Science,cross,0,Probability and Statistics,0.0725,0
14.385_fall_2007,6.006_fall_2011,Nonlinear Econometric Analysis,Introduction to Algorithms,test,0,,0.0,0
14.385_fall_2007,6.006_spring_2020,Nonlinear Econometric Analysis,Introduction to Algorithms,test,0,,0.0,0
14.385_fall_2007,6.036_fall_2020,Nonlinear Econometric Analysis,Introduction to Machine Learning,cross,0,,0.0,0
14.385_fall_2007,6.041_fall_2010,Nonlinear Econometric Analysis,Probabilistic Systems Analysis and Applied Probability,cross,0,Probability and Statistics,0.0558,0
14.385_fall_2007,6.041_spring_2006,Nonlinear Econometric Analysis,Probabilistic Systems Analysis and Applied  Probability,cross,0,Probability and Statistics,0.0638,0
14.385_fall_2007,6.041SC_fall_2013,Nonlinear Econometric Analysis,Probabilistic Systems Analysis and Applied Probability,cross,0,Probability and Statistics,0.0558,0
14.385_fall_2007,6.046J_spring_2012,Nonlinear Econometric Analysis,Design and Analysis of Algorithms,cross,0,,0.0,0
14.385_fall_2007,6.046J_spring_2015,Nonlinear Econometric Analysis,Design and Analysis of Algorithms,cross,0,,0.0,0
14.385_fall_2007,6.079_fall_2009,Nonlinear Econometric Analysis,Introduction to Convex Optimization,test,0,,0.0,0
14.385_fall_2007,6.253_spring_2012,Nonlinear Econometric Analysis,Convex Analysis and Optimization,cross,0,,0.0,0
14.385_fall_2007,6.341_fall_2005,Nonlinear Econometric Analysis,Discrete-Time Signal Processing,cross,0,,0.0,0
14.385_fall_2007,6.4210_fall_2022,Nonlinear Econometric Analysis,Robotic Manipulation,cross,0,,0.0,0
14.385_fall_2007,6.436J_fall_2018,Nonlinear Econometric Analysis,Fundamentals of Probability,test,0,Probability and Statistics,0.0776,0
14.385_fall_2007,6.438_fall_2014,Nonlinear Econometric Analysis,Algorithms for Inference,test,0,Probability and Statistics,0.0507,0
14.385_fall_2007,6.7220J_spring_2025,Nonlinear Econometric Analysis,Nonlinear Optimization,cross,0,,0.0,0
14.385_fall_2007,6.7960_fall_2024,Nonlinear Econometric Analysis,Deep Learning,cross,0,,0.0,0
14.385_fall_2007,6.801_fall_2004,Nonlinear Econometric Analysis,Machine Vision,cross,0,,0.0,0
14.385_fall_2007,6.801_fall_2020,Nonlinear Econometric Analysis,Machine Vision,cross,0,,0.0,0
14.385_fall_2007,6.8300_spring_2025,Nonlinear Econometric Analysis,Advances in Computer Vision,test,0,,0.0,0
14.385_fall_2007,6.832_spring_2009,Nonlinear Econometric Analysis,Underactuated Robotics,cross,0,,0.0,0
14.385_fall_2007,6.852J_fall_2009,Nonlinear Econometric Analysis,Distributed Algorithms,cross,0,,0.0,0
14.385_fall_2007,6.864_fall_2005,Nonlinear Econometric Analysis,Advanced Natural Language Processing,test,0,,0.0,0
14.385_fall_2007,6.867_fall_2006,Nonlinear Econometric Analysis,Machine Learning,cross,0,Probability and Statistics,0.0469,0
14.385_fall_2007,6.S087_january-iap_2024,Nonlinear Econometric Analysis,Foundation Models and Generative AI,cross,0,,0.0,0
14.385_fall_2007,6.S191_january-iap_2026,Nonlinear Econometric Analysis,Introduction to Deep Learning,cross,0,,0.0,0
14.385_fall_2007,6.S897_spring_2019,Nonlinear Econometric Analysis,Machine Learning for Healthcare,cross,0,,0.0,0
14.385_fall_2007,6.S980_fall_2022,Nonlinear Econometric Analysis,Machine Learning for Inverse Graphics,test,0,,0.0,0
14.385_fall_2007,8.044_spring_2013,Nonlinear Econometric Analysis,Statistical Physics I,test,0,Probability and Statistics,0.0472,0
14.385_fall_2007,8.333_fall_2013,Nonlinear Econometric Analysis,Statistical Mechanics I:  Statistical Mechanics of Particles,cross,0,Probability and Statistics,0.0306,0
14.385_fall_2007,8.334_spring_2014,Nonlinear Econometric Analysis,Statistical Mechanics II: Statistical Physics of Fields,cross,0,Probability and Statistics,0.0371,0
14.385_fall_2007,9.520_spring_2003,Nonlinear Econometric Analysis,Statistical Learning Theory and Applications,cross,0,Probability and Statistics,0.0469,0
14.385_fall_2007,9.520_spring_2006,Nonlinear Econometric Analysis,Statistical Learning Theory and Applications,cross,0,Probability and Statistics,0.0298,0
14.385_fall_2007,ES.1803_spring_2024,Nonlinear Econometric Analysis,Differential Equations,cross,0,,0.0,0
14.385_fall_2007,ESD.86_spring_2007,Nonlinear Econometric Analysis,"Models, Data and Inference for Socio-Technical Systems",test,0,Probability and Statistics,0.0443,0
14.385_fall_2007,HST.953_fall_2020,Nonlinear Econometric Analysis,Collaborative Data Science for Healthcare,cross,0,,0.0,0
14.385_fall_2007,MAS.622J_fall_2006,Nonlinear Econometric Analysis,Pattern Recognition and Analysis,cross,0,Probability and Statistics,0.0436,0
14.385_fall_2007,RES.6-012_spring_2018,Nonlinear Econometric Analysis,Introduction to Probability,cross,0,Probability and Statistics,0.066,0
14.385_fall_2007,RES.6-013_fall_2021,Nonlinear Econometric Analysis,AI 101,cross,0,,0.0,0
14.385_fall_2007,RES.8-010_summer_2018,Nonlinear Econometric Analysis,Introduction to Statistical Physics,test,0,Probability and Statistics,0.0442,0
14.387_fall_2014,15.053_spring_2013,Applied Econometrics: Mostly Harmless Big Data,Optimization Methods in Management Science,cross,0,Probability and Statistics,0.0305,0
14.387_fall_2014,15.062_spring_2003,Applied Econometrics: Mostly Harmless Big Data,Data Mining,test,0,Computer Science; Data Mining,0.1829,0
14.387_fall_2014,15.071_spring_2017,Applied Econometrics: Mostly Harmless Big Data,The Analytics Edge,cross,0,Probability and Statistics,0.0492,0
14.387_fall_2014,15.075J_fall_2011,Applied Econometrics: Mostly Harmless Big Data,Statistical Thinking and Data Analysis,cross,0,Computer Science; Data Mining; Probability and Statistics,0.4205,1
14.387_fall_2014,15.082J_fall_2010,Applied Econometrics: Mostly Harmless Big Data,Network Optimization,cross,0,Computer Science,0.0277,0
14.387_fall_2014,15.083J_fall_2009,Applied Econometrics: Mostly Harmless Big Data,Integer Programming and Combinatorial Optimization,cross,0,,0.0,0
14.387_fall_2014,15.093J_fall_2009,Applied Econometrics: Mostly Harmless Big Data,Optimization Methods,cross,0,,0.0,0
14.387_fall_2014,15.450_fall_2010,Applied Econometrics: Mostly Harmless Big Data,Analytics of Finance,test,0,Econometrics; Economics; Probability and Statistics,0.3454,1
14.387_fall_2014,15.561_spring_2005,Applied Econometrics: Mostly Harmless Big Data,Information Technology Essentials,cross,0,Computer Science; Data Mining,0.192,0
14.387_fall_2014,15.773_spring_2024,Applied Econometrics: Mostly Harmless Big Data,Hands-On Deep Learning,cross,0,Computer Science,0.0571,0
14.387_fall_2014,15.S08_spring_2020,Applied Econometrics: Mostly Harmless Big Data,FinTech: Shaping the Financial World ,cross,0,Computer Science,0.0349,0
14.387_fall_2014,16.412J_spring_2016,Applied Econometrics: Mostly Harmless Big Data,Cognitive Robotics,test,0,Computer Science,0.047,0
14.387_fall_2014,18.03SC_fall_2011,Applied Econometrics: Mostly Harmless Big Data,Differential Equations,cross,0,,0.0,0
14.387_fall_2014,18.05_spring_2022,Applied Econometrics: Mostly Harmless Big Data,Introduction to Probability and Statistics,cross,0,Probability and Statistics,0.0747,0
14.387_fall_2014,18.065_spring_2018,Applied Econometrics: Mostly Harmless Big Data,"Matrix Methods in Data Analysis, Signal Processing, and Machine Learning",cross,0,,0.0,0
14.387_fall_2014,18.06_spring_2010,Applied Econometrics: Mostly Harmless Big Data,Linear Algebra,cross,0,,0.0,0
14.387_fall_2014,18.06SC_fall_2011,Applied Econometrics: Mostly Harmless Big Data,Linear Algebra,cross,0,,0.0,0
14.387_fall_2014,18.085_summer_2020,Applied Econometrics: Mostly Harmless Big Data,Computational Science and Engineering I,cross,0,,0.0,0
14.387_fall_2014,18.175_spring_2014,Applied Econometrics: Mostly Harmless Big Data,Theory of Probability,cross,0,Probability and Statistics,0.067,0
14.387_fall_2014,18.440_spring_2014,Applied Econometrics: Mostly Harmless Big Data,Probability and Random Variables,test,0,Probability and Statistics,0.0747,0
14.387_fall_2014,18.465_spring_2007,Applied Econometrics: Mostly Harmless Big Data,Topics in Statistics: Statistical Learning Theory,test,0,Computer Science; Probability and Statistics,0.1052,0
14.387_fall_2014,18.600_fall_2019,Applied Econometrics: Mostly Harmless Big Data,Probability and Random Variables,cross,0,Probability and Statistics,0.0747,0
14.387_fall_2014,18.642_fall_2024,Applied Econometrics: Mostly Harmless Big Data,Topics in Mathematics with Applications in Finance,test,0,Probability and Statistics,0.0592,0
14.387_fall_2014,18.650__formerly_18.443__fall_2006,Applied Econometrics: Mostly Harmless Big Data,Statistics for Applications,test,0,Probability and Statistics,0.0652,0
14.387_fall_2014,18.650__formerly_18.443__spring_2015,Applied Econometrics: Mostly Harmless Big Data,Statistics for Applications,test,0,Probability and Statistics,0.0652,0
14.387_fall_2014,18.655_spring_2016,Applied Econometrics: Mostly Harmless Big Data,Mathematical Statistics,test,0,Probability and Statistics,0.0647,0
14.387_fall_2014,18.657_fall_2015,Applied Econometrics: Mostly Harmless Big Data,Mathematics of Machine Learning,cross,0,Computer Science; Data Mining; Probability and Statistics,0.2293,0
14.387_fall_2014,18.700_fall_2013,Applied Econometrics: Mostly Harmless Big Data,Linear Algebra,cross,0,,0.0,0
14.387_fall_2014,18.S096_fall_2015,Applied Econometrics: Mostly Harmless Big Data,Topics in Mathematics of Data Science,cross,0,Computer Science; Data Mining; Probability and Statistics,0.3549,1
14.387_fall_2014,18.S096_january-iap_2023,Applied Econometrics: Mostly Harmless Big Data,Matrix Calculus for Machine Learning and Beyond,cross,0,,0.0,0
14.387_fall_2014,18.S190_spring_2020,Applied Econometrics: Mostly Harmless Big Data,"Introduction to Computational Thinking with Julia, with Applications to Modeling the COVID-19 Pandemic",test,0,Computer Science,0.0324,0
14.387_fall_2014,2.087_fall_2014,Applied Econometrics: Mostly Harmless Big Data,Engineering Math: Differential Equations and Linear Algebra,cross,0,,0.0,0
14.387_fall_2014,2.161_fall_2008,Applied Econometrics: Mostly Harmless Big Data,Signal Processing: Continuous and Discrete,cross,0,,0.0,0
14.387_fall_2014,21M.383_spring_2023,Applied Econometrics: Mostly Harmless Big Data,Computational Music Theory and Analysis,cross,0,Probability and Statistics,0.0281,0
14.387_fall_2014,6.0002_fall_2016,Applied Econometrics: Mostly Harmless Big Data,Introduction to Computational Thinking and Data Science,cross,0,Computer Science; Probability and Statistics,0.1799,0
14.387_fall_2014,6.006_fall_2011,Applied Econometrics: Mostly Harmless Big Data,Introduction to Algorithms,test,0,Computer Science,0.0705,0
14.387_fall_2014,6.006_spring_2020,Applied Econometrics: Mostly Harmless Big Data,Introduction to Algorithms,test,0,Computer Science,0.0448,0
14.387_fall_2014,6.036_fall_2020,Applied Econometrics: Mostly Harmless Big Data,Introduction to Machine Learning,cross,0,Computer Science,0.0617,0
14.387_fall_2014,6.041_fall_2010,Applied Econometrics: Mostly Harmless Big Data,Probabilistic Systems Analysis and Applied Probability,cross,0,Probability and Statistics,0.0639,0
14.387_fall_2014,6.041_spring_2006,Applied Econometrics: Mostly Harmless Big Data,Probabilistic Systems Analysis and Applied  Probability,cross,0,Probability and Statistics,0.0747,0
14.387_fall_2014,6.041SC_fall_2013,Applied Econometrics: Mostly Harmless Big Data,Probabilistic Systems Analysis and Applied Probability,cross,0,Probability and Statistics,0.0639,0
14.387_fall_2014,6.046J_spring_2012,Applied Econometrics: Mostly Harmless Big Data,Design and Analysis of Algorithms,cross,0,Computer Science,0.0705,0
14.387_fall_2014,6.046J_spring_2015,Applied Econometrics: Mostly Harmless Big Data,Design and Analysis of Algorithms,cross,0,Computer Science,0.037,0
14.387_fall_2014,6.079_fall_2009,Applied Econometrics: Mostly Harmless Big Data,Introduction to Convex Optimization,test,0,,0.0,0
14.387_fall_2014,6.253_spring_2012,Applied Econometrics: Mostly Harmless Big Data,Convex Analysis and Optimization,cross,0,Computer Science,0.0527,0
14.387_fall_2014,6.341_fall_2005,Applied Econometrics: Mostly Harmless Big Data,Discrete-Time Signal Processing,cross,0,,0.0,0
14.387_fall_2014,6.4210_fall_2022,Applied Econometrics: Mostly Harmless Big Data,Robotic Manipulation,cross,0,Computer Science,0.047,0
14.387_fall_2014,6.436J_fall_2018,Applied Econometrics: Mostly Harmless Big Data,Fundamentals of Probability,test,0,Probability and Statistics,0.0943,0
14.387_fall_2014,6.438_fall_2014,Applied Econometrics: Mostly Harmless Big Data,Algorithms for Inference,test,0,Computer Science; Probability and Statistics,0.1153,0
14.387_fall_2014,6.7220J_spring_2025,Applied Econometrics: Mostly Harmless Big Data,Nonlinear Optimization,cross,0,Computer Science,0.0408,0
14.387_fall_2014,6.7960_fall_2024,Applied Econometrics: Mostly Harmless Big Data,Deep Learning,cross,0,Computer Science,0.0563,0
14.387_fall_2014,6.801_fall_2004,Applied Econometrics: Mostly Harmless Big Data,Machine Vision,cross,0,Computer Science,0.031,0
14.387_fall_2014,6.801_fall_2020,Applied Econometrics: Mostly Harmless Big Data,Machine Vision,cross,0,Computer Science,0.0563,0
14.387_fall_2014,6.8300_spring_2025,Applied Econometrics: Mostly Harmless Big Data,Advances in Computer Vision,test,0,Computer Science,0.073,0
14.387_fall_2014,6.832_spring_2009,Applied Econometrics: Mostly Harmless Big Data,Underactuated Robotics,cross,0,Computer Science,0.047,0
14.387_fall_2014,6.852J_fall_2009,Applied Econometrics: Mostly Harmless Big Data,Distributed Algorithms,cross,0,Computer Science,0.0539,0
14.387_fall_2014,6.864_fall_2005,Applied Econometrics: Mostly Harmless Big Data,Advanced Natural Language Processing,test,0,Computer Science,0.0355,0
14.387_fall_2014,6.867_fall_2006,Applied Econometrics: Mostly Harmless Big Data,Machine Learning,cross,0,Computer Science; Probability and Statistics,0.1052,0
14.387_fall_2014,6.S087_january-iap_2024,Applied Econometrics: Mostly Harmless Big Data,Foundation Models and Generative AI,cross,0,Computer Science,0.073,0
14.387_fall_2014,6.S191_january-iap_2026,Applied Econometrics: Mostly Harmless Big Data,Introduction to Deep Learning,cross,0,Computer Science,0.0433,0
14.387_fall_2014,6.S897_spring_2019,Applied Econometrics: Mostly Harmless Big Data,Machine Learning for Healthcare,cross,0,Computer Science,0.0315,0
14.387_fall_2014,6.S980_fall_2022,Applied Econometrics: Mostly Harmless Big Data,Machine Learning for Inverse Graphics,test,0,Computer Science,0.0563,0
14.387_fall_2014,8.044_spring_2013,Applied Econometrics: Mostly Harmless Big Data,Statistical Physics I,test,0,Probability and Statistics,0.0529,0
14.387_fall_2014,8.333_fall_2013,Applied Econometrics: Mostly Harmless Big Data,Statistical Mechanics I:  Statistical Mechanics of Particles,cross,0,Probability and Statistics,0.0329,0
14.387_fall_2014,8.334_spring_2014,Applied Econometrics: Mostly Harmless Big Data,Statistical Mechanics II: Statistical Physics of Fields,cross,0,Probability and Statistics,0.0406,0
14.387_fall_2014,9.520_spring_2003,Applied Econometrics: Mostly Harmless Big Data,Statistical Learning Theory and Applications,cross,0,Computer Science; Probability and Statistics,0.1052,0
14.387_fall_2014,9.520_spring_2006,Applied Econometrics: Mostly Harmless Big Data,Statistical Learning Theory and Applications,cross,0,Probability and Statistics,0.032,0
14.387_fall_2014,ES.1803_spring_2024,Applied Econometrics: Mostly Harmless Big Data,Differential Equations,cross,0,,0.0,0
14.387_fall_2014,ESD.86_spring_2007,Applied Econometrics: Mostly Harmless Big Data,"Models, Data and Inference for Socio-Technical Systems",test,0,Computer Science; Data Mining; Probability and Statistics,0.2649,0
14.387_fall_2014,HST.953_fall_2020,Applied Econometrics: Mostly Harmless Big Data,Collaborative Data Science for Healthcare,cross,0,Computer Science; Data Mining,0.1501,0
14.387_fall_2014,MAS.622J_fall_2006,Applied Econometrics: Mostly Harmless Big Data,Pattern Recognition and Analysis,cross,0,Probability and Statistics,0.0485,0
14.387_fall_2014,RES.6-012_spring_2018,Applied Econometrics: Mostly Harmless Big Data,Introduction to Probability,cross,0,Probability and Statistics,0.0778,0
14.387_fall_2014,RES.6-013_fall_2021,Applied Econometrics: Mostly Harmless Big Data,AI 101,cross,0,Computer Science,0.073,0
14.387_fall_2014,RES.8-010_summer_2018,Applied Econometrics: Mostly Harmless Big Data,Introduction to Statistical Physics,test,0,Probability and Statistics,0.0492,0
15.053_spring_2013,15.062_spring_2003,Optimization Methods in Management Science,Data Mining,cross,0,,0.0,0
15.053_spring_2013,15.071_spring_2017,Optimization Methods in Management Science,The Analytics Edge,train,0,Operations Management; Probability and Statistics,0.2085,0
15.053_spring_2013,15.075J_fall_2011,Optimization Methods in Management Science,Statistical Thinking and Data Analysis,train,0,Probability and Statistics,0.0375,0
15.053_spring_2013,15.082J_fall_2010,Optimization Methods in Management Science,Network Optimization,train,0,Applied Mathematics; Project Management; Systems Engineering; Systems Optimization,0.3703,1
15.053_spring_2013,15.083J_fall_2009,Optimization Methods in Management Science,Integer Programming and Combinatorial Optimization,train,0,Applied Mathematics; Systems Engineering; Systems Optimization,0.2873,0
15.053_spring_2013,15.093J_fall_2009,Optimization Methods in Management Science,Optimization Methods,train,0,Applied Mathematics; Systems Engineering; Systems Optimization,0.3299,1
15.053_spring_2013,15.450_fall_2010,Optimization Methods in Management Science,Analytics of Finance,cross,0,Probability and Statistics,0.0253,0
15.053_spring_2013,15.561_spring_2005,Optimization Methods in Management Science,Information Technology Essentials,train,0,,0.0,0
15.053_spring_2013,15.773_spring_2024,Optimization Methods in Management Science,Hands-On Deep Learning,train,0,,0.0,0
15.053_spring_2013,15.S08_spring_2020,Optimization Methods in Management Science,FinTech: Shaping the Financial World ,train,0,,0.0,0
15.053_spring_2013,16.412J_spring_2016,Optimization Methods in Management Science,Cognitive Robotics,cross,0,,0.0,0
15.053_spring_2013,18.03SC_fall_2011,Optimization Methods in Management Science,Differential Equations,train,0,,0.0,0
15.053_spring_2013,18.05_spring_2022,Optimization Methods in Management Science,Introduction to Probability and Statistics,train,0,Probability and Statistics,0.0384,0
15.053_spring_2013,18.065_spring_2018,Optimization Methods in Management Science,"Matrix Methods in Data Analysis, Signal Processing, and Machine Learning",train,0,Applied Mathematics,0.0541,0
15.053_spring_2013,18.06_spring_2010,Optimization Methods in Management Science,Linear Algebra,train,0,,0.0,0
15.053_spring_2013,18.06SC_fall_2011,Optimization Methods in Management Science,Linear Algebra,train,0,,0.0,0
15.053_spring_2013,18.085_summer_2020,Optimization Methods in Management Science,Computational Science and Engineering I,train,0,Applied Mathematics; Systems Engineering,0.1177,0
15.053_spring_2013,18.175_spring_2014,Optimization Methods in Management Science,Theory of Probability,train,0,Probability and Statistics,0.0363,0
15.053_spring_2013,18.440_spring_2014,Optimization Methods in Management Science,Probability and Random Variables,cross,0,Probability and Statistics,0.0384,0
15.053_spring_2013,18.465_spring_2007,Optimization Methods in Management Science,Topics in Statistics: Statistical Learning Theory,cross,0,Probability and Statistics,0.0316,0
15.053_spring_2013,18.600_fall_2019,Optimization Methods in Management Science,Probability and Random Variables,train,0,Probability and Statistics,0.0384,0
15.053_spring_2013,18.642_fall_2024,Optimization Methods in Management Science,Topics in Mathematics with Applications in Finance,cross,0,Applied Mathematics; Probability and Statistics,0.1073,0
15.053_spring_2013,18.650__formerly_18.443__fall_2006,Optimization Methods in Management Science,Statistics for Applications,cross,0,Applied Mathematics; Probability and Statistics,0.1137,0
15.053_spring_2013,18.650__formerly_18.443__spring_2015,Optimization Methods in Management Science,Statistics for Applications,cross,0,Applied Mathematics; Probability and Statistics,0.1137,0
15.053_spring_2013,18.655_spring_2016,Optimization Methods in Management Science,Mathematical Statistics,cross,0,Game Theory; Probability and Statistics,0.2521,0
15.053_spring_2013,18.657_fall_2015,Optimization Methods in Management Science,Mathematics of Machine Learning,train,0,Applied Mathematics; Probability and Statistics,0.0881,0
15.053_spring_2013,18.700_fall_2013,Optimization Methods in Management Science,Linear Algebra,train,0,,0.0,0
15.053_spring_2013,18.S096_fall_2015,Optimization Methods in Management Science,Topics in Mathematics of Data Science,train,0,Applied Mathematics; Probability and Statistics,0.1109,0
15.053_spring_2013,18.S096_january-iap_2023,Optimization Methods in Management Science,Matrix Calculus for Machine Learning and Beyond,train,0,Applied Mathematics,0.0614,0
15.053_spring_2013,18.S190_spring_2020,Optimization Methods in Management Science,"Introduction to Computational Thinking with Julia, with Applications to Modeling the COVID-19 Pandemic",cross,0,Applied Mathematics,0.0495,0
15.053_spring_2013,2.087_fall_2014,Optimization Methods in Management Science,Engineering Math: Differential Equations and Linear Algebra,train,0,Applied Mathematics,0.056,0
15.053_spring_2013,2.161_fall_2008,Optimization Methods in Management Science,Signal Processing: Continuous and Discrete,train,0,,0.0,0
15.053_spring_2013,21M.383_spring_2023,Optimization Methods in Management Science,Computational Music Theory and Analysis,train,0,Probability and Statistics,0.0207,0
15.053_spring_2013,6.0002_fall_2016,Optimization Methods in Management Science,Introduction to Computational Thinking and Data Science,train,0,Probability and Statistics,0.0414,0
15.053_spring_2013,6.006_fall_2011,Optimization Methods in Management Science,Introduction to Algorithms,cross,0,,0.0,0
15.053_spring_2013,6.006_spring_2020,Optimization Methods in Management Science,Introduction to Algorithms,cross,0,,0.0,0
15.053_spring_2013,6.036_fall_2020,Optimization Methods in Management Science,Introduction to Machine Learning,train,0,,0.0,0
15.053_spring_2013,6.041_fall_2010,Optimization Methods in Management Science,Probabilistic Systems Analysis and Applied Probability,train,0,Probability and Statistics; Systems Engineering,0.1254,0
15.053_spring_2013,6.041_spring_2006,Optimization Methods in Management Science,Probabilistic Systems Analysis and Applied  Probability,train,0,Probability and Statistics,0.0384,0
15.053_spring_2013,6.041SC_fall_2013,Optimization Methods in Management Science,Probabilistic Systems Analysis and Applied Probability,train,0,Probability and Statistics; Systems Engineering,0.1254,0
15.053_spring_2013,6.046J_spring_2012,Optimization Methods in Management Science,Design and Analysis of Algorithms,train,0,,0.0,0
15.053_spring_2013,6.046J_spring_2015,Optimization Methods in Management Science,Design and Analysis of Algorithms,train,0,Applied Mathematics,0.0542,0
15.053_spring_2013,6.079_fall_2009,Optimization Methods in Management Science,Introduction to Convex Optimization,cross,0,Applied Mathematics; Systems Engineering; Systems Optimization,0.293,0
15.053_spring_2013,6.253_spring_2012,Optimization Methods in Management Science,Convex Analysis and Optimization,train,0,,0.0,0
15.053_spring_2013,6.341_fall_2005,Optimization Methods in Management Science,Discrete-Time Signal Processing,train,0,,0.0,0
15.053_spring_2013,6.4210_fall_2022,Optimization Methods in Management Science,Robotic Manipulation,train,0,,0.0,0
15.053_spring_2013,6.436J_fall_2018,Optimization Methods in Management Science,Fundamentals of Probability,cross,0,Probability and Statistics,0.0431,0
15.053_spring_2013,6.438_fall_2014,Optimization Methods in Management Science,Algorithms for Inference,cross,0,Probability and Statistics,0.0333,0
15.053_spring_2013,6.7220J_spring_2025,Optimization Methods in Management Science,Nonlinear Optimization,train,0,Applied Mathematics; Systems Engineering; Systems Optimization,0.2727,0
15.053_spring_2013,6.7960_fall_2024,Optimization Methods in Management Science,Deep Learning,train,0,,0.0,0
15.053_spring_2013,6.801_fall_2004,Optimization Methods in Management Science,Machine Vision,train,0,Systems Engineering,0.0559,0
15.053_spring_2013,6.801_fall_2020,Optimization Methods in Management Science,Machine Vision,train,0,,0.0,0
15.053_spring_2013,6.8300_spring_2025,Optimization Methods in Management Science,Advances in Computer Vision,cross,0,,0.0,0
15.053_spring_2013,6.832_spring_2009,Optimization Methods in Management Science,Underactuated Robotics,train,0,,0.0,0
15.053_spring_2013,6.852J_fall_2009,Optimization Methods in Management Science,Distributed Algorithms,train,0,,0.0,0
15.053_spring_2013,6.864_fall_2005,Optimization Methods in Management Science,Advanced Natural Language Processing,cross,0,,0.0,0
15.053_spring_2013,6.867_fall_2006,Optimization Methods in Management Science,Machine Learning,train,0,Probability and Statistics,0.0316,0
15.053_spring_2013,6.S087_january-iap_2024,Optimization Methods in Management Science,Foundation Models and Generative AI,train,0,,0.0,0
15.053_spring_2013,6.S191_january-iap_2026,Optimization Methods in Management Science,Introduction to Deep Learning,train,0,,0.0,0
15.053_spring_2013,6.S897_spring_2019,Optimization Methods in Management Science,Machine Learning for Healthcare,train,0,,0.0,0
15.053_spring_2013,6.S980_fall_2022,Optimization Methods in Management Science,Machine Learning for Inverse Graphics,cross,0,,0.0,0
15.053_spring_2013,8.044_spring_2013,Optimization Methods in Management Science,Statistical Physics I,cross,0,Probability and Statistics,0.0317,0
15.053_spring_2013,8.333_fall_2013,Optimization Methods in Management Science,Statistical Mechanics I:  Statistical Mechanics of Particles,train,0,Probability and Statistics,0.0232,0
15.053_spring_2013,8.334_spring_2014,Optimization Methods in Management Science,Statistical Mechanics II: Statistical Physics of Fields,train,0,Probability and Statistics,0.0268,0
15.053_spring_2013,9.520_spring_2003,Optimization Methods in Management Science,Statistical Learning Theory and Applications,train,0,Probability and Statistics,0.0316,0
15.053_spring_2013,9.520_spring_2006,Optimization Methods in Management Science,Statistical Learning Theory and Applications,train,0,Probability and Statistics,0.0228,0
15.053_spring_2013,ES.1803_spring_2024,Optimization Methods in Management Science,Differential Equations,train,0,,0.0,0
15.053_spring_2013,ESD.86_spring_2007,Optimization Methods in Management Science,"Models, Data and Inference for Socio-Technical Systems",cross,0,Probability and Statistics; Systems Engineering,0.1064,0
15.053_spring_2013,HST.953_fall_2020,Optimization Methods in Management Science,Collaborative Data Science for Healthcare,train,0,,0.0,0
15.053_spring_2013,MAS.622J_fall_2006,Optimization Methods in Management Science,Pattern Recognition and Analysis,train,0,Probability and Statistics,0.0301,0
15.053_spring_2013,RES.6-012_spring_2018,Optimization Methods in Management Science,Introduction to Probability,train,0,Probability and Statistics; Systems Engineering,0.1404,0
15.053_spring_2013,RES.6-013_fall_2021,Optimization Methods in Management Science,AI 101,train,0,,0.0,0
15.053_spring_2013,RES.8-010_summer_2018,Optimization Methods in Management Science,Introduction to Statistical Physics,cross,0,Probability and Statistics,0.0304,0
15.062_spring_2003,15.071_spring_2017,Data Mining,The Analytics Edge,cross,0,Management,0.2757,0
15.062_spring_2003,15.075J_fall_2011,Data Mining,Statistical Thinking and Data Analysis,cross,0,Computer Science; Data Mining,0.271,0
15.062_spring_2003,15.082J_fall_2010,Data Mining,Network Optimization,cross,0,Computer Science; Information Technology,0.1426,0
15.062_spring_2003,15.083J_fall_2009,Data Mining,Integer Programming and Combinatorial Optimization,cross,0,,0.0,0
15.062_spring_2003,15.093J_fall_2009,Data Mining,Optimization Methods,cross,0,,0.0,0
15.062_spring_2003,15.450_fall_2010,Data Mining,Analytics of Finance,test,0,,0.0,0
15.062_spring_2003,15.561_spring_2005,Data Mining,Information Technology Essentials,cross,0,Computer Science; Data Mining; Information Technology,0.4389,1
15.062_spring_2003,15.773_spring_2024,Data Mining,Hands-On Deep Learning,cross,0,Computer Science; Information Technology,0.3201,1
15.062_spring_2003,15.S08_spring_2020,Data Mining,FinTech: Shaping the Financial World ,cross,0,Computer Science; Information Technology,0.1838,0
15.062_spring_2003,16.412J_spring_2016,Data Mining,Cognitive Robotics,test,0,Computer Science,0.0443,0
15.062_spring_2003,18.03SC_fall_2011,Data Mining,Differential Equations,cross,0,,0.0,0
15.062_spring_2003,18.05_spring_2022,Data Mining,Introduction to Probability and Statistics,cross,0,,0.0,0
15.062_spring_2003,18.065_spring_2018,Data Mining,"Matrix Methods in Data Analysis, Signal Processing, and Machine Learning",cross,0,,0.0,0
15.062_spring_2003,18.06_spring_2010,Data Mining,Linear Algebra,cross,0,,0.0,0
15.062_spring_2003,18.06SC_fall_2011,Data Mining,Linear Algebra,cross,0,,0.0,0
15.062_spring_2003,18.085_summer_2020,Data Mining,Computational Science and Engineering I,cross,0,,0.0,0
15.062_spring_2003,18.175_spring_2014,Data Mining,Theory of Probability,cross,0,,0.0,0
15.062_spring_2003,18.440_spring_2014,Data Mining,Probability and Random Variables,test,0,,0.0,0
15.062_spring_2003,18.465_spring_2007,Data Mining,Topics in Statistics: Statistical Learning Theory,test,0,Computer Science,0.0447,0
15.062_spring_2003,18.600_fall_2019,Data Mining,Probability and Random Variables,cross,0,,0.0,0
15.062_spring_2003,18.642_fall_2024,Data Mining,Topics in Mathematics with Applications in Finance,test,0,,0.0,0
15.062_spring_2003,18.650__formerly_18.443__fall_2006,Data Mining,Statistics for Applications,test,0,,0.0,0
15.062_spring_2003,18.650__formerly_18.443__spring_2015,Data Mining,Statistics for Applications,test,0,,0.0,0
15.062_spring_2003,18.655_spring_2016,Data Mining,Mathematical Statistics,test,0,,0.0,0
15.062_spring_2003,18.657_fall_2015,Data Mining,Mathematics of Machine Learning,cross,0,Computer Science; Data Mining,0.1601,0
15.062_spring_2003,18.700_fall_2013,Data Mining,Linear Algebra,cross,0,,0.0,0
15.062_spring_2003,18.S096_fall_2015,Data Mining,Topics in Mathematics of Data Science,cross,0,Computer Science; Data Mining,0.2349,0
15.062_spring_2003,18.S096_january-iap_2023,Data Mining,Matrix Calculus for Machine Learning and Beyond,cross,0,,0.0,0
15.062_spring_2003,18.S190_spring_2020,Data Mining,"Introduction to Computational Thinking with Julia, with Applications to Modeling the COVID-19 Pandemic",test,0,Computer Science,0.0311,0
15.062_spring_2003,2.087_fall_2014,Data Mining,Engineering Math: Differential Equations and Linear Algebra,cross,0,,0.0,0
15.062_spring_2003,2.161_fall_2008,Data Mining,Signal Processing: Continuous and Discrete,cross,0,,0.0,0
15.062_spring_2003,21M.383_spring_2023,Data Mining,Computational Music Theory and Analysis,cross,0,,0.0,0
15.062_spring_2003,6.0002_fall_2016,Data Mining,Introduction to Computational Thinking and Data Science,cross,0,Computer Science,0.0711,0
15.062_spring_2003,6.006_fall_2011,Data Mining,Introduction to Algorithms,test,0,Computer Science,0.0647,0
15.062_spring_2003,6.006_spring_2020,Data Mining,Introduction to Algorithms,test,0,Computer Science,0.0423,0
15.062_spring_2003,6.036_fall_2020,Data Mining,Introduction to Machine Learning,cross,0,Computer Science,0.0572,0
15.062_spring_2003,6.041_fall_2010,Data Mining,Probabilistic Systems Analysis and Applied Probability,cross,0,,0.0,0
15.062_spring_2003,6.041_spring_2006,Data Mining,Probabilistic Systems Analysis and Applied  Probability,cross,0,,0.0,0
15.062_spring_2003,6.041SC_fall_2013,Data Mining,Probabilistic Systems Analysis and Applied Probability,cross,0,,0.0,0
15.062_spring_2003,6.046J_spring_2012,Data Mining,Design and Analysis of Algorithms,cross,0,Computer Science,0.0647,0
15.062_spring_2003,6.046J_spring_2015,Data Mining,Design and Analysis of Algorithms,cross,0,Computer Science,0.0353,0
15.062_spring_2003,6.079_fall_2009,Data Mining,Introduction to Convex Optimization,test,0,,0.0,0
15.062_spring_2003,6.253_spring_2012,Data Mining,Convex Analysis and Optimization,cross,0,Computer Science,0.0494,0
15.062_spring_2003,6.341_fall_2005,Data Mining,Discrete-Time Signal Processing,cross,0,,0.0,0
15.062_spring_2003,6.4210_fall_2022,Data Mining,Robotic Manipulation,cross,0,Computer Science,0.0443,0
15.062_spring_2003,6.436J_fall_2018,Data Mining,Fundamentals of Probability,test,0,,0.0,0
15.062_spring_2003,6.438_fall_2014,Data Mining,Algorithms for Inference,test,0,Computer Science,0.0485,0
15.062_spring_2003,6.7220J_spring_2025,Data Mining,Nonlinear Optimization,cross,0,Computer Science,0.0388,0
15.062_spring_2003,6.7960_fall_2024,Data Mining,Deep Learning,cross,0,Computer Science,0.0525,0
15.062_spring_2003,6.801_fall_2004,Data Mining,Machine Vision,cross,0,Computer Science,0.0299,0
15.062_spring_2003,6.801_fall_2020,Data Mining,Machine Vision,cross,0,Computer Science,0.0525,0
15.062_spring_2003,6.8300_spring_2025,Data Mining,Advances in Computer Vision,test,0,Computer Science,0.0668,0
15.062_spring_2003,6.832_spring_2009,Data Mining,Underactuated Robotics,cross,0,Computer Science,0.0443,0
15.062_spring_2003,6.852J_fall_2009,Data Mining,Distributed Algorithms,cross,0,Computer Science,0.0504,0
15.062_spring_2003,6.864_fall_2005,Data Mining,Advanced Natural Language Processing,test,0,Computer Science,0.0339,0
15.062_spring_2003,6.867_fall_2006,Data Mining,Machine Learning,cross,0,Computer Science,0.0447,0
15.062_spring_2003,6.S087_january-iap_2024,Data Mining,Foundation Models and Generative AI,cross,0,Computer Science,0.0668,0
15.062_spring_2003,6.S191_january-iap_2026,Data Mining,Introduction to Deep Learning,cross,0,Computer Science,0.041,0
15.062_spring_2003,6.S897_spring_2019,Data Mining,Machine Learning for Healthcare,cross,0,Computer Science,0.0303,0
15.062_spring_2003,6.S980_fall_2022,Data Mining,Machine Learning for Inverse Graphics,test,0,Computer Science,0.0525,0
15.062_spring_2003,8.044_spring_2013,Data Mining,Statistical Physics I,test,0,,0.0,0
15.062_spring_2003,8.333_fall_2013,Data Mining,Statistical Mechanics I:  Statistical Mechanics of Particles,cross,0,,0.0,0
15.062_spring_2003,8.334_spring_2014,Data Mining,Statistical Mechanics II: Statistical Physics of Fields,cross,0,,0.0,0
15.062_spring_2003,9.520_spring_2003,Data Mining,Statistical Learning Theory and Applications,cross,0,Computer Science,0.0447,0
15.062_spring_2003,9.520_spring_2006,Data Mining,Statistical Learning Theory and Applications,cross,0,,0.0,0
15.062_spring_2003,ES.1803_spring_2024,Data Mining,Differential Equations,cross,0,,0.0,0
15.062_spring_2003,ESD.86_spring_2007,Data Mining,"Models, Data and Inference for Socio-Technical Systems",test,0,Computer Science; Data Mining,0.1821,0
15.062_spring_2003,HST.953_fall_2020,Data Mining,Collaborative Data Science for Healthcare,cross,0,Computer Science; Data Mining,0.1429,0
15.062_spring_2003,MAS.622J_fall_2006,Data Mining,Pattern Recognition and Analysis,cross,0,,0.0,0
15.062_spring_2003,RES.6-012_spring_2018,Data Mining,Introduction to Probability,cross,0,,0.0,0
15.062_spring_2003,RES.6-013_fall_2021,Data Mining,AI 101,cross,0,Computer Science,0.0668,0
15.062_spring_2003,RES.8-010_summer_2018,Data Mining,Introduction to Statistical Physics,test,0,,0.0,0
15.071_spring_2017,15.075J_fall_2011,The Analytics Edge,Statistical Thinking and Data Analysis,train,0,Probability and Statistics,0.0706,0
15.071_spring_2017,15.082J_fall_2010,The Analytics Edge,Network Optimization,train,0,,0.0,0
15.071_spring_2017,15.083J_fall_2009,The Analytics Edge,Integer Programming and Combinatorial Optimization,train,0,,0.0,0
15.071_spring_2017,15.093J_fall_2009,The Analytics Edge,Optimization Methods,train,0,,0.0,0
15.071_spring_2017,15.450_fall_2010,The Analytics Edge,Analytics of Finance,cross,0,Probability and Statistics,0.0371,0
15.071_spring_2017,15.561_spring_2005,The Analytics Edge,Information Technology Essentials,train,0,,0.0,0
15.071_spring_2017,15.773_spring_2024,The Analytics Edge,Hands-On Deep Learning,train,0,,0.0,0
15.071_spring_2017,15.S08_spring_2020,The Analytics Edge,FinTech: Shaping the Financial World ,train,0,,0.0,0
15.071_spring_2017,16.412J_spring_2016,The Analytics Edge,Cognitive Robotics,cross,0,,0.0,0
15.071_spring_2017,18.03SC_fall_2011,The Analytics Edge,Differential Equations,train,0,,0.0,0
15.071_spring_2017,18.05_spring_2022,The Analytics Edge,Introduction to Probability and Statistics,train,0,Probability and Statistics,0.0741,0
15.071_spring_2017,18.065_spring_2018,The Analytics Edge,"Matrix Methods in Data Analysis, Signal Processing, and Machine Learning",train,0,,0.0,0
15.071_spring_2017,18.06_spring_2010,The Analytics Edge,Linear Algebra,train,0,,0.0,0
15.071_spring_2017,18.06SC_fall_2011,The Analytics Edge,Linear Algebra,train,0,,0.0,0
15.071_spring_2017,18.085_summer_2020,The Analytics Edge,Computational Science and Engineering I,train,0,,0.0,0
15.071_spring_2017,18.175_spring_2014,The Analytics Edge,Theory of Probability,train,0,Probability and Statistics,0.0665,0
15.071_spring_2017,18.440_spring_2014,The Analytics Edge,Probability and Random Variables,cross,0,Probability and Statistics,0.0741,0
15.071_spring_2017,18.465_spring_2007,The Analytics Edge,Topics in Statistics: Statistical Learning Theory,cross,0,Probability and Statistics,0.0522,0
15.071_spring_2017,18.600_fall_2019,The Analytics Edge,Probability and Random Variables,train,0,Probability and Statistics,0.0741,0
15.071_spring_2017,18.642_fall_2024,The Analytics Edge,Topics in Mathematics with Applications in Finance,cross,0,Probability and Statistics,0.0588,0
15.071_spring_2017,18.650__formerly_18.443__fall_2006,The Analytics Edge,Statistics for Applications,cross,0,Probability and Statistics,0.0647,0
15.071_spring_2017,18.650__formerly_18.443__spring_2015,The Analytics Edge,Statistics for Applications,cross,0,Probability and Statistics,0.0647,0
15.071_spring_2017,18.655_spring_2016,The Analytics Edge,Mathematical Statistics,cross,0,Probability and Statistics,0.0642,0
15.071_spring_2017,18.657_fall_2015,The Analytics Edge,Mathematics of Machine Learning,train,0,Probability and Statistics,0.0435,0
15.071_spring_2017,18.700_fall_2013,The Analytics Edge,Linear Algebra,train,0,,0.0,0
15.071_spring_2017,18.S096_fall_2015,The Analytics Edge,Topics in Mathematics of Data Science,train,0,Probability and Statistics,0.062,0
15.071_spring_2017,18.S096_january-iap_2023,The Analytics Edge,Matrix Calculus for Machine Learning and Beyond,train,0,,0.0,0
15.071_spring_2017,18.S190_spring_2020,The Analytics Edge,"Introduction to Computational Thinking with Julia, with Applications to Modeling the COVID-19 Pandemic",cross,0,,0.0,0
15.071_spring_2017,2.087_fall_2014,The Analytics Edge,Engineering Math: Differential Equations and Linear Algebra,train,0,,0.0,0
15.071_spring_2017,2.161_fall_2008,The Analytics Edge,Signal Processing: Continuous and Discrete,train,0,,0.0,0
15.071_spring_2017,21M.383_spring_2023,The Analytics Edge,Computational Music Theory and Analysis,train,0,Probability and Statistics,0.028,0
15.071_spring_2017,6.0002_fall_2016,The Analytics Edge,Introduction to Computational Thinking and Data Science,train,0,Probability and Statistics,0.0861,0
15.071_spring_2017,6.006_fall_2011,The Analytics Edge,Introduction to Algorithms,cross,0,,0.0,0
15.071_spring_2017,6.006_spring_2020,The Analytics Edge,Introduction to Algorithms,cross,0,,0.0,0
15.071_spring_2017,6.036_fall_2020,The Analytics Edge,Introduction to Machine Learning,train,0,,0.0,0
15.071_spring_2017,6.041_fall_2010,The Analytics Edge,Probabilistic Systems Analysis and Applied Probability,train,0,Probability and Statistics,0.0635,0
15.071_spring_2017,6.041_spring_2006,The Analytics Edge,Probabilistic Systems Analysis and Applied  Probability,train,0,Probability and Statistics,0.0741,0
15.071_spring_2017,6.041SC_fall_2013,The Analytics Edge,Probabilistic Systems Analysis and Applied Probability,train,0,Probability and Statistics,0.0635,0
15.071_spring_2017,6.046J_spring_2012,The Analytics Edge,Design and Analysis of Algorithms,train,0,,0.0,0
15.071_spring_2017,6.046J_spring_2015,The Analytics Edge,Design and Analysis of Algorithms,train,0,,0.0,0
15.071_spring_2017,6.079_fall_2009,The Analytics Edge,Introduction to Convex Optimization,cross,0,,0.0,0
15.071_spring_2017,6.253_spring_2012,The Analytics Edge,Convex Analysis and Optimization,train,0,,0.0,0
15.071_spring_2017,6.341_fall_2005,The Analytics Edge,Discrete-Time Signal Processing,train,0,,0.0,0
15.071_spring_2017,6.4210_fall_2022,The Analytics Edge,Robotic Manipulation,train,0,,0.0,0
15.071_spring_2017,6.436J_fall_2018,The Analytics Edge,Fundamentals of Probability,cross,0,Probability and Statistics,0.0934,0
15.071_spring_2017,6.438_fall_2014,The Analytics Edge,Algorithms for Inference,cross,0,Probability and Statistics,0.057,0
15.071_spring_2017,6.7220J_spring_2025,The Analytics Edge,Nonlinear Optimization,train,0,,0.0,0
15.071_spring_2017,6.7960_fall_2024,The Analytics Edge,Deep Learning,train,0,,0.0,0
15.071_spring_2017,6.801_fall_2004,The Analytics Edge,Machine Vision,train,0,,0.0,0
15.071_spring_2017,6.801_fall_2020,The Analytics Edge,Machine Vision,train,0,,0.0,0
15.071_spring_2017,6.8300_spring_2025,The Analytics Edge,Advances in Computer Vision,cross,0,,0.0,0
15.071_spring_2017,6.832_spring_2009,The Analytics Edge,Underactuated Robotics,train,0,,0.0,0
15.071_spring_2017,6.852J_fall_2009,The Analytics Edge,Distributed Algorithms,train,0,,0.0,0
15.071_spring_2017,6.864_fall_2005,The Analytics Edge,Advanced Natural Language Processing,cross,0,,0.0,0
15.071_spring_2017,6.867_fall_2006,The Analytics Edge,Machine Learning,train,0,Probability and Statistics,0.0522,0
15.071_spring_2017,6.S087_january-iap_2024,The Analytics Edge,Foundation Models and Generative AI,train,0,,0.0,0
15.071_spring_2017,6.S191_january-iap_2026,The Analytics Edge,Introduction to Deep Learning,train,0,,0.0,0
15.071_spring_2017,6.S897_spring_2019,The Analytics Edge,Machine Learning for Healthcare,train,0,,0.0,0
15.071_spring_2017,6.S980_fall_2022,The Analytics Edge,Machine Learning for Inverse Graphics,cross,0,,0.0,0
15.071_spring_2017,8.044_spring_2013,The Analytics Edge,Statistical Physics I,cross,0,Probability and Statistics,0.0526,0
15.071_spring_2017,8.333_fall_2013,The Analytics Edge,Statistical Mechanics I:  Statistical Mechanics of Particles,train,0,Probability and Statistics,0.0328,0
15.071_spring_2017,8.334_spring_2014,The Analytics Edge,Statistical Mechanics II: Statistical Physics of Fields,train,0,Probability and Statistics,0.0404,0
15.071_spring_2017,9.520_spring_2003,The Analytics Edge,Statistical Learning Theory and Applications,train,0,Probability and Statistics,0.0522,0
15.071_spring_2017,9.520_spring_2006,The Analytics Edge,Statistical Learning Theory and Applications,train,0,Probability and Statistics,0.0319,0
15.071_spring_2017,ES.1803_spring_2024,The Analytics Edge,Differential Equations,train,0,,0.0,0
15.071_spring_2017,ESD.86_spring_2007,The Analytics Edge,"Models, Data and Inference for Socio-Technical Systems",cross,0,Probability and Statistics,0.049,0
15.071_spring_2017,HST.953_fall_2020,The Analytics Edge,Collaborative Data Science for Healthcare,train,0,,0.0,0
15.071_spring_2017,MAS.622J_fall_2006,The Analytics Edge,Pattern Recognition and Analysis,train,0,Probability and Statistics,0.0482,0
15.071_spring_2017,RES.6-012_spring_2018,The Analytics Edge,Introduction to Probability,train,0,Probability and Statistics,0.0771,0
15.071_spring_2017,RES.6-013_fall_2021,The Analytics Edge,AI 101,train,0,,0.0,0
15.071_spring_2017,RES.8-010_summer_2018,The Analytics Edge,Introduction to Statistical Physics,cross,0,Probability and Statistics,0.049,0
15.075J_fall_2011,15.082J_fall_2010,Statistical Thinking and Data Analysis,Network Optimization,train,0,Computer Science,0.034,0
15.075J_fall_2011,15.083J_fall_2009,Statistical Thinking and Data Analysis,Integer Programming and Combinatorial Optimization,train,0,,0.0,0
15.075J_fall_2011,15.093J_fall_2009,Statistical Thinking and Data Analysis,Optimization Methods,train,0,,0.0,0
15.075J_fall_2011,15.450_fall_2010,Statistical Thinking and Data Analysis,Analytics of Finance,cross,0,Probability and Statistics,0.0484,0
15.075J_fall_2011,15.561_spring_2005,Statistical Thinking and Data Analysis,Information Technology Essentials,train,0,Computer Science; Data Mining,0.2914,0
15.075J_fall_2011,15.773_spring_2024,Statistical Thinking and Data Analysis,Hands-On Deep Learning,train,0,Computer Science,0.0932,0
15.075J_fall_2011,15.S08_spring_2020,Statistical Thinking and Data Analysis,FinTech: Shaping the Financial World ,train,0,Computer Science,0.0458,0
15.075J_fall_2011,16.412J_spring_2016,Statistical Thinking and Data Analysis,Cognitive Robotics,cross,0,Computer Science,0.0689,0
15.075J_fall_2011,18.03SC_fall_2011,Statistical Thinking and Data Analysis,Differential Equations,train,0,,0.0,0
15.075J_fall_2011,18.05_spring_2022,Statistical Thinking and Data Analysis,Introduction to Probability and Statistics,train,0,Probability and Statistics,0.1381,0
15.075J_fall_2011,18.065_spring_2018,Statistical Thinking and Data Analysis,"Matrix Methods in Data Analysis, Signal Processing, and Machine Learning",train,0,,0.0,0
15.075J_fall_2011,18.06_spring_2010,Statistical Thinking and Data Analysis,Linear Algebra,train,0,,0.0,0
15.075J_fall_2011,18.06SC_fall_2011,Statistical Thinking and Data Analysis,Linear Algebra,train,0,,0.0,0
15.075J_fall_2011,18.085_summer_2020,Statistical Thinking and Data Analysis,Computational Science and Engineering I,train,0,,0.0,0
15.075J_fall_2011,18.175_spring_2014,Statistical Thinking and Data Analysis,Theory of Probability,train,0,Probability and Statistics,0.1138,0
15.075J_fall_2011,18.440_spring_2014,Statistical Thinking and Data Analysis,Probability and Random Variables,cross,0,Probability and Statistics,0.1381,0
15.075J_fall_2011,18.465_spring_2007,Statistical Thinking and Data Analysis,Topics in Statistics: Statistical Learning Theory,cross,0,Computer Science; Probability and Statistics,0.1591,0
15.075J_fall_2011,18.600_fall_2019,Statistical Thinking and Data Analysis,Probability and Random Variables,train,0,Probability and Statistics,0.1381,0
15.075J_fall_2011,18.642_fall_2024,Statistical Thinking and Data Analysis,Topics in Mathematics with Applications in Finance,cross,0,Probability and Statistics,0.093,0
15.075J_fall_2011,18.650__formerly_18.443__fall_2006,Statistical Thinking and Data Analysis,Statistics for Applications,cross,0,Probability and Statistics,0.1087,0
15.075J_fall_2011,18.650__formerly_18.443__spring_2015,Statistical Thinking and Data Analysis,Statistics for Applications,cross,0,Probability and Statistics,0.1087,0
15.075J_fall_2011,18.655_spring_2016,Statistical Thinking and Data Analysis,Mathematical Statistics,cross,0,Probability and Statistics,0.1074,0
15.075J_fall_2011,18.657_fall_2015,Statistical Thinking and Data Analysis,Mathematics of Machine Learning,train,0,Computer Science; Data Mining; Probability and Statistics,0.3353,1
15.075J_fall_2011,18.700_fall_2013,Statistical Thinking and Data Analysis,Linear Algebra,train,0,,0.0,0
15.075J_fall_2011,18.S096_fall_2015,Statistical Thinking and Data Analysis,Topics in Mathematics of Data Science,train,0,Computer Science; Data Mining; Probability and Statistics,0.6947,1
15.075J_fall_2011,18.S096_january-iap_2023,Statistical Thinking and Data Analysis,Matrix Calculus for Machine Learning and Beyond,train,0,,0.0,0
15.075J_fall_2011,18.S190_spring_2020,Statistical Thinking and Data Analysis,"Introduction to Computational Thinking with Julia, with Applications to Modeling the COVID-19 Pandemic",cross,0,Computer Science,0.0415,0
15.075J_fall_2011,2.087_fall_2014,Statistical Thinking and Data Analysis,Engineering Math: Differential Equations and Linear Algebra,train,0,,0.0,0
15.075J_fall_2011,2.161_fall_2008,Statistical Thinking and Data Analysis,Signal Processing: Continuous and Discrete,train,0,,0.0,0
15.075J_fall_2011,21M.383_spring_2023,Statistical Thinking and Data Analysis,Computational Music Theory and Analysis,train,0,Probability and Statistics,0.0339,0
15.075J_fall_2011,6.0002_fall_2016,Statistical Thinking and Data Analysis,Introduction to Computational Thinking and Data Science,train,0,Computer Science; Probability and Statistics,0.4279,1
15.075J_fall_2011,6.006_fall_2011,Statistical Thinking and Data Analysis,Introduction to Algorithms,cross,0,Computer Science,0.135,0
15.075J_fall_2011,6.006_spring_2020,Statistical Thinking and Data Analysis,Introduction to Algorithms,cross,0,Computer Science,0.0642,0
15.075J_fall_2011,6.036_fall_2020,Statistical Thinking and Data Analysis,Introduction to Machine Learning,train,0,Computer Science,0.1061,0
15.075J_fall_2011,6.041_fall_2010,Statistical Thinking and Data Analysis,Probabilistic Systems Analysis and Applied Probability,train,0,Probability and Statistics,0.1052,0
15.075J_fall_2011,6.041_spring_2006,Statistical Thinking and Data Analysis,Probabilistic Systems Analysis and Applied  Probability,train,0,Probability and Statistics,0.1381,0
15.075J_fall_2011,6.041SC_fall_2013,Statistical Thinking and Data Analysis,Probabilistic Systems Analysis and Applied Probability,train,0,Probability and Statistics,0.1052,0
15.075J_fall_2011,6.046J_spring_2012,Statistical Thinking and Data Analysis,Design and Analysis of Algorithms,train,0,Computer Science,0.135,0
15.075J_fall_2011,6.046J_spring_2015,Statistical Thinking and Data Analysis,Design and Analysis of Algorithms,train,0,Computer Science,0.0493,0
15.075J_fall_2011,6.079_fall_2009,Statistical Thinking and Data Analysis,Introduction to Convex Optimization,cross,0,,0.0,0
15.075J_fall_2011,6.253_spring_2012,Statistical Thinking and Data Analysis,Convex Analysis and Optimization,train,0,Computer Science,0.0821,0
15.075J_fall_2011,6.341_fall_2005,Statistical Thinking and Data Analysis,Discrete-Time Signal Processing,train,0,,0.0,0
15.075J_fall_2011,6.4210_fall_2022,Statistical Thinking and Data Analysis,Robotic Manipulation,train,0,Computer Science,0.0689,0
15.075J_fall_2011,6.436J_fall_2018,Statistical Thinking and Data Analysis,Fundamentals of Probability,cross,0,Probability and Statistics,0.2244,0
15.075J_fall_2011,6.438_fall_2014,Statistical Thinking and Data Analysis,Algorithms for Inference,cross,0,Computer Science; Probability and Statistics,0.1834,0
15.075J_fall_2011,6.7220J_spring_2025,Statistical Thinking and Data Analysis,Nonlinear Optimization,train,0,Computer Science,0.0564,0
15.075J_fall_2011,6.7960_fall_2024,Statistical Thinking and Data Analysis,Deep Learning,train,0,Computer Science,0.091,0
15.075J_fall_2011,6.801_fall_2004,Statistical Thinking and Data Analysis,Machine Vision,train,0,Computer Science,0.0393,0
15.075J_fall_2011,6.801_fall_2020,Statistical Thinking and Data Analysis,Machine Vision,train,0,Computer Science,0.091,0
15.075J_fall_2011,6.8300_spring_2025,Statistical Thinking and Data Analysis,Advances in Computer Vision,cross,0,Computer Science,0.1443,0
15.075J_fall_2011,6.832_spring_2009,Statistical Thinking and Data Analysis,Underactuated Robotics,train,0,Computer Science,0.0689,0
15.075J_fall_2011,6.852J_fall_2009,Statistical Thinking and Data Analysis,Distributed Algorithms,train,0,Computer Science,0.0849,0
15.075J_fall_2011,6.864_fall_2005,Statistical Thinking and Data Analysis,Advanced Natural Language Processing,cross,0,Computer Science,0.0467,0
15.075J_fall_2011,6.867_fall_2006,Statistical Thinking and Data Analysis,Machine Learning,train,0,Computer Science; Probability and Statistics,0.1591,0
15.075J_fall_2011,6.S087_january-iap_2024,Statistical Thinking and Data Analysis,Foundation Models and Generative AI,train,0,Computer Science,0.1443,0
15.075J_fall_2011,6.S191_january-iap_2026,Statistical Thinking and Data Analysis,Introduction to Deep Learning,train,0,Computer Science,0.0612,0
15.075J_fall_2011,6.S897_spring_2019,Statistical Thinking and Data Analysis,Machine Learning for Healthcare,train,0,Computer Science,0.0401,0
15.075J_fall_2011,6.S980_fall_2022,Statistical Thinking and Data Analysis,Machine Learning for Inverse Graphics,cross,0,Computer Science,0.091,0
15.075J_fall_2011,8.044_spring_2013,Statistical Thinking and Data Analysis,Statistical Physics I,cross,0,Probability and Statistics,0.0784,0
15.075J_fall_2011,8.333_fall_2013,Statistical Thinking and Data Analysis,Statistical Mechanics I:  Statistical Mechanics of Particles,train,0,Probability and Statistics,0.0412,0
15.075J_fall_2011,8.334_spring_2014,Statistical Thinking and Data Analysis,Statistical Mechanics II: Statistical Physics of Fields,train,0,Probability and Statistics,0.0541,0
15.075J_fall_2011,9.520_spring_2003,Statistical Thinking and Data Analysis,Statistical Learning Theory and Applications,train,0,Computer Science; Probability and Statistics,0.1591,0
15.075J_fall_2011,9.520_spring_2006,Statistical Thinking and Data Analysis,Statistical Learning Theory and Applications,train,0,Probability and Statistics,0.0398,0
15.075J_fall_2011,ES.1803_spring_2024,Statistical Thinking and Data Analysis,Differential Equations,train,0,,0.0,0
15.075J_fall_2011,ESD.86_spring_2007,Statistical Thinking and Data Analysis,"Models, Data and Inference for Socio-Technical Systems",cross,0,Computer Science; Data Mining; Probability and Statistics,0.4172,1
15.075J_fall_2011,HST.953_fall_2020,Statistical Thinking and Data Analysis,Collaborative Data Science for Healthcare,train,0,Computer Science; Data Mining,0.2047,0
15.075J_fall_2011,MAS.622J_fall_2006,Statistical Thinking and Data Analysis,Pattern Recognition and Analysis,train,0,Probability and Statistics,0.069,0
15.075J_fall_2011,RES.6-012_spring_2018,Statistical Thinking and Data Analysis,Introduction to Probability,train,0,Probability and Statistics,0.1488,0
15.075J_fall_2011,RES.6-013_fall_2021,Statistical Thinking and Data Analysis,AI 101,train,0,Computer Science,0.1443,0
15.075J_fall_2011,RES.8-010_summer_2018,Statistical Thinking and Data Analysis,Introduction to Statistical Physics,cross,0,Probability and Statistics,0.0706,0
15.082J_fall_2010,15.083J_fall_2009,Network Optimization,Integer Programming and Combinatorial Optimization,train,0,Applied Mathematics; Systems Engineering; Systems Optimization,0.2888,0
15.082J_fall_2010,15.093J_fall_2009,Network Optimization,Optimization Methods,train,0,Applied Mathematics; Systems Engineering; Systems Optimization,0.3318,1
15.082J_fall_2010,15.450_fall_2010,Network Optimization,Analytics of Finance,cross,0,,0.0,0
15.082J_fall_2010,15.561_spring_2005,Network Optimization,Information Technology Essentials,train,0,Computer Networks; Computer Science; Information Technology,0.3242,1
15.082J_fall_2010,15.773_spring_2024,Network Optimization,Hands-On Deep Learning,train,0,Computer Science; Information Technology,0.1745,0
15.082J_fall_2010,15.S08_spring_2020,Network Optimization,FinTech: Shaping the Financial World ,train,0,Computer Science; Information Technology,0.1242,0
15.082J_fall_2010,16.412J_spring_2016,Network Optimization,Cognitive Robotics,cross,0,Computer Science,0.0285,0
15.082J_fall_2010,18.03SC_fall_2011,Network Optimization,Differential Equations,train,0,,0.0,0
15.082J_fall_2010,18.05_spring_2022,Network Optimization,Introduction to Probability and Statistics,train,0,,0.0,0
15.082J_fall_2010,18.065_spring_2018,Network Optimization,"Matrix Methods in Data Analysis, Signal Processing, and Machine Learning",train,0,Applied Mathematics,0.0543,0
15.082J_fall_2010,18.06_spring_2010,Network Optimization,Linear Algebra,train,0,,0.0,0
15.082J_fall_2010,18.06SC_fall_2011,Network Optimization,Linear Algebra,train,0,,0.0,0
15.082J_fall_2010,18.085_summer_2020,Network Optimization,Computational Science and Engineering I,train,0,Applied Mathematics; Systems Engineering,0.1181,0
15.082J_fall_2010,18.175_spring_2014,Network Optimization,Theory of Probability,train,0,,0.0,0
15.082J_fall_2010,18.440_spring_2014,Network Optimization,Probability and Random Variables,cross,0,,0.0,0
15.082J_fall_2010,18.465_spring_2007,Network Optimization,Topics in Statistics: Statistical Learning Theory,cross,0,Algorithms and Data Structures; Computer Science,0.1079,0
15.082J_fall_2010,18.600_fall_2019,Network Optimization,Probability and Random Variables,train,0,,0.0,0
15.082J_fall_2010,18.642_fall_2024,Network Optimization,Topics in Mathematics with Applications in Finance,cross,0,Applied Mathematics,0.0689,0
15.082J_fall_2010,18.650__formerly_18.443__fall_2006,Network Optimization,Statistics for Applications,cross,0,Applied Mathematics,0.0729,0
15.082J_fall_2010,18.650__formerly_18.443__spring_2015,Network Optimization,Statistics for Applications,cross,0,Applied Mathematics,0.0729,0
15.082J_fall_2010,18.655_spring_2016,Network Optimization,Mathematical Statistics,cross,0,,0.0,0
15.082J_fall_2010,18.657_fall_2015,Network Optimization,Mathematics of Machine Learning,train,0,Algorithms and Data Structures; Applied Mathematics; Computer Science,0.1641,0
15.082J_fall_2010,18.700_fall_2013,Network Optimization,Linear Algebra,train,0,,0.0,0
15.082J_fall_2010,18.S096_fall_2015,Network Optimization,Topics in Mathematics of Data Science,train,0,Applied Mathematics; Computer Science,0.1075,0
15.082J_fall_2010,18.S096_january-iap_2023,Network Optimization,Matrix Calculus for Machine Learning and Beyond,train,0,Applied Mathematics,0.0617,0
15.082J_fall_2010,18.S190_spring_2020,Network Optimization,"Introduction to Computational Thinking with Julia, with Applications to Modeling the COVID-19 Pandemic",cross,0,Algorithms and Data Structures; Applied Mathematics; Computer Networks; Computer Science,0.2816,0
15.082J_fall_2010,2.087_fall_2014,Network Optimization,Engineering Math: Differential Equations and Linear Algebra,train,0,Applied Mathematics,0.0562,0
15.082J_fall_2010,2.161_fall_2008,Network Optimization,Signal Processing: Continuous and Discrete,train,0,,0.0,0
15.082J_fall_2010,21M.383_spring_2023,Network Optimization,Computational Music Theory and Analysis,train,0,,0.0,0
15.082J_fall_2010,6.0002_fall_2016,Network Optimization,Introduction to Computational Thinking and Data Science,train,0,Computer Science,0.0376,0
15.082J_fall_2010,6.006_fall_2011,Network Optimization,Introduction to Algorithms,cross,0,Algorithms and Data Structures; Computer Science,0.1372,0
15.082J_fall_2010,6.006_spring_2020,Network Optimization,Introduction to Algorithms,cross,0,Algorithms and Data Structures; Computer Science,0.1039,0
15.082J_fall_2010,6.036_fall_2020,Network Optimization,Introduction to Machine Learning,train,0,Algorithms and Data Structures; Computer Science,0.1272,0
15.082J_fall_2010,6.041_fall_2010,Network Optimization,Probabilistic Systems Analysis and Applied Probability,train,0,Systems Engineering,0.0842,0
15.082J_fall_2010,6.041_spring_2006,Network Optimization,Probabilistic Systems Analysis and Applied  Probability,train,0,,0.0,0
15.082J_fall_2010,6.041SC_fall_2013,Network Optimization,Probabilistic Systems Analysis and Applied Probability,train,0,Systems Engineering,0.0842,0
15.082J_fall_2010,6.046J_spring_2012,Network Optimization,Design and Analysis of Algorithms,train,0,Algorithms and Data Structures; Computer Science,0.1372,0
15.082J_fall_2010,6.046J_spring_2015,Network Optimization,Design and Analysis of Algorithms,train,0,Algorithms and Data Structures; Applied Mathematics; Computer Networks; Computer Science,0.3152,1
15.082J_fall_2010,6.079_fall_2009,Network Optimization,Introduction to Convex Optimization,cross,0,Applied Mathematics; Systems Engineering; Systems Optimization,0.2946,0
15.082J_fall_2010,6.253_spring_2012,Network Optimization,Convex Analysis and Optimization,train,0,Algorithms and Data Structures; Computer Science,0.1156,0
15.082J_fall_2010,6.341_fall_2005,Network Optimization,Discrete-Time Signal Processing,train,0,,0.0,0
15.082J_fall_2010,6.4210_fall_2022,Network Optimization,Robotic Manipulation,train,0,Computer Science,0.0285,0
15.082J_fall_2010,6.436J_fall_2018,Network Optimization,Fundamentals of Probability,cross,0,,0.0,0
15.082J_fall_2010,6.438_fall_2014,Network Optimization,Algorithms for Inference,cross,0,Algorithms and Data Structures; Computer Science,0.1141,0
15.082J_fall_2010,6.7220J_spring_2025,Network Optimization,Nonlinear Optimization,train,0,Applied Mathematics; Computer Science; Systems Engineering; Systems Optimization,0.3167,1
15.082J_fall_2010,6.7960_fall_2024,Network Optimization,Deep Learning,train,0,Computer Science,0.0317,0
15.082J_fall_2010,6.801_fall_2004,Network Optimization,Machine Vision,train,0,Computer Science; Systems Engineering,0.0803,0
15.082J_fall_2010,6.801_fall_2020,Network Optimization,Machine Vision,train,0,Computer Science,0.0317,0
15.082J_fall_2010,6.8300_spring_2025,Network Optimization,Advances in Computer Vision,cross,0,Computer Science,0.0364,0
15.082J_fall_2010,6.832_spring_2009,Network Optimization,Underactuated Robotics,train,0,Computer Science,0.0285,0
15.082J_fall_2010,6.852J_fall_2009,Network Optimization,Distributed Algorithms,train,0,Algorithms and Data Structures; Computer Science,0.1171,0
15.082J_fall_2010,6.864_fall_2005,Network Optimization,Advanced Natural Language Processing,cross,0,Computer Science,0.0238,0
15.082J_fall_2010,6.867_fall_2006,Network Optimization,Machine Learning,train,0,Algorithms and Data Structures; Computer Science,0.1079,0
15.082J_fall_2010,6.S087_january-iap_2024,Network Optimization,Foundation Models and Generative AI,train,0,Computer Science,0.0364,0
15.082J_fall_2010,6.S191_january-iap_2026,Network Optimization,Introduction to Deep Learning,train,0,Computer Science,0.0271,0
15.082J_fall_2010,6.S897_spring_2019,Network Optimization,Machine Learning for Healthcare,train,0,Computer Science,0.022,0
15.082J_fall_2010,6.S980_fall_2022,Network Optimization,Machine Learning for Inverse Graphics,cross,0,Computer Science,0.0317,0
15.082J_fall_2010,8.044_spring_2013,Network Optimization,Statistical Physics I,cross,0,,0.0,0
15.082J_fall_2010,8.333_fall_2013,Network Optimization,Statistical Mechanics I:  Statistical Mechanics of Particles,train,0,,0.0,0
15.082J_fall_2010,8.334_spring_2014,Network Optimization,Statistical Mechanics II: Statistical Physics of Fields,train,0,,0.0,0
15.082J_fall_2010,9.520_spring_2003,Network Optimization,Statistical Learning Theory and Applications,train,0,Algorithms and Data Structures; Computer Science,0.1079,0
15.082J_fall_2010,9.520_spring_2006,Network Optimization,Statistical Learning Theory and Applications,train,0,,0.0,0
15.082J_fall_2010,ES.1803_spring_2024,Network Optimization,Differential Equations,train,0,,0.0,0
15.082J_fall_2010,ESD.86_spring_2007,Network Optimization,"Models, Data and Inference for Socio-Technical Systems",cross,0,Computer Science; Systems Engineering,0.1036,0
15.082J_fall_2010,HST.953_fall_2020,Network Optimization,Collaborative Data Science for Healthcare,train,0,Computer Science,0.0238,0
15.082J_fall_2010,MAS.622J_fall_2006,Network Optimization,Pattern Recognition and Analysis,train,0,,0.0,0
15.082J_fall_2010,RES.6-012_spring_2018,Network Optimization,Introduction to Probability,train,0,Systems Engineering,0.0939,0
15.082J_fall_2010,RES.6-013_fall_2021,Network Optimization,AI 101,train,0,Computer Science,0.0364,0
15.082J_fall_2010,RES.8-010_summer_2018,Network Optimization,Introduction to Statistical Physics,cross,0,,0.0,0
15.083J_fall_2009,15.093J_fall_2009,Integer Programming and Combinatorial Optimization,Optimization Methods,train,0,Applied Mathematics; Systems Engineering; Systems Optimization,0.69,1
15.083J_fall_2009,15.450_fall_2010,Integer Programming and Combinatorial Optimization,Analytics of Finance,cross,0,,0.0,0
15.083J_fall_2009,15.561_spring_2005,Integer Programming and Combinatorial Optimization,Information Technology Essentials,train,0,,0.0,0
15.083J_fall_2009,15.773_spring_2024,Integer Programming and Combinatorial Optimization,Hands-On Deep Learning,train,0,,0.0,0
15.083J_fall_2009,15.S08_spring_2020,Integer Programming and Combinatorial Optimization,FinTech: Shaping the Financial World ,train,0,,0.0,0
15.083J_fall_2009,16.412J_spring_2016,Integer Programming and Combinatorial Optimization,Cognitive Robotics,cross,0,,0.0,0
15.083J_fall_2009,18.03SC_fall_2011,Integer Programming and Combinatorial Optimization,Differential Equations,train,0,,0.0,0
15.083J_fall_2009,18.05_spring_2022,Integer Programming and Combinatorial Optimization,Introduction to Probability and Statistics,train,0,,0.0,0
15.083J_fall_2009,18.065_spring_2018,Integer Programming and Combinatorial Optimization,"Matrix Methods in Data Analysis, Signal Processing, and Machine Learning",train,0,Applied Mathematics; Computation,0.2619,0
15.083J_fall_2009,18.06_spring_2010,Integer Programming and Combinatorial Optimization,Linear Algebra,train,0,,0.0,0
15.083J_fall_2009,18.06SC_fall_2011,Integer Programming and Combinatorial Optimization,Linear Algebra,train,0,,0.0,0
15.083J_fall_2009,18.085_summer_2020,Integer Programming and Combinatorial Optimization,Computational Science and Engineering I,train,0,Applied Mathematics; Systems Engineering,0.1778,0
15.083J_fall_2009,18.175_spring_2014,Integer Programming and Combinatorial Optimization,Theory of Probability,train,0,,0.0,0
15.083J_fall_2009,18.440_spring_2014,Integer Programming and Combinatorial Optimization,Probability and Random Variables,cross,0,,0.0,0
15.083J_fall_2009,18.465_spring_2007,Integer Programming and Combinatorial Optimization,Topics in Statistics: Statistical Learning Theory,cross,0,,0.0,0
15.083J_fall_2009,18.600_fall_2019,Integer Programming and Combinatorial Optimization,Probability and Random Variables,train,0,,0.0,0
15.083J_fall_2009,18.642_fall_2024,Integer Programming and Combinatorial Optimization,Topics in Mathematics with Applications in Finance,cross,0,Applied Mathematics,0.1191,0
15.083J_fall_2009,18.650__formerly_18.443__fall_2006,Integer Programming and Combinatorial Optimization,Statistics for Applications,cross,0,Applied Mathematics,0.1315,0
15.083J_fall_2009,18.650__formerly_18.443__spring_2015,Integer Programming and Combinatorial Optimization,Statistics for Applications,cross,0,Applied Mathematics,0.1315,0
15.083J_fall_2009,18.655_spring_2016,Integer Programming and Combinatorial Optimization,Mathematical Statistics,cross,0,,0.0,0
15.083J_fall_2009,18.657_fall_2015,Integer Programming and Combinatorial Optimization,Mathematics of Machine Learning,train,0,Applied Mathematics,0.0873,0
15.083J_fall_2009,18.700_fall_2013,Integer Programming and Combinatorial Optimization,Linear Algebra,train,0,,0.0,0
15.083J_fall_2009,18.S096_fall_2015,Integer Programming and Combinatorial Optimization,Topics in Mathematics of Data Science,train,0,Applied Mathematics,0.1258,0
15.083J_fall_2009,18.S096_january-iap_2023,Integer Programming and Combinatorial Optimization,Matrix Calculus for Machine Learning and Beyond,train,0,Applied Mathematics,0.099,0
15.083J_fall_2009,18.S190_spring_2020,Integer Programming and Combinatorial Optimization,"Introduction to Computational Thinking with Julia, with Applications to Modeling the COVID-19 Pandemic",cross,0,Applied Mathematics; Computation,0.2251,0
15.083J_fall_2009,2.087_fall_2014,Integer Programming and Combinatorial Optimization,Engineering Math: Differential Equations and Linear Algebra,train,0,Applied Mathematics,0.0857,0
15.083J_fall_2009,2.161_fall_2008,Integer Programming and Combinatorial Optimization,Signal Processing: Continuous and Discrete,train,0,Computation,0.1038,0
15.083J_fall_2009,21M.383_spring_2023,Integer Programming and Combinatorial Optimization,Computational Music Theory and Analysis,train,0,Computation,0.1022,0
15.083J_fall_2009,6.0002_fall_2016,Integer Programming and Combinatorial Optimization,Introduction to Computational Thinking and Data Science,train,0,,0.0,0
15.083J_fall_2009,6.006_fall_2011,Integer Programming and Combinatorial Optimization,Introduction to Algorithms,cross,0,,0.0,0
15.083J_fall_2009,6.006_spring_2020,Integer Programming and Combinatorial Optimization,Introduction to Algorithms,cross,0,Computation,0.1887,0
15.083J_fall_2009,6.036_fall_2020,Integer Programming and Combinatorial Optimization,Introduction to Machine Learning,train,0,,0.0,0
15.083J_fall_2009,6.041_fall_2010,Integer Programming and Combinatorial Optimization,Probabilistic Systems Analysis and Applied Probability,train,0,Systems Engineering,0.152,0
15.083J_fall_2009,6.041_spring_2006,Integer Programming and Combinatorial Optimization,Probabilistic Systems Analysis and Applied  Probability,train,0,,0.0,0
15.083J_fall_2009,6.041SC_fall_2013,Integer Programming and Combinatorial Optimization,Probabilistic Systems Analysis and Applied Probability,train,0,Systems Engineering,0.152,0
15.083J_fall_2009,6.046J_spring_2012,Integer Programming and Combinatorial Optimization,Design and Analysis of Algorithms,train,0,,0.0,0
15.083J_fall_2009,6.046J_spring_2015,Integer Programming and Combinatorial Optimization,Design and Analysis of Algorithms,train,0,Applied Mathematics,0.0816,0
15.083J_fall_2009,6.079_fall_2009,Integer Programming and Combinatorial Optimization,Introduction to Convex Optimization,cross,0,Applied Mathematics; Systems Engineering; Systems Optimization,0.5464,1
15.083J_fall_2009,6.253_spring_2012,Integer Programming and Combinatorial Optimization,Convex Analysis and Optimization,train,0,,0.0,0
15.083J_fall_2009,6.341_fall_2005,Integer Programming and Combinatorial Optimization,Discrete-Time Signal Processing,train,0,,0.0,0
15.083J_fall_2009,6.4210_fall_2022,Integer Programming and Combinatorial Optimization,Robotic Manipulation,train,0,,0.0,0
15.083J_fall_2009,6.436J_fall_2018,Integer Programming and Combinatorial Optimization,Fundamentals of Probability,cross,0,,0.0,0
15.083J_fall_2009,6.438_fall_2014,Integer Programming and Combinatorial Optimization,Algorithms for Inference,cross,0,,0.0,0
15.083J_fall_2009,6.7220J_spring_2025,Integer Programming and Combinatorial Optimization,Nonlinear Optimization,train,0,Applied Mathematics; Systems Engineering; Systems Optimization,0.4797,1
15.083J_fall_2009,6.7960_fall_2024,Integer Programming and Combinatorial Optimization,Deep Learning,train,0,,0.0,0
15.083J_fall_2009,6.801_fall_2004,Integer Programming and Combinatorial Optimization,Machine Vision,train,0,Systems Engineering,0.0798,0
15.083J_fall_2009,6.801_fall_2020,Integer Programming and Combinatorial Optimization,Machine Vision,train,0,,0.0,0
15.083J_fall_2009,6.8300_spring_2025,Integer Programming and Combinatorial Optimization,Advances in Computer Vision,cross,0,,0.0,0
15.083J_fall_2009,6.832_spring_2009,Integer Programming and Combinatorial Optimization,Underactuated Robotics,train,0,,0.0,0
15.083J_fall_2009,6.852J_fall_2009,Integer Programming and Combinatorial Optimization,Distributed Algorithms,train,0,,0.0,0
15.083J_fall_2009,6.864_fall_2005,Integer Programming and Combinatorial Optimization,Advanced Natural Language Processing,cross,0,,0.0,0
15.083J_fall_2009,6.867_fall_2006,Integer Programming and Combinatorial Optimization,Machine Learning,train,0,,0.0,0
15.083J_fall_2009,6.S087_january-iap_2024,Integer Programming and Combinatorial Optimization,Foundation Models and Generative AI,train,0,,0.0,0
15.083J_fall_2009,6.S191_january-iap_2026,Integer Programming and Combinatorial Optimization,Introduction to Deep Learning,train,0,,0.0,0
15.083J_fall_2009,6.S897_spring_2019,Integer Programming and Combinatorial Optimization,Machine Learning for Healthcare,train,0,,0.0,0
15.083J_fall_2009,6.S980_fall_2022,Integer Programming and Combinatorial Optimization,Machine Learning for Inverse Graphics,cross,0,,0.0,0
15.083J_fall_2009,8.044_spring_2013,Integer Programming and Combinatorial Optimization,Statistical Physics I,cross,0,,0.0,0
15.083J_fall_2009,8.333_fall_2013,Integer Programming and Combinatorial Optimization,Statistical Mechanics I:  Statistical Mechanics of Particles,train,0,,0.0,0
15.083J_fall_2009,8.334_spring_2014,Integer Programming and Combinatorial Optimization,Statistical Mechanics II: Statistical Physics of Fields,train,0,,0.0,0
15.083J_fall_2009,9.520_spring_2003,Integer Programming and Combinatorial Optimization,Statistical Learning Theory and Applications,train,0,,0.0,0
15.083J_fall_2009,9.520_spring_2006,Integer Programming and Combinatorial Optimization,Statistical Learning Theory and Applications,train,0,,0.0,0
15.083J_fall_2009,ES.1803_spring_2024,Integer Programming and Combinatorial Optimization,Differential Equations,train,0,,0.0,0
15.083J_fall_2009,ESD.86_spring_2007,Integer Programming and Combinatorial Optimization,"Models, Data and Inference for Socio-Technical Systems",cross,0,Systems Engineering,0.1159,0
15.083J_fall_2009,HST.953_fall_2020,Integer Programming and Combinatorial Optimization,Collaborative Data Science for Healthcare,train,0,,0.0,0
15.083J_fall_2009,MAS.622J_fall_2006,Integer Programming and Combinatorial Optimization,Pattern Recognition and Analysis,train,0,,0.0,0
15.083J_fall_2009,RES.6-012_spring_2018,Integer Programming and Combinatorial Optimization,Introduction to Probability,train,0,Systems Engineering,0.1869,0
15.083J_fall_2009,RES.6-013_fall_2021,Integer Programming and Combinatorial Optimization,AI 101,train,0,,0.0,0
15.083J_fall_2009,RES.8-010_summer_2018,Integer Programming and Combinatorial Optimization,Introduction to Statistical Physics,cross,0,,0.0,0
15.093J_fall_2009,15.450_fall_2010,Optimization Methods,Analytics of Finance,cross,0,,0.0,0
15.093J_fall_2009,15.561_spring_2005,Optimization Methods,Information Technology Essentials,train,0,,0.0,0
15.093J_fall_2009,15.773_spring_2024,Optimization Methods,Hands-On Deep Learning,train,0,,0.0,0
15.093J_fall_2009,15.S08_spring_2020,Optimization Methods,FinTech: Shaping the Financial World ,train,0,,0.0,0
15.093J_fall_2009,16.412J_spring_2016,Optimization Methods,Cognitive Robotics,cross,0,,0.0,0
15.093J_fall_2009,18.03SC_fall_2011,Optimization Methods,Differential Equations,train,0,,0.0,0
15.093J_fall_2009,18.05_spring_2022,Optimization Methods,Introduction to Probability and Statistics,train,0,,0.0,0
15.093J_fall_2009,18.065_spring_2018,Optimization Methods,"Matrix Methods in Data Analysis, Signal Processing, and Machine Learning",train,0,Applied Mathematics,0.095,0
15.093J_fall_2009,18.06_spring_2010,Optimization Methods,Linear Algebra,train,0,,0.0,0
15.093J_fall_2009,18.06SC_fall_2011,Optimization Methods,Linear Algebra,train,0,,0.0,0
15.093J_fall_2009,18.085_summer_2020,Optimization Methods,Computational Science and Engineering I,train,0,Applied Mathematics; Systems Engineering,0.208,0
15.093J_fall_2009,18.175_spring_2014,Optimization Methods,Theory of Probability,train,0,,0.0,0
15.093J_fall_2009,18.440_spring_2014,Optimization Methods,Probability and Random Variables,cross,0,,0.0,0
15.093J_fall_2009,18.465_spring_2007,Optimization Methods,Topics in Statistics: Statistical Learning Theory,cross,0,,0.0,0
15.093J_fall_2009,18.600_fall_2019,Optimization Methods,Probability and Random Variables,train,0,,0.0,0
15.093J_fall_2009,18.642_fall_2024,Optimization Methods,Topics in Mathematics with Applications in Finance,cross,0,Applied Mathematics,0.1507,0
15.093J_fall_2009,18.650__formerly_18.443__fall_2006,Optimization Methods,Statistics for Applications,cross,0,Applied Mathematics,0.1711,0
15.093J_fall_2009,18.650__formerly_18.443__spring_2015,Optimization Methods,Statistics for Applications,cross,0,Applied Mathematics,0.1711,0
15.093J_fall_2009,18.655_spring_2016,Optimization Methods,Mathematical Statistics,cross,0,,0.0,0
15.093J_fall_2009,18.657_fall_2015,Optimization Methods,Mathematics of Machine Learning,train,0,Applied Mathematics,0.1031,0
15.093J_fall_2009,18.700_fall_2013,Optimization Methods,Linear Algebra,train,0,,0.0,0
15.093J_fall_2009,18.S096_fall_2015,Optimization Methods,Topics in Mathematics of Data Science,train,0,Applied Mathematics,0.1616,0
15.093J_fall_2009,18.S096_january-iap_2023,Optimization Methods,Matrix Calculus for Machine Learning and Beyond,train,0,Applied Mathematics,0.1199,0
15.093J_fall_2009,18.S190_spring_2020,Optimization Methods,"Introduction to Computational Thinking with Julia, with Applications to Modeling the COVID-19 Pandemic",cross,0,Applied Mathematics,0.0816,0
15.093J_fall_2009,2.087_fall_2014,Optimization Methods,Engineering Math: Differential Equations and Linear Algebra,train,0,Applied Mathematics,0.1009,0
15.093J_fall_2009,2.161_fall_2008,Optimization Methods,Signal Processing: Continuous and Discrete,train,0,,0.0,0
15.093J_fall_2009,21M.383_spring_2023,Optimization Methods,Computational Music Theory and Analysis,train,0,,0.0,0
15.093J_fall_2009,6.0002_fall_2016,Optimization Methods,Introduction to Computational Thinking and Data Science,train,0,,0.0,0
15.093J_fall_2009,6.006_fall_2011,Optimization Methods,Introduction to Algorithms,cross,0,,0.0,0
15.093J_fall_2009,6.006_spring_2020,Optimization Methods,Introduction to Algorithms,cross,0,,0.0,0
15.093J_fall_2009,6.036_fall_2020,Optimization Methods,Introduction to Machine Learning,train,0,,0.0,0
15.093J_fall_2009,6.041_fall_2010,Optimization Methods,Probabilistic Systems Analysis and Applied Probability,train,0,Systems Engineering,0.1976,0
15.093J_fall_2009,6.041_spring_2006,Optimization Methods,Probabilistic Systems Analysis and Applied  Probability,train,0,,0.0,0
15.093J_fall_2009,6.041SC_fall_2013,Optimization Methods,Probabilistic Systems Analysis and Applied Probability,train,0,Systems Engineering,0.1976,0
15.093J_fall_2009,6.046J_spring_2012,Optimization Methods,Design and Analysis of Algorithms,train,0,,0.0,0
15.093J_fall_2009,6.046J_spring_2015,Optimization Methods,Design and Analysis of Algorithms,train,0,Applied Mathematics,0.0953,0
15.093J_fall_2009,6.079_fall_2009,Optimization Methods,Introduction to Convex Optimization,cross,0,Applied Mathematics; Systems Engineering; Systems Optimization,0.7241,1
15.093J_fall_2009,6.253_spring_2012,Optimization Methods,Convex Analysis and Optimization,train,0,,0.0,0
15.093J_fall_2009,6.341_fall_2005,Optimization Methods,Discrete-Time Signal Processing,train,0,,0.0,0
15.093J_fall_2009,6.4210_fall_2022,Optimization Methods,Robotic Manipulation,train,0,,0.0,0
15.093J_fall_2009,6.436J_fall_2018,Optimization Methods,Fundamentals of Probability,cross,0,,0.0,0
15.093J_fall_2009,6.438_fall_2014,Optimization Methods,Algorithms for Inference,cross,0,,0.0,0
15.093J_fall_2009,6.7220J_spring_2025,Optimization Methods,Nonlinear Optimization,train,0,Applied Mathematics; Systems Engineering; Systems Optimization,0.6114,1
15.093J_fall_2009,6.7960_fall_2024,Optimization Methods,Deep Learning,train,0,,0.0,0
15.093J_fall_2009,6.801_fall_2004,Optimization Methods,Machine Vision,train,0,Systems Engineering,0.0908,0
15.093J_fall_2009,6.801_fall_2020,Optimization Methods,Machine Vision,train,0,,0.0,0
15.093J_fall_2009,6.8300_spring_2025,Optimization Methods,Advances in Computer Vision,cross,0,,0.0,0
15.093J_fall_2009,6.832_spring_2009,Optimization Methods,Underactuated Robotics,train,0,,0.0,0
15.093J_fall_2009,6.852J_fall_2009,Optimization Methods,Distributed Algorithms,train,0,,0.0,0
15.093J_fall_2009,6.864_fall_2005,Optimization Methods,Advanced Natural Language Processing,cross,0,,0.0,0
15.093J_fall_2009,6.867_fall_2006,Optimization Methods,Machine Learning,train,0,,0.0,0
15.093J_fall_2009,6.S087_january-iap_2024,Optimization Methods,Foundation Models and Generative AI,train,0,,0.0,0
15.093J_fall_2009,6.S191_january-iap_2026,Optimization Methods,Introduction to Deep Learning,train,0,,0.0,0
15.093J_fall_2009,6.S897_spring_2019,Optimization Methods,Machine Learning for Healthcare,train,0,,0.0,0
15.093J_fall_2009,6.S980_fall_2022,Optimization Methods,Machine Learning for Inverse Graphics,cross,0,,0.0,0
15.093J_fall_2009,8.044_spring_2013,Optimization Methods,Statistical Physics I,cross,0,,0.0,0
15.093J_fall_2009,8.333_fall_2013,Optimization Methods,Statistical Mechanics I:  Statistical Mechanics of Particles,train,0,,0.0,0
15.093J_fall_2009,8.334_spring_2014,Optimization Methods,Statistical Mechanics II: Statistical Physics of Fields,train,0,,0.0,0
15.093J_fall_2009,9.520_spring_2003,Optimization Methods,Statistical Learning Theory and Applications,train,0,,0.0,0
15.093J_fall_2009,9.520_spring_2006,Optimization Methods,Statistical Learning Theory and Applications,train,0,,0.0,0
15.093J_fall_2009,ES.1803_spring_2024,Optimization Methods,Differential Equations,train,0,,0.0,0
15.093J_fall_2009,ESD.86_spring_2007,Optimization Methods,"Models, Data and Inference for Socio-Technical Systems",cross,0,Systems Engineering,0.1407,0
15.093J_fall_2009,HST.953_fall_2020,Optimization Methods,Collaborative Data Science for Healthcare,train,0,,0.0,0
15.093J_fall_2009,MAS.622J_fall_2006,Optimization Methods,Pattern Recognition and Analysis,train,0,,0.0,0
15.093J_fall_2009,RES.6-012_spring_2018,Optimization Methods,Introduction to Probability,train,0,Systems Engineering,0.2612,0
15.093J_fall_2009,RES.6-013_fall_2021,Optimization Methods,AI 101,train,0,,0.0,0
15.093J_fall_2009,RES.8-010_summer_2018,Optimization Methods,Introduction to Statistical Physics,cross,0,,0.0,0
15.450_fall_2010,15.561_spring_2005,Analytics of Finance,Information Technology Essentials,cross,0,,0.0,0
15.450_fall_2010,15.773_spring_2024,Analytics of Finance,Hands-On Deep Learning,cross,0,,0.0,0
15.450_fall_2010,15.S08_spring_2020,Analytics of Finance,FinTech: Shaping the Financial World ,cross,0,Finance,0.1487,0
15.450_fall_2010,16.412J_spring_2016,Analytics of Finance,Cognitive Robotics,test,0,,0.0,0
15.450_fall_2010,18.03SC_fall_2011,Analytics of Finance,Differential Equations,cross,0,,0.0,0
15.450_fall_2010,18.05_spring_2022,Analytics of Finance,Introduction to Probability and Statistics,cross,0,Probability and Statistics,0.05,0
15.450_fall_2010,18.065_spring_2018,Analytics of Finance,"Matrix Methods in Data Analysis, Signal Processing, and Machine Learning",cross,0,,0.0,0
15.450_fall_2010,18.06_spring_2010,Analytics of Finance,Linear Algebra,cross,0,,0.0,0
15.450_fall_2010,18.06SC_fall_2011,Analytics of Finance,Linear Algebra,cross,0,,0.0,0
15.450_fall_2010,18.085_summer_2020,Analytics of Finance,Computational Science and Engineering I,cross,0,,0.0,0
15.450_fall_2010,18.175_spring_2014,Analytics of Finance,Theory of Probability,cross,0,Probability and Statistics,0.0464,0
15.450_fall_2010,18.440_spring_2014,Analytics of Finance,Probability and Random Variables,test,0,Probability and Statistics,0.05,0
15.450_fall_2010,18.465_spring_2007,Analytics of Finance,Topics in Statistics: Statistical Learning Theory,test,0,Probability and Statistics,0.039,0
15.450_fall_2010,18.600_fall_2019,Analytics of Finance,Probability and Random Variables,cross,0,Probability and Statistics,0.05,0
15.450_fall_2010,18.642_fall_2024,Analytics of Finance,Topics in Mathematics with Applications in Finance,test,0,Finance; Probability and Statistics,0.2781,0
15.450_fall_2010,18.650__formerly_18.443__fall_2006,Analytics of Finance,Statistics for Applications,test,0,Probability and Statistics,0.0455,0
15.450_fall_2010,18.650__formerly_18.443__spring_2015,Analytics of Finance,Statistics for Applications,test,0,Probability and Statistics,0.0455,0
15.450_fall_2010,18.655_spring_2016,Analytics of Finance,Mathematical Statistics,test,0,Probability and Statistics,0.0453,0
15.450_fall_2010,18.657_fall_2015,Analytics of Finance,Mathematics of Machine Learning,cross,0,Probability and Statistics,0.0339,0
15.450_fall_2010,18.700_fall_2013,Analytics of Finance,Linear Algebra,cross,0,,0.0,0
15.450_fall_2010,18.S096_fall_2015,Analytics of Finance,Topics in Mathematics of Data Science,cross,0,Probability and Statistics,0.0442,0
15.450_fall_2010,18.S096_january-iap_2023,Analytics of Finance,Matrix Calculus for Machine Learning and Beyond,cross,0,,0.0,0
15.450_fall_2010,18.S190_spring_2020,Analytics of Finance,"Introduction to Computational Thinking with Julia, with Applications to Modeling the COVID-19 Pandemic",test,0,,0.0,0
15.450_fall_2010,2.087_fall_2014,Analytics of Finance,Engineering Math: Differential Equations and Linear Algebra,cross,0,,0.0,0
15.450_fall_2010,2.161_fall_2008,Analytics of Finance,Signal Processing: Continuous and Discrete,cross,0,,0.0,0
15.450_fall_2010,21M.383_spring_2023,Analytics of Finance,Computational Music Theory and Analysis,cross,0,Probability and Statistics,0.0237,0
15.450_fall_2010,6.0002_fall_2016,Analytics of Finance,Introduction to Computational Thinking and Data Science,cross,0,Probability and Statistics,0.0552,0
15.450_fall_2010,6.006_fall_2011,Analytics of Finance,Introduction to Algorithms,test,0,,0.0,0
15.450_fall_2010,6.006_spring_2020,Analytics of Finance,Introduction to Algorithms,test,0,,0.0,0
15.450_fall_2010,6.036_fall_2020,Analytics of Finance,Introduction to Machine Learning,cross,0,,0.0,0
15.450_fall_2010,6.041_fall_2010,Analytics of Finance,Probabilistic Systems Analysis and Applied Probability,cross,0,Probability and Statistics,0.0449,0
15.450_fall_2010,6.041_spring_2006,Analytics of Finance,Probabilistic Systems Analysis and Applied  Probability,cross,0,Probability and Statistics,0.05,0
15.450_fall_2010,6.041SC_fall_2013,Analytics of Finance,Probabilistic Systems Analysis and Applied Probability,cross,0,Probability and Statistics,0.0449,0
15.450_fall_2010,6.046J_spring_2012,Analytics of Finance,Design and Analysis of Algorithms,cross,0,,0.0,0
15.450_fall_2010,6.046J_spring_2015,Analytics of Finance,Design and Analysis of Algorithms,cross,0,,0.0,0
15.450_fall_2010,6.079_fall_2009,Analytics of Finance,Introduction to Convex Optimization,test,0,,0.0,0
15.450_fall_2010,6.253_spring_2012,Analytics of Finance,Convex Analysis and Optimization,cross,0,,0.0,0
15.450_fall_2010,6.341_fall_2005,Analytics of Finance,Discrete-Time Signal Processing,cross,0,,0.0,0
15.450_fall_2010,6.4210_fall_2022,Analytics of Finance,Robotic Manipulation,cross,0,,0.0,0
15.450_fall_2010,6.436J_fall_2018,Analytics of Finance,Fundamentals of Probability,test,0,Probability and Statistics,0.0581,0
15.450_fall_2010,6.438_fall_2014,Analytics of Finance,Algorithms for Inference,test,0,Probability and Statistics,0.0415,0
15.450_fall_2010,6.7220J_spring_2025,Analytics of Finance,Nonlinear Optimization,cross,0,,0.0,0
15.450_fall_2010,6.7960_fall_2024,Analytics of Finance,Deep Learning,cross,0,,0.0,0
15.450_fall_2010,6.801_fall_2004,Analytics of Finance,Machine Vision,cross,0,,0.0,0
15.450_fall_2010,6.801_fall_2020,Analytics of Finance,Machine Vision,cross,0,,0.0,0
15.450_fall_2010,6.8300_spring_2025,Analytics of Finance,Advances in Computer Vision,test,0,,0.0,0
15.450_fall_2010,6.832_spring_2009,Analytics of Finance,Underactuated Robotics,cross,0,,0.0,0
15.450_fall_2010,6.852J_fall_2009,Analytics of Finance,Distributed Algorithms,cross,0,,0.0,0
15.450_fall_2010,6.864_fall_2005,Analytics of Finance,Advanced Natural Language Processing,test,0,,0.0,0
15.450_fall_2010,6.867_fall_2006,Analytics of Finance,Machine Learning,cross,0,Probability and Statistics,0.039,0
15.450_fall_2010,6.S087_january-iap_2024,Analytics of Finance,Foundation Models and Generative AI,cross,0,,0.0,0
15.450_fall_2010,6.S191_january-iap_2026,Analytics of Finance,Introduction to Deep Learning,cross,0,,0.0,0
15.450_fall_2010,6.S897_spring_2019,Analytics of Finance,Machine Learning for Healthcare,cross,0,,0.0,0
15.450_fall_2010,6.S980_fall_2022,Analytics of Finance,Machine Learning for Inverse Graphics,test,0,,0.0,0
15.450_fall_2010,8.044_spring_2013,Analytics of Finance,Statistical Physics I,test,0,Probability and Statistics,0.0392,0
15.450_fall_2010,8.333_fall_2013,Analytics of Finance,Statistical Mechanics I:  Statistical Mechanics of Particles,cross,0,Probability and Statistics,0.027,0
15.450_fall_2010,8.334_spring_2014,Analytics of Finance,Statistical Mechanics II: Statistical Physics of Fields,cross,0,Probability and Statistics,0.032,0
15.450_fall_2010,9.520_spring_2003,Analytics of Finance,Statistical Learning Theory and Applications,cross,0,Probability and Statistics,0.039,0
15.450_fall_2010,9.520_spring_2006,Analytics of Finance,Statistical Learning Theory and Applications,cross,0,Probability and Statistics,0.0264,0
15.450_fall_2010,ES.1803_spring_2024,Analytics of Finance,Differential Equations,cross,0,,0.0,0
15.450_fall_2010,ESD.86_spring_2007,Analytics of Finance,"Models, Data and Inference for Socio-Technical Systems",test,0,Probability and Statistics,0.0372,0
15.450_fall_2010,HST.953_fall_2020,Analytics of Finance,Collaborative Data Science for Healthcare,cross,0,,0.0,0
15.450_fall_2010,MAS.622J_fall_2006,Analytics of Finance,Pattern Recognition and Analysis,cross,0,Probability and Statistics,0.0367,0
15.450_fall_2010,RES.6-012_spring_2018,Analytics of Finance,Introduction to Probability,cross,0,Probability and Statistics,0.0513,0
15.450_fall_2010,RES.6-013_fall_2021,Analytics of Finance,AI 101,cross,0,,0.0,0
15.450_fall_2010,RES.8-010_summer_2018,Analytics of Finance,Introduction to Statistical Physics,test,0,Probability and Statistics,0.0371,0
15.561_spring_2005,15.773_spring_2024,Information Technology Essentials,Hands-On Deep Learning,train,0,Computer Science; Information Technology,0.3427,1
15.561_spring_2005,15.S08_spring_2020,Information Technology Essentials,FinTech: Shaping the Financial World ,train,0,Computer Science; Information Technology,0.191,0
15.561_spring_2005,16.412J_spring_2016,Information Technology Essentials,Cognitive Robotics,cross,0,Computer Science,0.0463,0
15.561_spring_2005,18.03SC_fall_2011,Information Technology Essentials,Differential Equations,train,0,,0.0,0
15.561_spring_2005,18.05_spring_2022,Information Technology Essentials,Introduction to Probability and Statistics,train,0,,0.0,0
15.561_spring_2005,18.065_spring_2018,Information Technology Essentials,"Matrix Methods in Data Analysis, Signal Processing, and Machine Learning",train,0,,0.0,0
15.561_spring_2005,18.06_spring_2010,Information Technology Essentials,Linear Algebra,train,0,,0.0,0
15.561_spring_2005,18.06SC_fall_2011,Information Technology Essentials,Linear Algebra,train,0,,0.0,0
15.561_spring_2005,18.085_summer_2020,Information Technology Essentials,Computational Science and Engineering I,train,0,,0.0,0
15.561_spring_2005,18.175_spring_2014,Information Technology Essentials,Theory of Probability,train,0,,0.0,0
15.561_spring_2005,18.440_spring_2014,Information Technology Essentials,Probability and Random Variables,cross,0,,0.0,0
15.561_spring_2005,18.465_spring_2007,Information Technology Essentials,Topics in Statistics: Statistical Learning Theory,cross,0,Computer Science,0.0468,0
15.561_spring_2005,18.600_fall_2019,Information Technology Essentials,Probability and Random Variables,train,0,,0.0,0
15.561_spring_2005,18.642_fall_2024,Information Technology Essentials,Topics in Mathematics with Applications in Finance,cross,0,,0.0,0
15.561_spring_2005,18.650__formerly_18.443__fall_2006,Information Technology Essentials,Statistics for Applications,cross,0,,0.0,0
15.561_spring_2005,18.650__formerly_18.443__spring_2015,Information Technology Essentials,Statistics for Applications,cross,0,,0.0,0
15.561_spring_2005,18.655_spring_2016,Information Technology Essentials,Mathematical Statistics,cross,0,,0.0,0
15.561_spring_2005,18.657_fall_2015,Information Technology Essentials,Mathematics of Machine Learning,train,0,Computer Science; Data Mining,0.167,0
15.561_spring_2005,18.700_fall_2013,Information Technology Essentials,Linear Algebra,train,0,,0.0,0
15.561_spring_2005,18.S096_fall_2015,Information Technology Essentials,Topics in Mathematics of Data Science,train,0,Computer Science; Data Mining,0.2501,0
15.561_spring_2005,18.S096_january-iap_2023,Information Technology Essentials,Matrix Calculus for Machine Learning and Beyond,train,0,,0.0,0
15.561_spring_2005,18.S190_spring_2020,Information Technology Essentials,"Introduction to Computational Thinking with Julia, with Applications to Modeling the COVID-19 Pandemic",cross,0,Computer Networks; Computer Science,0.2007,0
15.561_spring_2005,2.087_fall_2014,Information Technology Essentials,Engineering Math: Differential Equations and Linear Algebra,train,0,,0.0,0
15.561_spring_2005,2.161_fall_2008,Information Technology Essentials,Signal Processing: Continuous and Discrete,train,0,,0.0,0
15.561_spring_2005,21M.383_spring_2023,Information Technology Essentials,Computational Music Theory and Analysis,train,0,,0.0,0
15.561_spring_2005,6.0002_fall_2016,Information Technology Essentials,Introduction to Computational Thinking and Data Science,train,0,Computer Science,0.0765,0
15.561_spring_2005,6.006_fall_2011,Information Technology Essentials,Introduction to Algorithms,cross,0,Computer Science,0.0691,0
15.561_spring_2005,6.006_spring_2020,Information Technology Essentials,Introduction to Algorithms,cross,0,Computer Science,0.0442,0
15.561_spring_2005,6.036_fall_2020,Information Technology Essentials,Introduction to Machine Learning,train,0,Computer Science,0.0607,0
15.561_spring_2005,6.041_fall_2010,Information Technology Essentials,Probabilistic Systems Analysis and Applied Probability,train,0,,0.0,0
15.561_spring_2005,6.041_spring_2006,Information Technology Essentials,Probabilistic Systems Analysis and Applied  Probability,train,0,,0.0,0
15.561_spring_2005,6.041SC_fall_2013,Information Technology Essentials,Probabilistic Systems Analysis and Applied Probability,train,0,,0.0,0
15.561_spring_2005,6.046J_spring_2012,Information Technology Essentials,Design and Analysis of Algorithms,train,0,Computer Science,0.0691,0
15.561_spring_2005,6.046J_spring_2015,Information Technology Essentials,Design and Analysis of Algorithms,train,0,Computer Networks; Computer Science,0.2338,0
15.561_spring_2005,6.079_fall_2009,Information Technology Essentials,Introduction to Convex Optimization,cross,0,,0.0,0
15.561_spring_2005,6.253_spring_2012,Information Technology Essentials,Convex Analysis and Optimization,train,0,Computer Science,0.052,0
15.561_spring_2005,6.341_fall_2005,Information Technology Essentials,Discrete-Time Signal Processing,train,0,,0.0,0
15.561_spring_2005,6.4210_fall_2022,Information Technology Essentials,Robotic Manipulation,train,0,Computer Science,0.0463,0
15.561_spring_2005,6.436J_fall_2018,Information Technology Essentials,Fundamentals of Probability,cross,0,,0.0,0
15.561_spring_2005,6.438_fall_2014,Information Technology Essentials,Algorithms for Inference,cross,0,Computer Science,0.051,0
15.561_spring_2005,6.7220J_spring_2025,Information Technology Essentials,Nonlinear Optimization,train,0,Computer Science,0.0403,0
15.561_spring_2005,6.7960_fall_2024,Information Technology Essentials,Deep Learning,train,0,Computer Science,0.0554,0
15.561_spring_2005,6.801_fall_2004,Information Technology Essentials,Machine Vision,train,0,Computer Science,0.0308,0
15.561_spring_2005,6.801_fall_2020,Information Technology Essentials,Machine Vision,train,0,Computer Science,0.0554,0
15.561_spring_2005,6.8300_spring_2025,Information Technology Essentials,Advances in Computer Vision,cross,0,Computer Science,0.0715,0
15.561_spring_2005,6.832_spring_2009,Information Technology Essentials,Underactuated Robotics,train,0,Computer Science,0.0463,0
15.561_spring_2005,6.852J_fall_2009,Information Technology Essentials,Distributed Algorithms,train,0,Computer Science,0.0531,0
15.561_spring_2005,6.864_fall_2005,Information Technology Essentials,Advanced Natural Language Processing,cross,0,Computer Science,0.0351,0
15.561_spring_2005,6.867_fall_2006,Information Technology Essentials,Machine Learning,train,0,Computer Science,0.0468,0
15.561_spring_2005,6.S087_january-iap_2024,Information Technology Essentials,Foundation Models and Generative AI,train,0,Computer Science,0.0715,0
15.561_spring_2005,6.S191_january-iap_2026,Information Technology Essentials,Introduction to Deep Learning,train,0,Computer Science,0.0427,0
15.561_spring_2005,6.S897_spring_2019,Information Technology Essentials,Machine Learning for Healthcare,train,0,Computer Science,0.0312,0
15.561_spring_2005,6.S980_fall_2022,Information Technology Essentials,Machine Learning for Inverse Graphics,cross,0,Computer Science,0.0554,0
15.561_spring_2005,8.044_spring_2013,Information Technology Essentials,Statistical Physics I,cross,0,,0.0,0
15.561_spring_2005,8.333_fall_2013,Information Technology Essentials,Statistical Mechanics I:  Statistical Mechanics of Particles,train,0,,0.0,0
15.561_spring_2005,8.334_spring_2014,Information Technology Essentials,Statistical Mechanics II: Statistical Physics of Fields,train,0,,0.0,0
15.561_spring_2005,9.520_spring_2003,Information Technology Essentials,Statistical Learning Theory and Applications,train,0,Computer Science,0.0468,0
15.561_spring_2005,9.520_spring_2006,Information Technology Essentials,Statistical Learning Theory and Applications,train,0,,0.0,0
15.561_spring_2005,ES.1803_spring_2024,Information Technology Essentials,Differential Equations,train,0,,0.0,0
15.561_spring_2005,ESD.86_spring_2007,Information Technology Essentials,"Models, Data and Inference for Socio-Technical Systems",cross,0,Computer Science; Data Mining,0.1911,0
15.561_spring_2005,HST.953_fall_2020,Information Technology Essentials,Collaborative Data Science for Healthcare,train,0,Computer Science; Data Mining,0.1484,0
15.561_spring_2005,MAS.622J_fall_2006,Information Technology Essentials,Pattern Recognition and Analysis,train,0,,0.0,0
15.561_spring_2005,RES.6-012_spring_2018,Information Technology Essentials,Introduction to Probability,train,0,,0.0,0
15.561_spring_2005,RES.6-013_fall_2021,Information Technology Essentials,AI 101,train,0,Computer Science,0.0715,0
15.561_spring_2005,RES.8-010_summer_2018,Information Technology Essentials,Introduction to Statistical Physics,cross,0,,0.0,0
15.773_spring_2024,15.S08_spring_2020,Hands-On Deep Learning,FinTech: Shaping the Financial World ,train,0,Artificial Intelligence; Computer Science; Information Technology,0.38,1
15.773_spring_2024,16.412J_spring_2016,Hands-On Deep Learning,Cognitive Robotics,cross,0,Artificial Intelligence; Computer Science,0.2095,0
15.773_spring_2024,18.03SC_fall_2011,Hands-On Deep Learning,Differential Equations,train,0,,0.0,0
15.773_spring_2024,18.05_spring_2022,Hands-On Deep Learning,Introduction to Probability and Statistics,train,0,,0.0,0
15.773_spring_2024,18.065_spring_2018,Hands-On Deep Learning,"Matrix Methods in Data Analysis, Signal Processing, and Machine Learning",train,0,,0.0,0
15.773_spring_2024,18.06_spring_2010,Hands-On Deep Learning,Linear Algebra,train,0,,0.0,0
15.773_spring_2024,18.06SC_fall_2011,Hands-On Deep Learning,Linear Algebra,train,0,,0.0,0
15.773_spring_2024,18.085_summer_2020,Hands-On Deep Learning,Computational Science and Engineering I,train,0,,0.0,0
15.773_spring_2024,18.175_spring_2014,Hands-On Deep Learning,Theory of Probability,train,0,,0.0,0
15.773_spring_2024,18.440_spring_2014,Hands-On Deep Learning,Probability and Random Variables,cross,0,,0.0,0
15.773_spring_2024,18.465_spring_2007,Hands-On Deep Learning,Topics in Statistics: Statistical Learning Theory,cross,0,Artificial Intelligence; Computer Science,0.2124,0
15.773_spring_2024,18.600_fall_2019,Hands-On Deep Learning,Probability and Random Variables,train,0,,0.0,0
15.773_spring_2024,18.642_fall_2024,Hands-On Deep Learning,Topics in Mathematics with Applications in Finance,cross,0,,0.0,0
15.773_spring_2024,18.650__formerly_18.443__fall_2006,Hands-On Deep Learning,Statistics for Applications,cross,0,,0.0,0
15.773_spring_2024,18.650__formerly_18.443__spring_2015,Hands-On Deep Learning,Statistics for Applications,cross,0,,0.0,0
15.773_spring_2024,18.655_spring_2016,Hands-On Deep Learning,Mathematical Statistics,cross,0,,0.0,0
15.773_spring_2024,18.657_fall_2015,Hands-On Deep Learning,Mathematics of Machine Learning,train,0,Artificial Intelligence; Computer Science,0.1635,0
15.773_spring_2024,18.700_fall_2013,Hands-On Deep Learning,Linear Algebra,train,0,,0.0,0
15.773_spring_2024,18.S096_fall_2015,Hands-On Deep Learning,Topics in Mathematics of Data Science,train,0,Computer Science,0.0776,0
15.773_spring_2024,18.S096_january-iap_2023,Hands-On Deep Learning,Matrix Calculus for Machine Learning and Beyond,train,0,,0.0,0
15.773_spring_2024,18.S190_spring_2020,Hands-On Deep Learning,"Introduction to Computational Thinking with Julia, with Applications to Modeling the COVID-19 Pandemic",cross,0,Computer Science,0.0385,0
15.773_spring_2024,2.087_fall_2014,Hands-On Deep Learning,Engineering Math: Differential Equations and Linear Algebra,train,0,,0.0,0
15.773_spring_2024,2.161_fall_2008,Hands-On Deep Learning,Signal Processing: Continuous and Discrete,train,0,,0.0,0
15.773_spring_2024,21M.383_spring_2023,Hands-On Deep Learning,Computational Music Theory and Analysis,train,0,,0.0,0
15.773_spring_2024,6.0002_fall_2016,Hands-On Deep Learning,Introduction to Computational Thinking and Data Science,train,0,Computer Science,0.1264,0
15.773_spring_2024,6.006_fall_2011,Hands-On Deep Learning,Introduction to Algorithms,cross,0,Computer Science,0.1075,0
15.773_spring_2024,6.006_spring_2020,Hands-On Deep Learning,Introduction to Algorithms,cross,0,Computer Science,0.0572,0
15.773_spring_2024,6.036_fall_2020,Hands-On Deep Learning,Introduction to Machine Learning,train,0,Artificial Intelligence; Computer Science,0.3242,1
15.773_spring_2024,6.041_fall_2010,Hands-On Deep Learning,Probabilistic Systems Analysis and Applied Probability,train,0,,0.0,0
15.773_spring_2024,6.041_spring_2006,Hands-On Deep Learning,Probabilistic Systems Analysis and Applied  Probability,train,0,,0.0,0
15.773_spring_2024,6.041SC_fall_2013,Hands-On Deep Learning,Probabilistic Systems Analysis and Applied Probability,train,0,,0.0,0
15.773_spring_2024,6.046J_spring_2012,Hands-On Deep Learning,Design and Analysis of Algorithms,train,0,Computer Science,0.1075,0
15.773_spring_2024,6.046J_spring_2015,Hands-On Deep Learning,Design and Analysis of Algorithms,train,0,Computer Science,0.0451,0
15.773_spring_2024,6.079_fall_2009,Hands-On Deep Learning,Introduction to Convex Optimization,cross,0,,0.0,0
15.773_spring_2024,6.253_spring_2012,Hands-On Deep Learning,Convex Analysis and Optimization,train,0,Computer Science,0.071,0
15.773_spring_2024,6.341_fall_2005,Hands-On Deep Learning,Discrete-Time Signal Processing,train,0,,0.0,0
15.773_spring_2024,6.4210_fall_2022,Hands-On Deep Learning,Robotic Manipulation,train,0,Artificial Intelligence; Computer Science,0.2095,0
15.773_spring_2024,6.436J_fall_2018,Hands-On Deep Learning,Fundamentals of Probability,cross,0,,0.0,0
15.773_spring_2024,6.438_fall_2014,Hands-On Deep Learning,Algorithms for Inference,cross,0,Computer Science,0.0691,0
15.773_spring_2024,6.7220J_spring_2025,Hands-On Deep Learning,Nonlinear Optimization,train,0,Computer Science,0.0509,0
15.773_spring_2024,6.7960_fall_2024,Hands-On Deep Learning,Deep Learning,train,0,Artificial Intelligence; Computer Science,0.2777,0
15.773_spring_2024,6.801_fall_2004,Hands-On Deep Learning,Machine Vision,train,0,Artificial Intelligence; Computer Science,0.1192,0
15.773_spring_2024,6.801_fall_2020,Hands-On Deep Learning,Machine Vision,train,0,Artificial Intelligence; Computer Science,0.2777,0
15.773_spring_2024,6.8300_spring_2025,Hands-On Deep Learning,Advances in Computer Vision,cross,0,Artificial Intelligence; Computer Science,0.4429,1
15.773_spring_2024,6.832_spring_2009,Hands-On Deep Learning,Underactuated Robotics,train,0,Artificial Intelligence; Computer Science,0.2095,0
15.773_spring_2024,6.852J_fall_2009,Hands-On Deep Learning,Distributed Algorithms,train,0,Computer Science,0.0731,0
15.773_spring_2024,6.864_fall_2005,Hands-On Deep Learning,Advanced Natural Language Processing,cross,0,Artificial Intelligence; Computer Science,0.1416,0
15.773_spring_2024,6.867_fall_2006,Hands-On Deep Learning,Machine Learning,train,0,Artificial Intelligence; Computer Science,0.2124,0
15.773_spring_2024,6.S087_january-iap_2024,Hands-On Deep Learning,Foundation Models and Generative AI,train,0,Artificial Intelligence; Computer Science,0.4429,1
15.773_spring_2024,6.S191_january-iap_2026,Hands-On Deep Learning,Introduction to Deep Learning,train,0,Artificial Intelligence; Computer Science,0.186,0
15.773_spring_2024,6.S897_spring_2019,Hands-On Deep Learning,Machine Learning for Healthcare,train,0,Artificial Intelligence; Computer Science,0.1215,0
15.773_spring_2024,6.S980_fall_2022,Hands-On Deep Learning,Machine Learning for Inverse Graphics,cross,0,Artificial Intelligence; Computer Science,0.2777,0
15.773_spring_2024,8.044_spring_2013,Hands-On Deep Learning,Statistical Physics I,cross,0,,0.0,0
15.773_spring_2024,8.333_fall_2013,Hands-On Deep Learning,Statistical Mechanics I:  Statistical Mechanics of Particles,train,0,,0.0,0
15.773_spring_2024,8.334_spring_2014,Hands-On Deep Learning,Statistical Mechanics II: Statistical Physics of Fields,train,0,,0.0,0
15.773_spring_2024,9.520_spring_2003,Hands-On Deep Learning,Statistical Learning Theory and Applications,train,0,Artificial Intelligence; Computer Science,0.2124,0
15.773_spring_2024,9.520_spring_2006,Hands-On Deep Learning,Statistical Learning Theory and Applications,train,0,,0.0,0
15.773_spring_2024,ES.1803_spring_2024,Hands-On Deep Learning,Differential Equations,train,0,,0.0,0
15.773_spring_2024,ESD.86_spring_2007,Hands-On Deep Learning,"Models, Data and Inference for Socio-Technical Systems",cross,0,Computer Science,0.0569,0
15.773_spring_2024,HST.953_fall_2020,Hands-On Deep Learning,Collaborative Data Science for Healthcare,train,0,Artificial Intelligence; Computer Science,0.1416,0
15.773_spring_2024,MAS.622J_fall_2006,Hands-On Deep Learning,Pattern Recognition and Analysis,train,0,,0.0,0
15.773_spring_2024,RES.6-012_spring_2018,Hands-On Deep Learning,Introduction to Probability,train,0,,0.0,0
15.773_spring_2024,RES.6-013_fall_2021,Hands-On Deep Learning,AI 101,train,0,Artificial Intelligence; Computer Science,0.4429,1
15.773_spring_2024,RES.8-010_summer_2018,Hands-On Deep Learning,Introduction to Statistical Physics,cross,0,,0.0,0
15.S08_spring_2020,16.412J_spring_2016,FinTech: Shaping the Financial World ,Cognitive Robotics,cross,0,Artificial Intelligence; Computer Science,0.1182,0
15.S08_spring_2020,18.03SC_fall_2011,FinTech: Shaping the Financial World ,Differential Equations,train,0,,0.0,0
15.S08_spring_2020,18.05_spring_2022,FinTech: Shaping the Financial World ,Introduction to Probability and Statistics,train,0,,0.0,0
15.S08_spring_2020,18.065_spring_2018,FinTech: Shaping the Financial World ,"Matrix Methods in Data Analysis, Signal Processing, and Machine Learning",train,0,,0.0,0
15.S08_spring_2020,18.06_spring_2010,FinTech: Shaping the Financial World ,Linear Algebra,train,0,,0.0,0
15.S08_spring_2020,18.06SC_fall_2011,FinTech: Shaping the Financial World ,Linear Algebra,train,0,,0.0,0
15.S08_spring_2020,18.085_summer_2020,FinTech: Shaping the Financial World ,Computational Science and Engineering I,train,0,,0.0,0
15.S08_spring_2020,18.175_spring_2014,FinTech: Shaping the Financial World ,Theory of Probability,train,0,,0.0,0
15.S08_spring_2020,18.440_spring_2014,FinTech: Shaping the Financial World ,Probability and Random Variables,cross,0,,0.0,0
15.S08_spring_2020,18.465_spring_2007,FinTech: Shaping the Financial World ,Topics in Statistics: Statistical Learning Theory,cross,0,Artificial Intelligence; Computer Science,0.1192,0
15.S08_spring_2020,18.600_fall_2019,FinTech: Shaping the Financial World ,Probability and Random Variables,train,0,,0.0,0
15.S08_spring_2020,18.642_fall_2024,FinTech: Shaping the Financial World ,Topics in Mathematics with Applications in Finance,cross,0,Finance,0.2255,0
15.S08_spring_2020,18.650__formerly_18.443__fall_2006,FinTech: Shaping the Financial World ,Statistics for Applications,cross,0,,0.0,0
15.S08_spring_2020,18.650__formerly_18.443__spring_2015,FinTech: Shaping the Financial World ,Statistics for Applications,cross,0,,0.0,0
15.S08_spring_2020,18.655_spring_2016,FinTech: Shaping the Financial World ,Mathematical Statistics,cross,0,,0.0,0
15.S08_spring_2020,18.657_fall_2015,FinTech: Shaping the Financial World ,Mathematics of Machine Learning,train,0,Artificial Intelligence; Computer Science,0.102,0
15.S08_spring_2020,18.700_fall_2013,FinTech: Shaping the Financial World ,Linear Algebra,train,0,,0.0,0
15.S08_spring_2020,18.S096_fall_2015,FinTech: Shaping the Financial World ,Topics in Mathematics of Data Science,train,0,Computer Science,0.0417,0
15.S08_spring_2020,18.S096_january-iap_2023,FinTech: Shaping the Financial World ,Matrix Calculus for Machine Learning and Beyond,train,0,,0.0,0
15.S08_spring_2020,18.S190_spring_2020,FinTech: Shaping the Financial World ,"Introduction to Computational Thinking with Julia, with Applications to Modeling the COVID-19 Pandemic",cross,0,Computer Science,0.027,0
15.S08_spring_2020,2.087_fall_2014,FinTech: Shaping the Financial World ,Engineering Math: Differential Equations and Linear Algebra,train,0,,0.0,0
15.S08_spring_2020,2.161_fall_2008,FinTech: Shaping the Financial World ,Signal Processing: Continuous and Discrete,train,0,,0.0,0
15.S08_spring_2020,21M.383_spring_2023,FinTech: Shaping the Financial World ,Computational Music Theory and Analysis,train,0,,0.0,0
15.S08_spring_2020,6.0002_fall_2016,FinTech: Shaping the Financial World ,Introduction to Computational Thinking and Data Science,train,0,Computer Science,0.0525,0
15.S08_spring_2020,6.006_fall_2011,FinTech: Shaping the Financial World ,Introduction to Algorithms,cross,0,Computer Science,0.049,0
15.S08_spring_2020,6.006_spring_2020,FinTech: Shaping the Financial World ,Introduction to Algorithms,cross,0,Computer Science,0.035,0
15.S08_spring_2020,6.036_fall_2020,FinTech: Shaping the Financial World ,Introduction to Machine Learning,train,0,Artificial Intelligence; Computer Science,0.1477,0
15.S08_spring_2020,6.041_fall_2010,FinTech: Shaping the Financial World ,Probabilistic Systems Analysis and Applied Probability,train,0,,0.0,0
15.S08_spring_2020,6.041_spring_2006,FinTech: Shaping the Financial World ,Probabilistic Systems Analysis and Applied  Probability,train,0,,0.0,0
15.S08_spring_2020,6.041SC_fall_2013,FinTech: Shaping the Financial World ,Probabilistic Systems Analysis and Applied Probability,train,0,,0.0,0
15.S08_spring_2020,6.046J_spring_2012,FinTech: Shaping the Financial World ,Design and Analysis of Algorithms,train,0,Computer Science,0.049,0
15.S08_spring_2020,6.046J_spring_2015,FinTech: Shaping the Financial World ,Design and Analysis of Algorithms,train,0,Computer Science,0.03,0
15.S08_spring_2020,6.079_fall_2009,FinTech: Shaping the Financial World ,Introduction to Convex Optimization,cross,0,,0.0,0
15.S08_spring_2020,6.253_spring_2012,FinTech: Shaping the Financial World ,Convex Analysis and Optimization,train,0,Computer Science,0.0397,0
15.S08_spring_2020,6.341_fall_2005,FinTech: Shaping the Financial World ,Discrete-Time Signal Processing,train,0,,0.0,0
15.S08_spring_2020,6.4210_fall_2022,FinTech: Shaping the Financial World ,Robotic Manipulation,train,0,Artificial Intelligence; Computer Science,0.1182,0
15.S08_spring_2020,6.436J_fall_2018,FinTech: Shaping the Financial World ,Fundamentals of Probability,cross,0,,0.0,0
15.S08_spring_2020,6.438_fall_2014,FinTech: Shaping the Financial World ,Algorithms for Inference,cross,0,Computer Science,0.0391,0
15.S08_spring_2020,6.7220J_spring_2025,FinTech: Shaping the Financial World ,Nonlinear Optimization,train,0,Computer Science,0.0325,0
15.S08_spring_2020,6.7960_fall_2024,FinTech: Shaping the Financial World ,Deep Learning,train,0,Artificial Intelligence; Computer Science,0.1373,0
15.S08_spring_2020,6.801_fall_2004,FinTech: Shaping the Financial World ,Machine Vision,train,0,Artificial Intelligence; Computer Science,0.0828,0
15.S08_spring_2020,6.801_fall_2020,FinTech: Shaping the Financial World ,Machine Vision,train,0,Artificial Intelligence; Computer Science,0.1373,0
15.S08_spring_2020,6.8300_spring_2025,FinTech: Shaping the Financial World ,Advances in Computer Vision,cross,0,Artificial Intelligence; Computer Science,0.1683,0
15.S08_spring_2020,6.832_spring_2009,FinTech: Shaping the Financial World ,Underactuated Robotics,train,0,Artificial Intelligence; Computer Science,0.1182,0
15.S08_spring_2020,6.852J_fall_2009,FinTech: Shaping the Financial World ,Distributed Algorithms,train,0,Computer Science,0.0403,0
15.S08_spring_2020,6.864_fall_2005,FinTech: Shaping the Financial World ,Advanced Natural Language Processing,cross,0,Artificial Intelligence; Computer Science,0.093,0
15.S08_spring_2020,6.867_fall_2006,FinTech: Shaping the Financial World ,Machine Learning,train,0,Artificial Intelligence; Computer Science,0.1192,0
15.S08_spring_2020,6.S087_january-iap_2024,FinTech: Shaping the Financial World ,Foundation Models and Generative AI,train,0,Artificial Intelligence; Computer Science,0.1683,0
15.S08_spring_2020,6.S191_january-iap_2026,FinTech: Shaping the Financial World ,Introduction to Deep Learning,train,0,Artificial Intelligence; Computer Science,0.1104,0
15.S08_spring_2020,6.S897_spring_2019,FinTech: Shaping the Financial World ,Machine Learning for Healthcare,train,0,Artificial Intelligence; Computer Science,0.0839,0
15.S08_spring_2020,6.S980_fall_2022,FinTech: Shaping the Financial World ,Machine Learning for Inverse Graphics,cross,0,Artificial Intelligence; Computer Science,0.1373,0
15.S08_spring_2020,8.044_spring_2013,FinTech: Shaping the Financial World ,Statistical Physics I,cross,0,,0.0,0
15.S08_spring_2020,8.333_fall_2013,FinTech: Shaping the Financial World ,Statistical Mechanics I:  Statistical Mechanics of Particles,train,0,,0.0,0
15.S08_spring_2020,8.334_spring_2014,FinTech: Shaping the Financial World ,Statistical Mechanics II: Statistical Physics of Fields,train,0,,0.0,0
15.S08_spring_2020,9.520_spring_2003,FinTech: Shaping the Financial World ,Statistical Learning Theory and Applications,train,0,Artificial Intelligence; Computer Science,0.1192,0
15.S08_spring_2020,9.520_spring_2006,FinTech: Shaping the Financial World ,Statistical Learning Theory and Applications,train,0,,0.0,0
15.S08_spring_2020,ES.1803_spring_2024,FinTech: Shaping the Financial World ,Differential Equations,train,0,,0.0,0
15.S08_spring_2020,ESD.86_spring_2007,FinTech: Shaping the Financial World ,"Models, Data and Inference for Socio-Technical Systems",cross,0,Computer Science,0.0348,0
15.S08_spring_2020,HST.953_fall_2020,FinTech: Shaping the Financial World ,Collaborative Data Science for Healthcare,train,0,Artificial Intelligence; Computer Science,0.093,0
15.S08_spring_2020,MAS.622J_fall_2006,FinTech: Shaping the Financial World ,Pattern Recognition and Analysis,train,0,,0.0,0
15.S08_spring_2020,RES.6-012_spring_2018,FinTech: Shaping the Financial World ,Introduction to Probability,train,0,,0.0,0
15.S08_spring_2020,RES.6-013_fall_2021,FinTech: Shaping the Financial World ,AI 101,train,0,Artificial Intelligence; Computer Science,0.1683,0
15.S08_spring_2020,RES.8-010_summer_2018,FinTech: Shaping the Financial World ,Introduction to Statistical Physics,cross,0,,0.0,0
16.412J_spring_2016,18.03SC_fall_2011,Cognitive Robotics,Differential Equations,cross,0,,0.0,0
16.412J_spring_2016,18.05_spring_2022,Cognitive Robotics,Introduction to Probability and Statistics,cross,0,,0.0,0
16.412J_spring_2016,18.065_spring_2018,Cognitive Robotics,"Matrix Methods in Data Analysis, Signal Processing, and Machine Learning",cross,0,Electrical Engineering,0.1351,0
16.412J_spring_2016,18.06_spring_2010,Cognitive Robotics,Linear Algebra,cross,0,,0.0,0
16.412J_spring_2016,18.06SC_fall_2011,Cognitive Robotics,Linear Algebra,cross,0,,0.0,0
16.412J_spring_2016,18.085_summer_2020,Cognitive Robotics,Computational Science and Engineering I,cross,0,,0.0,0
16.412J_spring_2016,18.175_spring_2014,Cognitive Robotics,Theory of Probability,cross,0,,0.0,0
16.412J_spring_2016,18.440_spring_2014,Cognitive Robotics,Probability and Random Variables,test,0,,0.0,0
16.412J_spring_2016,18.465_spring_2007,Cognitive Robotics,Topics in Statistics: Statistical Learning Theory,test,0,Artificial Intelligence; Computer Science,0.1676,0
16.412J_spring_2016,18.600_fall_2019,Cognitive Robotics,Probability and Random Variables,cross,0,,0.0,0
16.412J_spring_2016,18.642_fall_2024,Cognitive Robotics,Topics in Mathematics with Applications in Finance,test,0,,0.0,0
16.412J_spring_2016,18.650__formerly_18.443__fall_2006,Cognitive Robotics,Statistics for Applications,test,0,,0.0,0
16.412J_spring_2016,18.650__formerly_18.443__spring_2015,Cognitive Robotics,Statistics for Applications,test,0,,0.0,0
16.412J_spring_2016,18.655_spring_2016,Cognitive Robotics,Mathematical Statistics,test,0,,0.0,0
16.412J_spring_2016,18.657_fall_2015,Cognitive Robotics,Mathematics of Machine Learning,cross,0,Artificial Intelligence; Computer Science,0.1356,0
16.412J_spring_2016,18.700_fall_2013,Cognitive Robotics,Linear Algebra,cross,0,,0.0,0
16.412J_spring_2016,18.S096_fall_2015,Cognitive Robotics,Topics in Mathematics of Data Science,cross,0,Computer Science,0.06,0
16.412J_spring_2016,18.S096_january-iap_2023,Cognitive Robotics,Matrix Calculus for Machine Learning and Beyond,cross,0,,0.0,0
16.412J_spring_2016,18.S190_spring_2020,Cognitive Robotics,"Introduction to Computational Thinking with Julia, with Applications to Modeling the COVID-19 Pandemic",test,0,Computer Science,0.0336,0
16.412J_spring_2016,2.087_fall_2014,Cognitive Robotics,Engineering Math: Differential Equations and Linear Algebra,cross,0,,0.0,0
16.412J_spring_2016,2.161_fall_2008,Cognitive Robotics,Signal Processing: Continuous and Discrete,cross,0,Electrical Engineering,0.0907,0
16.412J_spring_2016,21M.383_spring_2023,Cognitive Robotics,Computational Music Theory and Analysis,cross,0,,0.0,0
16.412J_spring_2016,6.0002_fall_2016,Cognitive Robotics,Introduction to Computational Thinking and Data Science,cross,0,Computer Science,0.0854,0
16.412J_spring_2016,6.006_fall_2011,Cognitive Robotics,Introduction to Algorithms,test,0,Computer Science,0.0763,0
16.412J_spring_2016,6.006_spring_2020,Cognitive Robotics,Introduction to Algorithms,test,0,Computer Science,0.047,0
16.412J_spring_2016,6.036_fall_2020,Cognitive Robotics,Introduction to Machine Learning,cross,0,Artificial Intelligence; Computer Science,0.2303,0
16.412J_spring_2016,6.041_fall_2010,Cognitive Robotics,Probabilistic Systems Analysis and Applied Probability,cross,0,,0.0,0
16.412J_spring_2016,6.041_spring_2006,Cognitive Robotics,Probabilistic Systems Analysis and Applied  Probability,cross,0,,0.0,0
16.412J_spring_2016,6.041SC_fall_2013,Cognitive Robotics,Probabilistic Systems Analysis and Applied Probability,cross,0,,0.0,0
16.412J_spring_2016,6.046J_spring_2012,Cognitive Robotics,Design and Analysis of Algorithms,cross,0,Computer Science,0.0763,0
16.412J_spring_2016,6.046J_spring_2015,Cognitive Robotics,Design and Analysis of Algorithms,cross,0,Computer Science,0.0385,0
16.412J_spring_2016,6.079_fall_2009,Cognitive Robotics,Introduction to Convex Optimization,test,0,Electrical Engineering,0.169,0
16.412J_spring_2016,6.253_spring_2012,Cognitive Robotics,Convex Analysis and Optimization,cross,0,Computer Science,0.0559,0
16.412J_spring_2016,6.341_fall_2005,Cognitive Robotics,Discrete-Time Signal Processing,cross,0,Electrical Engineering,0.1395,0
16.412J_spring_2016,6.4210_fall_2022,Cognitive Robotics,Robotic Manipulation,cross,0,Artificial Intelligence; Computer Science; Electrical Engineering; Robotics and Control Systems,1.0,1
16.412J_spring_2016,6.436J_fall_2018,Cognitive Robotics,Fundamentals of Probability,test,0,,0.0,0
16.412J_spring_2016,6.438_fall_2014,Cognitive Robotics,Algorithms for Inference,test,0,Computer Science,0.0548,0
16.412J_spring_2016,6.7220J_spring_2025,Cognitive Robotics,Nonlinear Optimization,cross,0,Computer Science,0.0427,0
16.412J_spring_2016,6.7960_fall_2024,Cognitive Robotics,Deep Learning,cross,0,Artificial Intelligence; Computer Science,0.2058,0
16.412J_spring_2016,6.801_fall_2004,Cognitive Robotics,Machine Vision,cross,0,Artificial Intelligence; Computer Science; Electrical Engineering; Robotics and Control Systems,0.4928,1
16.412J_spring_2016,6.801_fall_2020,Cognitive Robotics,Machine Vision,cross,0,Artificial Intelligence; Computer Science,0.2058,0
16.412J_spring_2016,6.8300_spring_2025,Cognitive Robotics,Advances in Computer Vision,test,0,Artificial Intelligence; Computer Science,0.2845,0
16.412J_spring_2016,6.832_spring_2009,Cognitive Robotics,Underactuated Robotics,cross,0,Artificial Intelligence; Computer Science; Electrical Engineering; Robotics and Control Systems,1.0,1
16.412J_spring_2016,6.852J_fall_2009,Cognitive Robotics,Distributed Algorithms,cross,0,Computer Science,0.0572,0
16.412J_spring_2016,6.864_fall_2005,Cognitive Robotics,Advanced Natural Language Processing,test,0,Artificial Intelligence; Computer Science,0.1202,0
16.412J_spring_2016,6.867_fall_2006,Cognitive Robotics,Machine Learning,cross,0,Artificial Intelligence; Computer Science,0.1676,0
16.412J_spring_2016,6.S087_january-iap_2024,Cognitive Robotics,Foundation Models and Generative AI,cross,0,Artificial Intelligence; Computer Science,0.2845,0
16.412J_spring_2016,6.S191_january-iap_2026,Cognitive Robotics,Introduction to Deep Learning,cross,0,Artificial Intelligence; Computer Science,0.1507,0
16.412J_spring_2016,6.S897_spring_2019,Cognitive Robotics,Machine Learning for Healthcare,cross,0,Artificial Intelligence; Computer Science,0.1054,0
16.412J_spring_2016,6.S980_fall_2022,Cognitive Robotics,Machine Learning for Inverse Graphics,test,0,Artificial Intelligence; Computer Science,0.2058,0
16.412J_spring_2016,8.044_spring_2013,Cognitive Robotics,Statistical Physics I,test,0,,0.0,0
16.412J_spring_2016,8.333_fall_2013,Cognitive Robotics,Statistical Mechanics I:  Statistical Mechanics of Particles,cross,0,,0.0,0
16.412J_spring_2016,8.334_spring_2014,Cognitive Robotics,Statistical Mechanics II: Statistical Physics of Fields,cross,0,,0.0,0
16.412J_spring_2016,9.520_spring_2003,Cognitive Robotics,Statistical Learning Theory and Applications,cross,0,Artificial Intelligence; Computer Science,0.1676,0
16.412J_spring_2016,9.520_spring_2006,Cognitive Robotics,Statistical Learning Theory and Applications,cross,0,,0.0,0
16.412J_spring_2016,ES.1803_spring_2024,Cognitive Robotics,Differential Equations,cross,0,,0.0,0
16.412J_spring_2016,ESD.86_spring_2007,Cognitive Robotics,"Models, Data and Inference for Socio-Technical Systems",test,0,Computer Science,0.0468,0
16.412J_spring_2016,HST.953_fall_2020,Cognitive Robotics,Collaborative Data Science for Healthcare,cross,0,Artificial Intelligence; Computer Science,0.1202,0
16.412J_spring_2016,MAS.622J_fall_2006,Cognitive Robotics,Pattern Recognition and Analysis,cross,0,Electrical Engineering,0.1646,0
16.412J_spring_2016,RES.6-012_spring_2018,Cognitive Robotics,Introduction to Probability,cross,0,,0.0,0
16.412J_spring_2016,RES.6-013_fall_2021,Cognitive Robotics,AI 101,cross,0,Artificial Intelligence; Computer Science,0.2845,0
16.412J_spring_2016,RES.8-010_summer_2018,Cognitive Robotics,Introduction to Statistical Physics,test,0,,0.0,0
18.03SC_fall_2011,18.05_spring_2022,Differential Equations,Introduction to Probability and Statistics,train,0,,0.0,0
18.03SC_fall_2011,18.065_spring_2018,Differential Equations,"Matrix Methods in Data Analysis, Signal Processing, and Machine Learning",train,0,Linear Algebra,0.1547,0
18.03SC_fall_2011,18.06_spring_2010,Differential Equations,Linear Algebra,train,0,Linear Algebra,0.4242,1
18.03SC_fall_2011,18.06SC_fall_2011,Differential Equations,Linear Algebra,train,0,Linear Algebra,0.4242,1
18.03SC_fall_2011,18.085_summer_2020,Differential Equations,Computational Science and Engineering I,train,0,Differential Equations; Linear Algebra,0.4085,1
18.03SC_fall_2011,18.175_spring_2014,Differential Equations,Theory of Probability,train,0,,0.0,0
18.03SC_fall_2011,18.440_spring_2014,Differential Equations,Probability and Random Variables,cross,0,,0.0,0
18.03SC_fall_2011,18.465_spring_2007,Differential Equations,Topics in Statistics: Statistical Learning Theory,cross,0,,0.0,0
18.03SC_fall_2011,18.600_fall_2019,Differential Equations,Probability and Random Variables,train,0,,0.0,0
18.03SC_fall_2011,18.642_fall_2024,Differential Equations,Topics in Mathematics with Applications in Finance,cross,0,,0.0,0
18.03SC_fall_2011,18.650__formerly_18.443__fall_2006,Differential Equations,Statistics for Applications,cross,0,,0.0,0
18.03SC_fall_2011,18.650__formerly_18.443__spring_2015,Differential Equations,Statistics for Applications,cross,0,,0.0,0
18.03SC_fall_2011,18.655_spring_2016,Differential Equations,Mathematical Statistics,cross,0,,0.0,0
18.03SC_fall_2011,18.657_fall_2015,Differential Equations,Mathematics of Machine Learning,train,0,,0.0,0
18.03SC_fall_2011,18.700_fall_2013,Differential Equations,Linear Algebra,train,0,Linear Algebra,0.4242,1
18.03SC_fall_2011,18.S096_fall_2015,Differential Equations,Topics in Mathematics of Data Science,train,0,,0.0,0
18.03SC_fall_2011,18.S096_january-iap_2023,Differential Equations,Matrix Calculus for Machine Learning and Beyond,train,0,Linear Algebra,0.2001,0
18.03SC_fall_2011,18.S190_spring_2020,Differential Equations,"Introduction to Computational Thinking with Julia, with Applications to Modeling the COVID-19 Pandemic",cross,0,,0.0,0
18.03SC_fall_2011,2.087_fall_2014,Differential Equations,Engineering Math: Differential Equations and Linear Algebra,train,0,Differential Equations; Linear Algebra,0.5025,1
18.03SC_fall_2011,2.161_fall_2008,Differential Equations,Signal Processing: Continuous and Discrete,train,0,,0.0,0
18.03SC_fall_2011,21M.383_spring_2023,Differential Equations,Computational Music Theory and Analysis,train,0,,0.0,0
18.03SC_fall_2011,6.0002_fall_2016,Differential Equations,Introduction to Computational Thinking and Data Science,train,0,,0.0,0
18.03SC_fall_2011,6.006_fall_2011,Differential Equations,Introduction to Algorithms,cross,0,,0.0,0
18.03SC_fall_2011,6.006_spring_2020,Differential Equations,Introduction to Algorithms,cross,0,,0.0,0
18.03SC_fall_2011,6.036_fall_2020,Differential Equations,Introduction to Machine Learning,train,0,,0.0,0
18.03SC_fall_2011,6.041_fall_2010,Differential Equations,Probabilistic Systems Analysis and Applied Probability,train,0,,0.0,0
18.03SC_fall_2011,6.041_spring_2006,Differential Equations,Probabilistic Systems Analysis and Applied  Probability,train,0,,0.0,0
18.03SC_fall_2011,6.041SC_fall_2013,Differential Equations,Probabilistic Systems Analysis and Applied Probability,train,0,,0.0,0
18.03SC_fall_2011,6.046J_spring_2012,Differential Equations,Design and Analysis of Algorithms,train,0,,0.0,0
18.03SC_fall_2011,6.046J_spring_2015,Differential Equations,Design and Analysis of Algorithms,train,0,,0.0,0
18.03SC_fall_2011,6.079_fall_2009,Differential Equations,Introduction to Convex Optimization,cross,0,,0.0,0
18.03SC_fall_2011,6.253_spring_2012,Differential Equations,Convex Analysis and Optimization,train,0,,0.0,0
18.03SC_fall_2011,6.341_fall_2005,Differential Equations,Discrete-Time Signal Processing,train,0,,0.0,0
18.03SC_fall_2011,6.4210_fall_2022,Differential Equations,Robotic Manipulation,train,0,,0.0,0
18.03SC_fall_2011,6.436J_fall_2018,Differential Equations,Fundamentals of Probability,cross,0,,0.0,0
18.03SC_fall_2011,6.438_fall_2014,Differential Equations,Algorithms for Inference,cross,0,,0.0,0
18.03SC_fall_2011,6.7220J_spring_2025,Differential Equations,Nonlinear Optimization,train,0,,0.0,0
18.03SC_fall_2011,6.7960_fall_2024,Differential Equations,Deep Learning,train,0,,0.0,0
18.03SC_fall_2011,6.801_fall_2004,Differential Equations,Machine Vision,train,0,,0.0,0
18.03SC_fall_2011,6.801_fall_2020,Differential Equations,Machine Vision,train,0,,0.0,0
18.03SC_fall_2011,6.8300_spring_2025,Differential Equations,Advances in Computer Vision,cross,0,,0.0,0
18.03SC_fall_2011,6.832_spring_2009,Differential Equations,Underactuated Robotics,train,0,,0.0,0
18.03SC_fall_2011,6.852J_fall_2009,Differential Equations,Distributed Algorithms,train,0,,0.0,0
18.03SC_fall_2011,6.864_fall_2005,Differential Equations,Advanced Natural Language Processing,cross,0,,0.0,0
18.03SC_fall_2011,6.867_fall_2006,Differential Equations,Machine Learning,train,0,,0.0,0
18.03SC_fall_2011,6.S087_january-iap_2024,Differential Equations,Foundation Models and Generative AI,train,0,,0.0,0
18.03SC_fall_2011,6.S191_january-iap_2026,Differential Equations,Introduction to Deep Learning,train,0,,0.0,0
18.03SC_fall_2011,6.S897_spring_2019,Differential Equations,Machine Learning for Healthcare,train,0,,0.0,0
18.03SC_fall_2011,6.S980_fall_2022,Differential Equations,Machine Learning for Inverse Graphics,cross,0,,0.0,0
18.03SC_fall_2011,8.044_spring_2013,Differential Equations,Statistical Physics I,cross,0,,0.0,0
18.03SC_fall_2011,8.333_fall_2013,Differential Equations,Statistical Mechanics I:  Statistical Mechanics of Particles,train,0,,0.0,0
18.03SC_fall_2011,8.334_spring_2014,Differential Equations,Statistical Mechanics II: Statistical Physics of Fields,train,0,,0.0,0
18.03SC_fall_2011,9.520_spring_2003,Differential Equations,Statistical Learning Theory and Applications,train,0,,0.0,0
18.03SC_fall_2011,9.520_spring_2006,Differential Equations,Statistical Learning Theory and Applications,train,0,,0.0,0
18.03SC_fall_2011,ES.1803_spring_2024,Differential Equations,Differential Equations,train,0,Differential Equations; Linear Algebra,1.0,1
18.03SC_fall_2011,ESD.86_spring_2007,Differential Equations,"Models, Data and Inference for Socio-Technical Systems",cross,0,,0.0,0
18.03SC_fall_2011,HST.953_fall_2020,Differential Equations,Collaborative Data Science for Healthcare,train,0,,0.0,0
18.03SC_fall_2011,MAS.622J_fall_2006,Differential Equations,Pattern Recognition and Analysis,train,0,,0.0,0
18.03SC_fall_2011,RES.6-012_spring_2018,Differential Equations,Introduction to Probability,train,0,,0.0,0
18.03SC_fall_2011,RES.6-013_fall_2021,Differential Equations,AI 101,train,0,,0.0,0
18.03SC_fall_2011,RES.8-010_summer_2018,Differential Equations,Introduction to Statistical Physics,cross,0,,0.0,0
18.05_spring_2022,18.065_spring_2018,Introduction to Probability and Statistics,"Matrix Methods in Data Analysis, Signal Processing, and Machine Learning",train,0,,0.0,0
18.05_spring_2022,18.06_spring_2010,Introduction to Probability and Statistics,Linear Algebra,train,0,,0.0,0
18.05_spring_2022,18.06SC_fall_2011,Introduction to Probability and Statistics,Linear Algebra,train,0,,0.0,0
18.05_spring_2022,18.085_summer_2020,Introduction to Probability and Statistics,Computational Science and Engineering I,train,0,,0.0,0
18.05_spring_2022,18.175_spring_2014,Introduction to Probability and Statistics,Theory of Probability,train,0,Probability and Statistics,0.1232,0
18.05_spring_2022,18.440_spring_2014,Introduction to Probability and Statistics,Probability and Random Variables,cross,0,Discrete Mathematics; Probability and Statistics,1.0,1
18.05_spring_2022,18.465_spring_2007,Introduction to Probability and Statistics,Topics in Statistics: Statistical Learning Theory,cross,0,Probability and Statistics,0.0818,0
18.05_spring_2022,18.600_fall_2019,Introduction to Probability and Statistics,Probability and Random Variables,train,0,Discrete Mathematics; Probability and Statistics,1.0,1
18.05_spring_2022,18.642_fall_2024,Introduction to Probability and Statistics,Topics in Mathematics with Applications in Finance,cross,0,Probability and Statistics,0.0992,0
18.05_spring_2022,18.650__formerly_18.443__fall_2006,Introduction to Probability and Statistics,Statistics for Applications,cross,0,Discrete Mathematics; Probability and Statistics,0.659,1
18.05_spring_2022,18.650__formerly_18.443__spring_2015,Introduction to Probability and Statistics,Statistics for Applications,cross,0,Discrete Mathematics; Probability and Statistics,0.659,1
18.05_spring_2022,18.655_spring_2016,Introduction to Probability and Statistics,Mathematical Statistics,cross,0,Probability and Statistics,0.1157,0
18.05_spring_2022,18.657_fall_2015,Introduction to Probability and Statistics,Mathematics of Machine Learning,train,0,Discrete Mathematics; Probability and Statistics,0.2847,0
18.05_spring_2022,18.700_fall_2013,Introduction to Probability and Statistics,Linear Algebra,train,0,,0.0,0
18.05_spring_2022,18.S096_fall_2015,Introduction to Probability and Statistics,Topics in Mathematics of Data Science,train,0,Probability and Statistics,0.1087,0
18.05_spring_2022,18.S096_january-iap_2023,Introduction to Probability and Statistics,Matrix Calculus for Machine Learning and Beyond,train,0,,0.0,0
18.05_spring_2022,18.S190_spring_2020,Introduction to Probability and Statistics,"Introduction to Computational Thinking with Julia, with Applications to Modeling the COVID-19 Pandemic",cross,0,,0.0,0
18.05_spring_2022,2.087_fall_2014,Introduction to Probability and Statistics,Engineering Math: Differential Equations and Linear Algebra,train,0,,0.0,0
18.05_spring_2022,2.161_fall_2008,Introduction to Probability and Statistics,Signal Processing: Continuous and Discrete,train,0,,0.0,0
18.05_spring_2022,21M.383_spring_2023,Introduction to Probability and Statistics,Computational Music Theory and Analysis,train,0,Probability and Statistics,0.0347,0
18.05_spring_2022,6.0002_fall_2016,Introduction to Probability and Statistics,Introduction to Computational Thinking and Data Science,train,0,Probability and Statistics,0.2132,0
18.05_spring_2022,6.006_fall_2011,Introduction to Probability and Statistics,Introduction to Algorithms,cross,0,,0.0,0
18.05_spring_2022,6.006_spring_2020,Introduction to Probability and Statistics,Introduction to Algorithms,cross,0,,0.0,0
18.05_spring_2022,6.036_fall_2020,Introduction to Probability and Statistics,Introduction to Machine Learning,train,0,,0.0,0
18.05_spring_2022,6.041_fall_2010,Introduction to Probability and Statistics,Probabilistic Systems Analysis and Applied Probability,train,0,Discrete Mathematics; Probability and Statistics,0.6258,1
18.05_spring_2022,6.041_spring_2006,Introduction to Probability and Statistics,Probabilistic Systems Analysis and Applied  Probability,train,0,Discrete Mathematics; Probability and Statistics,1.0,1
18.05_spring_2022,6.041SC_fall_2013,Introduction to Probability and Statistics,Probabilistic Systems Analysis and Applied Probability,train,0,Discrete Mathematics; Probability and Statistics,0.6258,1
18.05_spring_2022,6.046J_spring_2012,Introduction to Probability and Statistics,Design and Analysis of Algorithms,train,0,,0.0,0
18.05_spring_2022,6.046J_spring_2015,Introduction to Probability and Statistics,Design and Analysis of Algorithms,train,0,,0.0,0
18.05_spring_2022,6.079_fall_2009,Introduction to Probability and Statistics,Introduction to Convex Optimization,cross,0,,0.0,0
18.05_spring_2022,6.253_spring_2012,Introduction to Probability and Statistics,Convex Analysis and Optimization,train,0,,0.0,0
18.05_spring_2022,6.341_fall_2005,Introduction to Probability and Statistics,Discrete-Time Signal Processing,train,0,Discrete Mathematics,0.1827,0
18.05_spring_2022,6.4210_fall_2022,Introduction to Probability and Statistics,Robotic Manipulation,train,0,,0.0,0
18.05_spring_2022,6.436J_fall_2018,Introduction to Probability and Statistics,Fundamentals of Probability,cross,0,Probability and Statistics,0.2643,0
18.05_spring_2022,6.438_fall_2014,Introduction to Probability and Statistics,Algorithms for Inference,cross,0,Probability and Statistics,0.0941,0
18.05_spring_2022,6.7220J_spring_2025,Introduction to Probability and Statistics,Nonlinear Optimization,train,0,,0.0,0
18.05_spring_2022,6.7960_fall_2024,Introduction to Probability and Statistics,Deep Learning,train,0,,0.0,0
18.05_spring_2022,6.801_fall_2004,Introduction to Probability and Statistics,Machine Vision,train,0,,0.0,0
18.05_spring_2022,6.801_fall_2020,Introduction to Probability and Statistics,Machine Vision,train,0,,0.0,0
18.05_spring_2022,6.8300_spring_2025,Introduction to Probability and Statistics,Advances in Computer Vision,cross,0,,0.0,0
18.05_spring_2022,6.832_spring_2009,Introduction to Probability and Statistics,Underactuated Robotics,train,0,,0.0,0
18.05_spring_2022,6.852J_fall_2009,Introduction to Probability and Statistics,Distributed Algorithms,train,0,,0.0,0
18.05_spring_2022,6.864_fall_2005,Introduction to Probability and Statistics,Advanced Natural Language Processing,cross,0,,0.0,0
18.05_spring_2022,6.867_fall_2006,Introduction to Probability and Statistics,Machine Learning,train,0,Probability and Statistics,0.0818,0
18.05_spring_2022,6.S087_january-iap_2024,Introduction to Probability and Statistics,Foundation Models and Generative AI,train,0,,0.0,0
18.05_spring_2022,6.S191_january-iap_2026,Introduction to Probability and Statistics,Introduction to Deep Learning,train,0,,0.0,0
18.05_spring_2022,6.S897_spring_2019,Introduction to Probability and Statistics,Machine Learning for Healthcare,train,0,,0.0,0
18.05_spring_2022,6.S980_fall_2022,Introduction to Probability and Statistics,Machine Learning for Inverse Graphics,cross,0,,0.0,0
18.05_spring_2022,8.044_spring_2013,Introduction to Probability and Statistics,Statistical Physics I,cross,0,Probability and Statistics,0.0828,0
18.05_spring_2022,8.333_fall_2013,Introduction to Probability and Statistics,Statistical Mechanics I:  Statistical Mechanics of Particles,train,0,Probability and Statistics,0.0424,0
18.05_spring_2022,8.334_spring_2014,Introduction to Probability and Statistics,Statistical Mechanics II: Statistical Physics of Fields,train,0,Probability and Statistics,0.0561,0
18.05_spring_2022,9.520_spring_2003,Introduction to Probability and Statistics,Statistical Learning Theory and Applications,train,0,Probability and Statistics,0.0818,0
18.05_spring_2022,9.520_spring_2006,Introduction to Probability and Statistics,Statistical Learning Theory and Applications,train,0,Probability and Statistics,0.0409,0
18.05_spring_2022,ES.1803_spring_2024,Introduction to Probability and Statistics,Differential Equations,train,0,,0.0,0
18.05_spring_2022,ESD.86_spring_2007,Introduction to Probability and Statistics,"Models, Data and Inference for Socio-Technical Systems",cross,0,Probability and Statistics,0.0743,0
18.05_spring_2022,HST.953_fall_2020,Introduction to Probability and Statistics,Collaborative Data Science for Healthcare,train,0,,0.0,0
18.05_spring_2022,MAS.622J_fall_2006,Introduction to Probability and Statistics,Pattern Recognition and Analysis,train,0,Probability and Statistics,0.0724,0
18.05_spring_2022,RES.6-012_spring_2018,Introduction to Probability and Statistics,Introduction to Probability,train,0,Probability and Statistics,0.1654,0
18.05_spring_2022,RES.6-013_fall_2021,Introduction to Probability and Statistics,AI 101,train,0,,0.0,0
18.05_spring_2022,RES.8-010_summer_2018,Introduction to Probability and Statistics,Introduction to Statistical Physics,cross,0,Probability and Statistics,0.0741,0
18.065_spring_2018,18.06_spring_2010,"Matrix Methods in Data Analysis, Signal Processing, and Machine Learning",Linear Algebra,train,0,Linear Algebra,0.1958,0
18.065_spring_2018,18.06SC_fall_2011,"Matrix Methods in Data Analysis, Signal Processing, and Machine Learning",Linear Algebra,train,0,Linear Algebra,0.1958,0
18.065_spring_2018,18.085_summer_2020,"Matrix Methods in Data Analysis, Signal Processing, and Machine Learning",Computational Science and Engineering I,train,0,Applied Mathematics; Linear Algebra,0.1814,0
18.065_spring_2018,18.175_spring_2014,"Matrix Methods in Data Analysis, Signal Processing, and Machine Learning",Theory of Probability,train,0,,0.0,0
18.065_spring_2018,18.440_spring_2014,"Matrix Methods in Data Analysis, Signal Processing, and Machine Learning",Probability and Random Variables,cross,0,,0.0,0
18.065_spring_2018,18.465_spring_2007,"Matrix Methods in Data Analysis, Signal Processing, and Machine Learning",Topics in Statistics: Statistical Learning Theory,cross,0,,0.0,0
18.065_spring_2018,18.600_fall_2019,"Matrix Methods in Data Analysis, Signal Processing, and Machine Learning",Probability and Random Variables,train,0,,0.0,0
18.065_spring_2018,18.642_fall_2024,"Matrix Methods in Data Analysis, Signal Processing, and Machine Learning",Topics in Mathematics with Applications in Finance,cross,0,Applied Mathematics,0.0967,0
18.065_spring_2018,18.650__formerly_18.443__fall_2006,"Matrix Methods in Data Analysis, Signal Processing, and Machine Learning",Statistics for Applications,cross,0,Applied Mathematics,0.1047,0
18.065_spring_2018,18.650__formerly_18.443__spring_2015,"Matrix Methods in Data Analysis, Signal Processing, and Machine Learning",Statistics for Applications,cross,0,Applied Mathematics,0.1047,0
18.065_spring_2018,18.655_spring_2016,"Matrix Methods in Data Analysis, Signal Processing, and Machine Learning",Mathematical Statistics,cross,0,,0.0,0
18.065_spring_2018,18.657_fall_2015,"Matrix Methods in Data Analysis, Signal Processing, and Machine Learning",Mathematics of Machine Learning,train,0,Applied Mathematics,0.0746,0
18.065_spring_2018,18.700_fall_2013,"Matrix Methods in Data Analysis, Signal Processing, and Machine Learning",Linear Algebra,train,0,Linear Algebra,0.1958,0
18.065_spring_2018,18.S096_fall_2015,"Matrix Methods in Data Analysis, Signal Processing, and Machine Learning",Topics in Mathematics of Data Science,train,0,Applied Mathematics,0.1011,0
18.065_spring_2018,18.S096_january-iap_2023,"Matrix Methods in Data Analysis, Signal Processing, and Machine Learning",Matrix Calculus for Machine Learning and Beyond,train,0,Applied Mathematics; Linear Algebra,0.2361,0
18.065_spring_2018,18.S190_spring_2020,"Matrix Methods in Data Analysis, Signal Processing, and Machine Learning","Introduction to Computational Thinking with Julia, with Applications to Modeling the COVID-19 Pandemic",cross,0,Applied Mathematics; Computation,0.1943,0
18.065_spring_2018,2.087_fall_2014,"Matrix Methods in Data Analysis, Signal Processing, and Machine Learning",Engineering Math: Differential Equations and Linear Algebra,train,0,Applied Mathematics; Linear Algebra,0.2055,0
18.065_spring_2018,2.161_fall_2008,"Matrix Methods in Data Analysis, Signal Processing, and Machine Learning",Signal Processing: Continuous and Discrete,train,0,Computation; Electrical Engineering; Signal Processing,0.3305,1
18.065_spring_2018,21M.383_spring_2023,"Matrix Methods in Data Analysis, Signal Processing, and Machine Learning",Computational Music Theory and Analysis,train,0,Computation,0.0918,0
18.065_spring_2018,6.0002_fall_2016,"Matrix Methods in Data Analysis, Signal Processing, and Machine Learning",Introduction to Computational Thinking and Data Science,train,0,,0.0,0
18.065_spring_2018,6.006_fall_2011,"Matrix Methods in Data Analysis, Signal Processing, and Machine Learning",Introduction to Algorithms,cross,0,,0.0,0
18.065_spring_2018,6.006_spring_2020,"Matrix Methods in Data Analysis, Signal Processing, and Machine Learning",Introduction to Algorithms,cross,0,Computation,0.1561,0
18.065_spring_2018,6.036_fall_2020,"Matrix Methods in Data Analysis, Signal Processing, and Machine Learning",Introduction to Machine Learning,train,0,,0.0,0
18.065_spring_2018,6.041_fall_2010,"Matrix Methods in Data Analysis, Signal Processing, and Machine Learning",Probabilistic Systems Analysis and Applied Probability,train,0,,0.0,0
18.065_spring_2018,6.041_spring_2006,"Matrix Methods in Data Analysis, Signal Processing, and Machine Learning",Probabilistic Systems Analysis and Applied  Probability,train,0,,0.0,0
18.065_spring_2018,6.041SC_fall_2013,"Matrix Methods in Data Analysis, Signal Processing, and Machine Learning",Probabilistic Systems Analysis and Applied Probability,train,0,,0.0,0
18.065_spring_2018,6.046J_spring_2012,"Matrix Methods in Data Analysis, Signal Processing, and Machine Learning",Design and Analysis of Algorithms,train,0,,0.0,0
18.065_spring_2018,6.046J_spring_2015,"Matrix Methods in Data Analysis, Signal Processing, and Machine Learning",Design and Analysis of Algorithms,train,0,Applied Mathematics,0.0704,0
18.065_spring_2018,6.079_fall_2009,"Matrix Methods in Data Analysis, Signal Processing, and Machine Learning",Introduction to Convex Optimization,cross,0,Applied Mathematics; Electrical Engineering,0.2366,0
18.065_spring_2018,6.253_spring_2012,"Matrix Methods in Data Analysis, Signal Processing, and Machine Learning",Convex Analysis and Optimization,train,0,,0.0,0
18.065_spring_2018,6.341_fall_2005,"Matrix Methods in Data Analysis, Signal Processing, and Machine Learning",Discrete-Time Signal Processing,train,0,Electrical Engineering; Signal Processing,0.2924,0
18.065_spring_2018,6.4210_fall_2022,"Matrix Methods in Data Analysis, Signal Processing, and Machine Learning",Robotic Manipulation,train,0,Electrical Engineering,0.1351,0
18.065_spring_2018,6.436J_fall_2018,"Matrix Methods in Data Analysis, Signal Processing, and Machine Learning",Fundamentals of Probability,cross,0,,0.0,0
18.065_spring_2018,6.438_fall_2014,"Matrix Methods in Data Analysis, Signal Processing, and Machine Learning",Algorithms for Inference,cross,0,,0.0,0
18.065_spring_2018,6.7220J_spring_2025,"Matrix Methods in Data Analysis, Signal Processing, and Machine Learning",Nonlinear Optimization,train,0,Applied Mathematics,0.0768,0
18.065_spring_2018,6.7960_fall_2024,"Matrix Methods in Data Analysis, Signal Processing, and Machine Learning",Deep Learning,train,0,,0.0,0
18.065_spring_2018,6.801_fall_2004,"Matrix Methods in Data Analysis, Signal Processing, and Machine Learning",Machine Vision,train,0,Electrical Engineering; Signal Processing,0.2369,0
18.065_spring_2018,6.801_fall_2020,"Matrix Methods in Data Analysis, Signal Processing, and Machine Learning",Machine Vision,train,0,,0.0,0
18.065_spring_2018,6.8300_spring_2025,"Matrix Methods in Data Analysis, Signal Processing, and Machine Learning",Advances in Computer Vision,cross,0,,0.0,0
18.065_spring_2018,6.832_spring_2009,"Matrix Methods in Data Analysis, Signal Processing, and Machine Learning",Underactuated Robotics,train,0,Electrical Engineering,0.1351,0
18.065_spring_2018,6.852J_fall_2009,"Matrix Methods in Data Analysis, Signal Processing, and Machine Learning",Distributed Algorithms,train,0,,0.0,0
18.065_spring_2018,6.864_fall_2005,"Matrix Methods in Data Analysis, Signal Processing, and Machine Learning",Advanced Natural Language Processing,cross,0,,0.0,0
18.065_spring_2018,6.867_fall_2006,"Matrix Methods in Data Analysis, Signal Processing, and Machine Learning",Machine Learning,train,0,,0.0,0
18.065_spring_2018,6.S087_january-iap_2024,"Matrix Methods in Data Analysis, Signal Processing, and Machine Learning",Foundation Models and Generative AI,train,0,,0.0,0
18.065_spring_2018,6.S191_january-iap_2026,"Matrix Methods in Data Analysis, Signal Processing, and Machine Learning",Introduction to Deep Learning,train,0,,0.0,0
18.065_spring_2018,6.S897_spring_2019,"Matrix Methods in Data Analysis, Signal Processing, and Machine Learning",Machine Learning for Healthcare,train,0,,0.0,0
18.065_spring_2018,6.S980_fall_2022,"Matrix Methods in Data Analysis, Signal Processing, and Machine Learning",Machine Learning for Inverse Graphics,cross,0,,0.0,0
18.065_spring_2018,8.044_spring_2013,"Matrix Methods in Data Analysis, Signal Processing, and Machine Learning",Statistical Physics I,cross,0,,0.0,0
18.065_spring_2018,8.333_fall_2013,"Matrix Methods in Data Analysis, Signal Processing, and Machine Learning",Statistical Mechanics I:  Statistical Mechanics of Particles,train,0,,0.0,0
18.065_spring_2018,8.334_spring_2014,"Matrix Methods in Data Analysis, Signal Processing, and Machine Learning",Statistical Mechanics II: Statistical Physics of Fields,train,0,,0.0,0
18.065_spring_2018,9.520_spring_2003,"Matrix Methods in Data Analysis, Signal Processing, and Machine Learning",Statistical Learning Theory and Applications,train,0,,0.0,0
18.065_spring_2018,9.520_spring_2006,"Matrix Methods in Data Analysis, Signal Processing, and Machine Learning",Statistical Learning Theory and Applications,train,0,,0.0,0
18.065_spring_2018,ES.1803_spring_2024,"Matrix Methods in Data Analysis, Signal Processing, and Machine Learning",Differential Equations,train,0,Linear Algebra,0.1547,0
18.065_spring_2018,ESD.86_spring_2007,"Matrix Methods in Data Analysis, Signal Processing, and Machine Learning","Models, Data and Inference for Socio-Technical Systems",cross,0,,0.0,0
18.065_spring_2018,HST.953_fall_2020,"Matrix Methods in Data Analysis, Signal Processing, and Machine Learning",Collaborative Data Science for Healthcare,train,0,,0.0,0
18.065_spring_2018,MAS.622J_fall_2006,"Matrix Methods in Data Analysis, Signal Processing, and Machine Learning",Pattern Recognition and Analysis,train,0,Electrical Engineering; Signal Processing,0.3408,1
18.065_spring_2018,RES.6-012_spring_2018,"Matrix Methods in Data Analysis, Signal Processing, and Machine Learning",Introduction to Probability,train,0,,0.0,0
18.065_spring_2018,RES.6-013_fall_2021,"Matrix Methods in Data Analysis, Signal Processing, and Machine Learning",AI 101,train,0,,0.0,0
18.065_spring_2018,RES.8-010_summer_2018,"Matrix Methods in Data Analysis, Signal Processing, and Machine Learning",Introduction to Statistical Physics,cross,0,,0.0,0
18.06_spring_2010,18.06SC_fall_2011,Linear Algebra,Linear Algebra,train,0,Linear Algebra,1.0,1
18.06_spring_2010,18.085_summer_2020,Linear Algebra,Computational Science and Engineering I,train,0,Linear Algebra,0.1733,0
18.06_spring_2010,18.175_spring_2014,Linear Algebra,Theory of Probability,train,0,,0.0,0
18.06_spring_2010,18.440_spring_2014,Linear Algebra,Probability and Random Variables,cross,0,,0.0,0
18.06_spring_2010,18.465_spring_2007,Linear Algebra,Topics in Statistics: Statistical Learning Theory,cross,0,,0.0,0
18.06_spring_2010,18.600_fall_2019,Linear Algebra,Probability and Random Variables,train,0,,0.0,0
18.06_spring_2010,18.642_fall_2024,Linear Algebra,Topics in Mathematics with Applications in Finance,cross,0,,0.0,0
18.06_spring_2010,18.650__formerly_18.443__fall_2006,Linear Algebra,Statistics for Applications,cross,0,,0.0,0
18.06_spring_2010,18.650__formerly_18.443__spring_2015,Linear Algebra,Statistics for Applications,cross,0,,0.0,0
18.06_spring_2010,18.655_spring_2016,Linear Algebra,Mathematical Statistics,cross,0,,0.0,0
18.06_spring_2010,18.657_fall_2015,Linear Algebra,Mathematics of Machine Learning,train,0,,0.0,0
18.06_spring_2010,18.700_fall_2013,Linear Algebra,Linear Algebra,train,0,Linear Algebra,1.0,1
18.06_spring_2010,18.S096_fall_2015,Linear Algebra,Topics in Mathematics of Data Science,train,0,,0.0,0
18.06_spring_2010,18.S096_january-iap_2023,Linear Algebra,Matrix Calculus for Machine Learning and Beyond,train,0,Linear Algebra,0.2748,0
18.06_spring_2010,18.S190_spring_2020,Linear Algebra,"Introduction to Computational Thinking with Julia, with Applications to Modeling the COVID-19 Pandemic",cross,0,,0.0,0
18.06_spring_2010,2.087_fall_2014,Linear Algebra,Engineering Math: Differential Equations and Linear Algebra,train,0,Linear Algebra,0.2132,0
18.06_spring_2010,2.161_fall_2008,Linear Algebra,Signal Processing: Continuous and Discrete,train,0,,0.0,0
18.06_spring_2010,21M.383_spring_2023,Linear Algebra,Computational Music Theory and Analysis,train,0,,0.0,0
18.06_spring_2010,6.0002_fall_2016,Linear Algebra,Introduction to Computational Thinking and Data Science,train,0,,0.0,0
18.06_spring_2010,6.006_fall_2011,Linear Algebra,Introduction to Algorithms,cross,0,,0.0,0
18.06_spring_2010,6.006_spring_2020,Linear Algebra,Introduction to Algorithms,cross,0,,0.0,0
18.06_spring_2010,6.036_fall_2020,Linear Algebra,Introduction to Machine Learning,train,0,,0.0,0
18.06_spring_2010,6.041_fall_2010,Linear Algebra,Probabilistic Systems Analysis and Applied Probability,train,0,,0.0,0
18.06_spring_2010,6.041_spring_2006,Linear Algebra,Probabilistic Systems Analysis and Applied  Probability,train,0,,0.0,0
18.06_spring_2010,6.041SC_fall_2013,Linear Algebra,Probabilistic Systems Analysis and Applied Probability,train,0,,0.0,0
18.06_spring_2010,6.046J_spring_2012,Linear Algebra,Design and Analysis of Algorithms,train,0,,0.0,0
18.06_spring_2010,6.046J_spring_2015,Linear Algebra,Design and Analysis of Algorithms,train,0,,0.0,0
18.06_spring_2010,6.079_fall_2009,Linear Algebra,Introduction to Convex Optimization,cross,0,,0.0,0
18.06_spring_2010,6.253_spring_2012,Linear Algebra,Convex Analysis and Optimization,train,0,,0.0,0
18.06_spring_2010,6.341_fall_2005,Linear Algebra,Discrete-Time Signal Processing,train,0,,0.0,0
18.06_spring_2010,6.4210_fall_2022,Linear Algebra,Robotic Manipulation,train,0,,0.0,0
18.06_spring_2010,6.436J_fall_2018,Linear Algebra,Fundamentals of Probability,cross,0,,0.0,0
18.06_spring_2010,6.438_fall_2014,Linear Algebra,Algorithms for Inference,cross,0,,0.0,0
18.06_spring_2010,6.7220J_spring_2025,Linear Algebra,Nonlinear Optimization,train,0,,0.0,0
18.06_spring_2010,6.7960_fall_2024,Linear Algebra,Deep Learning,train,0,,0.0,0
18.06_spring_2010,6.801_fall_2004,Linear Algebra,Machine Vision,train,0,,0.0,0
18.06_spring_2010,6.801_fall_2020,Linear Algebra,Machine Vision,train,0,,0.0,0
18.06_spring_2010,6.8300_spring_2025,Linear Algebra,Advances in Computer Vision,cross,0,,0.0,0
18.06_spring_2010,6.832_spring_2009,Linear Algebra,Underactuated Robotics,train,0,,0.0,0
18.06_spring_2010,6.852J_fall_2009,Linear Algebra,Distributed Algorithms,train,0,,0.0,0
18.06_spring_2010,6.864_fall_2005,Linear Algebra,Advanced Natural Language Processing,cross,0,,0.0,0
18.06_spring_2010,6.867_fall_2006,Linear Algebra,Machine Learning,train,0,,0.0,0
18.06_spring_2010,6.S087_january-iap_2024,Linear Algebra,Foundation Models and Generative AI,train,0,,0.0,0
18.06_spring_2010,6.S191_january-iap_2026,Linear Algebra,Introduction to Deep Learning,train,0,,0.0,0
18.06_spring_2010,6.S897_spring_2019,Linear Algebra,Machine Learning for Healthcare,train,0,,0.0,0
18.06_spring_2010,6.S980_fall_2022,Linear Algebra,Machine Learning for Inverse Graphics,cross,0,,0.0,0
18.06_spring_2010,8.044_spring_2013,Linear Algebra,Statistical Physics I,cross,0,,0.0,0
18.06_spring_2010,8.333_fall_2013,Linear Algebra,Statistical Mechanics I:  Statistical Mechanics of Particles,train,0,,0.0,0
18.06_spring_2010,8.334_spring_2014,Linear Algebra,Statistical Mechanics II: Statistical Physics of Fields,train,0,,0.0,0
18.06_spring_2010,9.520_spring_2003,Linear Algebra,Statistical Learning Theory and Applications,train,0,,0.0,0
18.06_spring_2010,9.520_spring_2006,Linear Algebra,Statistical Learning Theory and Applications,train,0,,0.0,0
18.06_spring_2010,ES.1803_spring_2024,Linear Algebra,Differential Equations,train,0,Linear Algebra,0.4242,1
18.06_spring_2010,ESD.86_spring_2007,Linear Algebra,"Models, Data and Inference for Socio-Technical Systems",cross,0,,0.0,0
18.06_spring_2010,HST.953_fall_2020,Linear Algebra,Collaborative Data Science for Healthcare,train,0,,0.0,0
18.06_spring_2010,MAS.622J_fall_2006,Linear Algebra,Pattern Recognition and Analysis,train,0,,0.0,0
18.06_spring_2010,RES.6-012_spring_2018,Linear Algebra,Introduction to Probability,train,0,,0.0,0
18.06_spring_2010,RES.6-013_fall_2021,Linear Algebra,AI 101,train,0,,0.0,0
18.06_spring_2010,RES.8-010_summer_2018,Linear Algebra,Introduction to Statistical Physics,cross,0,,0.0,0
18.06SC_fall_2011,18.085_summer_2020,Linear Algebra,Computational Science and Engineering I,train,0,Linear Algebra,0.1733,0
18.06SC_fall_2011,18.175_spring_2014,Linear Algebra,Theory of Probability,train,0,,0.0,0
18.06SC_fall_2011,18.440_spring_2014,Linear Algebra,Probability and Random Variables,cross,0,,0.0,0
18.06SC_fall_2011,18.465_spring_2007,Linear Algebra,Topics in Statistics: Statistical Learning Theory,cross,0,,0.0,0
18.06SC_fall_2011,18.600_fall_2019,Linear Algebra,Probability and Random Variables,train,0,,0.0,0
18.06SC_fall_2011,18.642_fall_2024,Linear Algebra,Topics in Mathematics with Applications in Finance,cross,0,,0.0,0
18.06SC_fall_2011,18.650__formerly_18.443__fall_2006,Linear Algebra,Statistics for Applications,cross,0,,0.0,0
18.06SC_fall_2011,18.650__formerly_18.443__spring_2015,Linear Algebra,Statistics for Applications,cross,0,,0.0,0
18.06SC_fall_2011,18.655_spring_2016,Linear Algebra,Mathematical Statistics,cross,0,,0.0,0
18.06SC_fall_2011,18.657_fall_2015,Linear Algebra,Mathematics of Machine Learning,train,0,,0.0,0
18.06SC_fall_2011,18.700_fall_2013,Linear Algebra,Linear Algebra,train,0,Linear Algebra,1.0,1
18.06SC_fall_2011,18.S096_fall_2015,Linear Algebra,Topics in Mathematics of Data Science,train,0,,0.0,0
18.06SC_fall_2011,18.S096_january-iap_2023,Linear Algebra,Matrix Calculus for Machine Learning and Beyond,train,0,Linear Algebra,0.2748,0
18.06SC_fall_2011,18.S190_spring_2020,Linear Algebra,"Introduction to Computational Thinking with Julia, with Applications to Modeling the COVID-19 Pandemic",cross,0,,0.0,0
18.06SC_fall_2011,2.087_fall_2014,Linear Algebra,Engineering Math: Differential Equations and Linear Algebra,train,0,Linear Algebra,0.2132,0
18.06SC_fall_2011,2.161_fall_2008,Linear Algebra,Signal Processing: Continuous and Discrete,train,0,,0.0,0
18.06SC_fall_2011,21M.383_spring_2023,Linear Algebra,Computational Music Theory and Analysis,train,0,,0.0,0
18.06SC_fall_2011,6.0002_fall_2016,Linear Algebra,Introduction to Computational Thinking and Data Science,train,0,,0.0,0
18.06SC_fall_2011,6.006_fall_2011,Linear Algebra,Introduction to Algorithms,cross,0,,0.0,0
18.06SC_fall_2011,6.006_spring_2020,Linear Algebra,Introduction to Algorithms,cross,0,,0.0,0
18.06SC_fall_2011,6.036_fall_2020,Linear Algebra,Introduction to Machine Learning,train,0,,0.0,0
18.06SC_fall_2011,6.041_fall_2010,Linear Algebra,Probabilistic Systems Analysis and Applied Probability,train,0,,0.0,0
18.06SC_fall_2011,6.041_spring_2006,Linear Algebra,Probabilistic Systems Analysis and Applied  Probability,train,0,,0.0,0
18.06SC_fall_2011,6.041SC_fall_2013,Linear Algebra,Probabilistic Systems Analysis and Applied Probability,train,0,,0.0,0
18.06SC_fall_2011,6.046J_spring_2012,Linear Algebra,Design and Analysis of Algorithms,train,0,,0.0,0
18.06SC_fall_2011,6.046J_spring_2015,Linear Algebra,Design and Analysis of Algorithms,train,0,,0.0,0
18.06SC_fall_2011,6.079_fall_2009,Linear Algebra,Introduction to Convex Optimization,cross,0,,0.0,0
18.06SC_fall_2011,6.253_spring_2012,Linear Algebra,Convex Analysis and Optimization,train,0,,0.0,0
18.06SC_fall_2011,6.341_fall_2005,Linear Algebra,Discrete-Time Signal Processing,train,0,,0.0,0
18.06SC_fall_2011,6.4210_fall_2022,Linear Algebra,Robotic Manipulation,train,0,,0.0,0
18.06SC_fall_2011,6.436J_fall_2018,Linear Algebra,Fundamentals of Probability,cross,0,,0.0,0
18.06SC_fall_2011,6.438_fall_2014,Linear Algebra,Algorithms for Inference,cross,0,,0.0,0
18.06SC_fall_2011,6.7220J_spring_2025,Linear Algebra,Nonlinear Optimization,train,0,,0.0,0
18.06SC_fall_2011,6.7960_fall_2024,Linear Algebra,Deep Learning,train,0,,0.0,0
18.06SC_fall_2011,6.801_fall_2004,Linear Algebra,Machine Vision,train,0,,0.0,0
18.06SC_fall_2011,6.801_fall_2020,Linear Algebra,Machine Vision,train,0,,0.0,0
18.06SC_fall_2011,6.8300_spring_2025,Linear Algebra,Advances in Computer Vision,cross,0,,0.0,0
18.06SC_fall_2011,6.832_spring_2009,Linear Algebra,Underactuated Robotics,train,0,,0.0,0
18.06SC_fall_2011,6.852J_fall_2009,Linear Algebra,Distributed Algorithms,train,0,,0.0,0
18.06SC_fall_2011,6.864_fall_2005,Linear Algebra,Advanced Natural Language Processing,cross,0,,0.0,0
18.06SC_fall_2011,6.867_fall_2006,Linear Algebra,Machine Learning,train,0,,0.0,0
18.06SC_fall_2011,6.S087_january-iap_2024,Linear Algebra,Foundation Models and Generative AI,train,0,,0.0,0
18.06SC_fall_2011,6.S191_january-iap_2026,Linear Algebra,Introduction to Deep Learning,train,0,,0.0,0
18.06SC_fall_2011,6.S897_spring_2019,Linear Algebra,Machine Learning for Healthcare,train,0,,0.0,0
18.06SC_fall_2011,6.S980_fall_2022,Linear Algebra,Machine Learning for Inverse Graphics,cross,0,,0.0,0
18.06SC_fall_2011,8.044_spring_2013,Linear Algebra,Statistical Physics I,cross,0,,0.0,0
18.06SC_fall_2011,8.333_fall_2013,Linear Algebra,Statistical Mechanics I:  Statistical Mechanics of Particles,train,0,,0.0,0
18.06SC_fall_2011,8.334_spring_2014,Linear Algebra,Statistical Mechanics II: Statistical Physics of Fields,train,0,,0.0,0
18.06SC_fall_2011,9.520_spring_2003,Linear Algebra,Statistical Learning Theory and Applications,train,0,,0.0,0
18.06SC_fall_2011,9.520_spring_2006,Linear Algebra,Statistical Learning Theory and Applications,train,0,,0.0,0
18.06SC_fall_2011,ES.1803_spring_2024,Linear Algebra,Differential Equations,train,0,Linear Algebra,0.4242,1
18.06SC_fall_2011,ESD.86_spring_2007,Linear Algebra,"Models, Data and Inference for Socio-Technical Systems",cross,0,,0.0,0
18.06SC_fall_2011,HST.953_fall_2020,Linear Algebra,Collaborative Data Science for Healthcare,train,0,,0.0,0
18.06SC_fall_2011,MAS.622J_fall_2006,Linear Algebra,Pattern Recognition and Analysis,train,0,,0.0,0
18.06SC_fall_2011,RES.6-012_spring_2018,Linear Algebra,Introduction to Probability,train,0,,0.0,0
18.06SC_fall_2011,RES.6-013_fall_2021,Linear Algebra,AI 101,train,0,,0.0,0
18.06SC_fall_2011,RES.8-010_summer_2018,Linear Algebra,Introduction to Statistical Physics,cross,0,,0.0,0
18.085_summer_2020,18.175_spring_2014,Computational Science and Engineering I,Theory of Probability,train,0,,0.0,0
18.085_summer_2020,18.440_spring_2014,Computational Science and Engineering I,Probability and Random Variables,cross,0,,0.0,0
18.085_summer_2020,18.465_spring_2007,Computational Science and Engineering I,Topics in Statistics: Statistical Learning Theory,cross,0,,0.0,0
18.085_summer_2020,18.600_fall_2019,Computational Science and Engineering I,Probability and Random Variables,train,0,,0.0,0
18.085_summer_2020,18.642_fall_2024,Computational Science and Engineering I,Topics in Mathematics with Applications in Finance,cross,0,Applied Mathematics,0.0883,0
18.085_summer_2020,18.650__formerly_18.443__fall_2006,Computational Science and Engineering I,Statistics for Applications,cross,0,Applied Mathematics,0.0949,0
18.085_summer_2020,18.650__formerly_18.443__spring_2015,Computational Science and Engineering I,Statistics for Applications,cross,0,Applied Mathematics,0.0949,0
18.085_summer_2020,18.655_spring_2016,Computational Science and Engineering I,Mathematical Statistics,cross,0,,0.0,0
18.085_summer_2020,18.657_fall_2015,Computational Science and Engineering I,Mathematics of Machine Learning,train,0,Applied Mathematics,0.0695,0
18.085_summer_2020,18.700_fall_2013,Computational Science and Engineering I,Linear Algebra,train,0,Linear Algebra,0.1733,0
18.085_summer_2020,18.S096_fall_2015,Computational Science and Engineering I,Topics in Mathematics of Data Science,train,0,Applied Mathematics,0.0919,0
18.085_summer_2020,18.S096_january-iap_2023,Computational Science and Engineering I,Matrix Calculus for Machine Learning and Beyond,train,0,Applied Mathematics; Linear Algebra,0.2158,0
18.085_summer_2020,18.S190_spring_2020,Computational Science and Engineering I,"Introduction to Computational Thinking with Julia, with Applications to Modeling the COVID-19 Pandemic",cross,0,Applied Mathematics,0.059,0
18.085_summer_2020,2.087_fall_2014,Computational Science and Engineering I,Engineering Math: Differential Equations and Linear Algebra,train,0,Applied Mathematics; Differential Equations; Linear Algebra,0.4073,1
18.085_summer_2020,2.161_fall_2008,Computational Science and Engineering I,Signal Processing: Continuous and Discrete,train,0,,0.0,0
18.085_summer_2020,21M.383_spring_2023,Computational Science and Engineering I,Computational Music Theory and Analysis,train,0,,0.0,0
18.085_summer_2020,6.0002_fall_2016,Computational Science and Engineering I,Introduction to Computational Thinking and Data Science,train,0,,0.0,0
18.085_summer_2020,6.006_fall_2011,Computational Science and Engineering I,Introduction to Algorithms,cross,0,,0.0,0
18.085_summer_2020,6.006_spring_2020,Computational Science and Engineering I,Introduction to Algorithms,cross,0,,0.0,0
18.085_summer_2020,6.036_fall_2020,Computational Science and Engineering I,Introduction to Machine Learning,train,0,,0.0,0
18.085_summer_2020,6.041_fall_2010,Computational Science and Engineering I,Probabilistic Systems Analysis and Applied Probability,train,0,Systems Engineering,0.1096,0
18.085_summer_2020,6.041_spring_2006,Computational Science and Engineering I,Probabilistic Systems Analysis and Applied  Probability,train,0,,0.0,0
18.085_summer_2020,6.041SC_fall_2013,Computational Science and Engineering I,Probabilistic Systems Analysis and Applied Probability,train,0,Systems Engineering,0.1096,0
18.085_summer_2020,6.046J_spring_2012,Computational Science and Engineering I,Design and Analysis of Algorithms,train,0,,0.0,0
18.085_summer_2020,6.046J_spring_2015,Computational Science and Engineering I,Design and Analysis of Algorithms,train,0,Applied Mathematics,0.0659,0
18.085_summer_2020,6.079_fall_2009,Computational Science and Engineering I,Introduction to Convex Optimization,cross,0,Applied Mathematics; Systems Engineering,0.1818,0
18.085_summer_2020,6.253_spring_2012,Computational Science and Engineering I,Convex Analysis and Optimization,train,0,,0.0,0
18.085_summer_2020,6.341_fall_2005,Computational Science and Engineering I,Discrete-Time Signal Processing,train,0,,0.0,0
18.085_summer_2020,6.4210_fall_2022,Computational Science and Engineering I,Robotic Manipulation,train,0,,0.0,0
18.085_summer_2020,6.436J_fall_2018,Computational Science and Engineering I,Fundamentals of Probability,cross,0,,0.0,0
18.085_summer_2020,6.438_fall_2014,Computational Science and Engineering I,Algorithms for Inference,cross,0,,0.0,0
18.085_summer_2020,6.7220J_spring_2025,Computational Science and Engineering I,Nonlinear Optimization,train,0,Applied Mathematics; Systems Engineering,0.1677,0
18.085_summer_2020,6.7960_fall_2024,Computational Science and Engineering I,Deep Learning,train,0,,0.0,0
18.085_summer_2020,6.801_fall_2004,Computational Science and Engineering I,Machine Vision,train,0,Systems Engineering,0.0663,0
18.085_summer_2020,6.801_fall_2020,Computational Science and Engineering I,Machine Vision,train,0,,0.0,0
18.085_summer_2020,6.8300_spring_2025,Computational Science and Engineering I,Advances in Computer Vision,cross,0,,0.0,0
18.085_summer_2020,6.832_spring_2009,Computational Science and Engineering I,Underactuated Robotics,train,0,,0.0,0
18.085_summer_2020,6.852J_fall_2009,Computational Science and Engineering I,Distributed Algorithms,train,0,,0.0,0
18.085_summer_2020,6.864_fall_2005,Computational Science and Engineering I,Advanced Natural Language Processing,cross,0,,0.0,0
18.085_summer_2020,6.867_fall_2006,Computational Science and Engineering I,Machine Learning,train,0,,0.0,0
18.085_summer_2020,6.S087_january-iap_2024,Computational Science and Engineering I,Foundation Models and Generative AI,train,0,,0.0,0
18.085_summer_2020,6.S191_january-iap_2026,Computational Science and Engineering I,Introduction to Deep Learning,train,0,,0.0,0
18.085_summer_2020,6.S897_spring_2019,Computational Science and Engineering I,Machine Learning for Healthcare,train,0,,0.0,0
18.085_summer_2020,6.S980_fall_2022,Computational Science and Engineering I,Machine Learning for Inverse Graphics,cross,0,,0.0,0
18.085_summer_2020,8.044_spring_2013,Computational Science and Engineering I,Statistical Physics I,cross,0,,0.0,0
18.085_summer_2020,8.333_fall_2013,Computational Science and Engineering I,Statistical Mechanics I:  Statistical Mechanics of Particles,train,0,,0.0,0
18.085_summer_2020,8.334_spring_2014,Computational Science and Engineering I,Statistical Mechanics II: Statistical Physics of Fields,train,0,,0.0,0
18.085_summer_2020,9.520_spring_2003,Computational Science and Engineering I,Statistical Learning Theory and Applications,train,0,,0.0,0
18.085_summer_2020,9.520_spring_2006,Computational Science and Engineering I,Statistical Learning Theory and Applications,train,0,,0.0,0
18.085_summer_2020,ES.1803_spring_2024,Computational Science and Engineering I,Differential Equations,train,0,Differential Equations; Linear Algebra,0.4085,1
18.085_summer_2020,ESD.86_spring_2007,Computational Science and Engineering I,"Models, Data and Inference for Socio-Technical Systems",cross,0,Systems Engineering,0.0895,0
18.085_summer_2020,HST.953_fall_2020,Computational Science and Engineering I,Collaborative Data Science for Healthcare,train,0,,0.0,0
18.085_summer_2020,MAS.622J_fall_2006,Computational Science and Engineering I,Pattern Recognition and Analysis,train,0,,0.0,0
18.085_summer_2020,RES.6-012_spring_2018,Computational Science and Engineering I,Introduction to Probability,train,0,Systems Engineering,0.1267,0
18.085_summer_2020,RES.6-013_fall_2021,Computational Science and Engineering I,AI 101,train,0,,0.0,0
18.085_summer_2020,RES.8-010_summer_2018,Computational Science and Engineering I,Introduction to Statistical Physics,cross,0,,0.0,0
18.175_spring_2014,18.440_spring_2014,Theory of Probability,Probability and Random Variables,cross,0,Probability and Statistics,0.1232,0
18.175_spring_2014,18.465_spring_2007,Theory of Probability,Topics in Statistics: Statistical Learning Theory,cross,0,Probability and Statistics,0.0726,0
18.175_spring_2014,18.600_fall_2019,Theory of Probability,Probability and Random Variables,train,0,Probability and Statistics,0.1232,0
18.175_spring_2014,18.642_fall_2024,Theory of Probability,Topics in Mathematics with Applications in Finance,cross,0,Probability and Statistics,0.086,0
18.175_spring_2014,18.650__formerly_18.443__fall_2006,Theory of Probability,Statistics for Applications,cross,0,Probability and Statistics,0.0992,0
18.175_spring_2014,18.650__formerly_18.443__spring_2015,Theory of Probability,Statistics for Applications,cross,0,Probability and Statistics,0.0992,0
18.175_spring_2014,18.655_spring_2016,Theory of Probability,Mathematical Statistics,cross,0,Probability and Statistics,0.0981,0
18.175_spring_2014,18.657_fall_2015,Theory of Probability,Mathematics of Machine Learning,train,0,Probability and Statistics,0.0567,0
18.175_spring_2014,18.700_fall_2013,Theory of Probability,Linear Algebra,train,0,,0.0,0
18.175_spring_2014,18.S096_fall_2015,Theory of Probability,Topics in Mathematics of Data Science,train,0,Probability and Statistics,0.093,0
18.175_spring_2014,18.S096_january-iap_2023,Theory of Probability,Matrix Calculus for Machine Learning and Beyond,train,0,,0.0,0
18.175_spring_2014,18.S190_spring_2020,Theory of Probability,"Introduction to Computational Thinking with Julia, with Applications to Modeling the COVID-19 Pandemic",cross,0,,0.0,0
18.175_spring_2014,2.087_fall_2014,Theory of Probability,Engineering Math: Differential Equations and Linear Algebra,train,0,,0.0,0
18.175_spring_2014,2.161_fall_2008,Theory of Probability,Signal Processing: Continuous and Discrete,train,0,,0.0,0
18.175_spring_2014,21M.383_spring_2023,Theory of Probability,Computational Music Theory and Analysis,train,0,Mathematical Analysis; Probability and Statistics,0.205,0
18.175_spring_2014,6.0002_fall_2016,Theory of Probability,Introduction to Computational Thinking and Data Science,train,0,Probability and Statistics,0.1602,0
18.175_spring_2014,6.006_fall_2011,Theory of Probability,Introduction to Algorithms,cross,0,,0.0,0
18.175_spring_2014,6.006_spring_2020,Theory of Probability,Introduction to Algorithms,cross,0,,0.0,0
18.175_spring_2014,6.036_fall_2020,Theory of Probability,Introduction to Machine Learning,train,0,,0.0,0
18.175_spring_2014,6.041_fall_2010,Theory of Probability,Probabilistic Systems Analysis and Applied Probability,train,0,Probability and Statistics,0.0963,0
18.175_spring_2014,6.041_spring_2006,Theory of Probability,Probabilistic Systems Analysis and Applied  Probability,train,0,Probability and Statistics,0.1232,0
18.175_spring_2014,6.041SC_fall_2013,Theory of Probability,Probabilistic Systems Analysis and Applied Probability,train,0,Probability and Statistics,0.0963,0
18.175_spring_2014,6.046J_spring_2012,Theory of Probability,Design and Analysis of Algorithms,train,0,,0.0,0
18.175_spring_2014,6.046J_spring_2015,Theory of Probability,Design and Analysis of Algorithms,train,0,,0.0,0
18.175_spring_2014,6.079_fall_2009,Theory of Probability,Introduction to Convex Optimization,cross,0,,0.0,0
18.175_spring_2014,6.253_spring_2012,Theory of Probability,Convex Analysis and Optimization,train,0,Mathematical Analysis,0.5097,1
18.175_spring_2014,6.341_fall_2005,Theory of Probability,Discrete-Time Signal Processing,train,0,,0.0,0
18.175_spring_2014,6.4210_fall_2022,Theory of Probability,Robotic Manipulation,train,0,,0.0,0
18.175_spring_2014,6.436J_fall_2018,Theory of Probability,Fundamentals of Probability,cross,0,Probability and Statistics,0.1875,0
18.175_spring_2014,6.438_fall_2014,Theory of Probability,Algorithms for Inference,cross,0,Probability and Statistics,0.0821,0
18.175_spring_2014,6.7220J_spring_2025,Theory of Probability,Nonlinear Optimization,train,0,,0.0,0
18.175_spring_2014,6.7960_fall_2024,Theory of Probability,Deep Learning,train,0,,0.0,0
18.175_spring_2014,6.801_fall_2004,Theory of Probability,Machine Vision,train,0,,0.0,0
18.175_spring_2014,6.801_fall_2020,Theory of Probability,Machine Vision,train,0,,0.0,0
18.175_spring_2014,6.8300_spring_2025,Theory of Probability,Advances in Computer Vision,cross,0,,0.0,0
18.175_spring_2014,6.832_spring_2009,Theory of Probability,Underactuated Robotics,train,0,,0.0,0
18.175_spring_2014,6.852J_fall_2009,Theory of Probability,Distributed Algorithms,train,0,,0.0,0
18.175_spring_2014,6.864_fall_2005,Theory of Probability,Advanced Natural Language Processing,cross,0,,0.0,0
18.175_spring_2014,6.867_fall_2006,Theory of Probability,Machine Learning,train,0,Probability and Statistics,0.0726,0
18.175_spring_2014,6.S087_january-iap_2024,Theory of Probability,Foundation Models and Generative AI,train,0,,0.0,0
18.175_spring_2014,6.S191_january-iap_2026,Theory of Probability,Introduction to Deep Learning,train,0,,0.0,0
18.175_spring_2014,6.S897_spring_2019,Theory of Probability,Machine Learning for Healthcare,train,0,,0.0,0
18.175_spring_2014,6.S980_fall_2022,Theory of Probability,Machine Learning for Inverse Graphics,cross,0,,0.0,0
18.175_spring_2014,8.044_spring_2013,Theory of Probability,Statistical Physics I,cross,0,Probability and Statistics,0.0734,0
18.175_spring_2014,8.333_fall_2013,Theory of Probability,Statistical Mechanics I:  Statistical Mechanics of Particles,train,0,Probability and Statistics,0.0398,0
18.175_spring_2014,8.334_spring_2014,Theory of Probability,Statistical Mechanics II: Statistical Physics of Fields,train,0,Probability and Statistics,0.0516,0
18.175_spring_2014,9.520_spring_2003,Theory of Probability,Statistical Learning Theory and Applications,train,0,Probability and Statistics,0.0726,0
18.175_spring_2014,9.520_spring_2006,Theory of Probability,Statistical Learning Theory and Applications,train,0,Probability and Statistics,0.0384,0
18.175_spring_2014,ES.1803_spring_2024,Theory of Probability,Differential Equations,train,0,,0.0,0
18.175_spring_2014,ESD.86_spring_2007,Theory of Probability,"Models, Data and Inference for Socio-Technical Systems",cross,0,Probability and Statistics,0.0666,0
18.175_spring_2014,HST.953_fall_2020,Theory of Probability,Collaborative Data Science for Healthcare,train,0,,0.0,0
18.175_spring_2014,MAS.622J_fall_2006,Theory of Probability,Pattern Recognition and Analysis,train,0,Probability and Statistics,0.0651,0
18.175_spring_2014,RES.6-012_spring_2018,Theory of Probability,Introduction to Probability,train,0,Probability and Statistics,0.1317,0
18.175_spring_2014,RES.6-013_fall_2021,Theory of Probability,AI 101,train,0,,0.0,0
18.175_spring_2014,RES.8-010_summer_2018,Theory of Probability,Introduction to Statistical Physics,cross,0,Probability and Statistics,0.0665,0
18.440_spring_2014,18.465_spring_2007,Probability and Random Variables,Topics in Statistics: Statistical Learning Theory,test,0,Probability and Statistics,0.0818,0
18.440_spring_2014,18.600_fall_2019,Probability and Random Variables,Probability and Random Variables,cross,0,Discrete Mathematics; Probability and Statistics,1.0,1
18.440_spring_2014,18.642_fall_2024,Probability and Random Variables,Topics in Mathematics with Applications in Finance,test,0,Probability and Statistics,0.0992,0
18.440_spring_2014,18.650__formerly_18.443__fall_2006,Probability and Random Variables,Statistics for Applications,test,0,Discrete Mathematics; Probability and Statistics,0.659,1
18.440_spring_2014,18.650__formerly_18.443__spring_2015,Probability and Random Variables,Statistics for Applications,test,0,Discrete Mathematics; Probability and Statistics,0.659,1
18.440_spring_2014,18.655_spring_2016,Probability and Random Variables,Mathematical Statistics,test,0,Probability and Statistics,0.1157,0
18.440_spring_2014,18.657_fall_2015,Probability and Random Variables,Mathematics of Machine Learning,cross,0,Discrete Mathematics; Probability and Statistics,0.2847,0
18.440_spring_2014,18.700_fall_2013,Probability and Random Variables,Linear Algebra,cross,0,,0.0,0
18.440_spring_2014,18.S096_fall_2015,Probability and Random Variables,Topics in Mathematics of Data Science,cross,0,Probability and Statistics,0.1087,0
18.440_spring_2014,18.S096_january-iap_2023,Probability and Random Variables,Matrix Calculus for Machine Learning and Beyond,cross,0,,0.0,0
18.440_spring_2014,18.S190_spring_2020,Probability and Random Variables,"Introduction to Computational Thinking with Julia, with Applications to Modeling the COVID-19 Pandemic",test,0,,0.0,0
18.440_spring_2014,2.087_fall_2014,Probability and Random Variables,Engineering Math: Differential Equations and Linear Algebra,cross,0,,0.0,0
18.440_spring_2014,2.161_fall_2008,Probability and Random Variables,Signal Processing: Continuous and Discrete,cross,0,,0.0,0
18.440_spring_2014,21M.383_spring_2023,Probability and Random Variables,Computational Music Theory and Analysis,cross,0,Probability and Statistics,0.0347,0
18.440_spring_2014,6.0002_fall_2016,Probability and Random Variables,Introduction to Computational Thinking and Data Science,cross,0,Probability and Statistics,0.2132,0
18.440_spring_2014,6.006_fall_2011,Probability and Random Variables,Introduction to Algorithms,test,0,,0.0,0
18.440_spring_2014,6.006_spring_2020,Probability and Random Variables,Introduction to Algorithms,test,0,,0.0,0
18.440_spring_2014,6.036_fall_2020,Probability and Random Variables,Introduction to Machine Learning,cross,0,,0.0,0
18.440_spring_2014,6.041_fall_2010,Probability and Random Variables,Probabilistic Systems Analysis and Applied Probability,cross,0,Discrete Mathematics; Probability and Statistics,0.6258,1
18.440_spring_2014,6.041_spring_2006,Probability and Random Variables,Probabilistic Systems Analysis and Applied  Probability,cross,0,Discrete Mathematics; Probability and Statistics,1.0,1
18.440_spring_2014,6.041SC_fall_2013,Probability and Random Variables,Probabilistic Systems Analysis and Applied Probability,cross,0,Discrete Mathematics; Probability and Statistics,0.6258,1
18.440_spring_2014,6.046J_spring_2012,Probability and Random Variables,Design and Analysis of Algorithms,cross,0,,0.0,0
18.440_spring_2014,6.046J_spring_2015,Probability and Random Variables,Design and Analysis of Algorithms,cross,0,,0.0,0
18.440_spring_2014,6.079_fall_2009,Probability and Random Variables,Introduction to Convex Optimization,test,0,,0.0,0
18.440_spring_2014,6.253_spring_2012,Probability and Random Variables,Convex Analysis and Optimization,cross,0,,0.0,0
18.440_spring_2014,6.341_fall_2005,Probability and Random Variables,Discrete-Time Signal Processing,cross,0,Discrete Mathematics,0.1827,0
18.440_spring_2014,6.4210_fall_2022,Probability and Random Variables,Robotic Manipulation,cross,0,,0.0,0
18.440_spring_2014,6.436J_fall_2018,Probability and Random Variables,Fundamentals of Probability,test,0,Probability and Statistics,0.2643,0
18.440_spring_2014,6.438_fall_2014,Probability and Random Variables,Algorithms for Inference,test,0,Probability and Statistics,0.0941,0
18.440_spring_2014,6.7220J_spring_2025,Probability and Random Variables,Nonlinear Optimization,cross,0,,0.0,0
18.440_spring_2014,6.7960_fall_2024,Probability and Random Variables,Deep Learning,cross,0,,0.0,0
18.440_spring_2014,6.801_fall_2004,Probability and Random Variables,Machine Vision,cross,0,,0.0,0
18.440_spring_2014,6.801_fall_2020,Probability and Random Variables,Machine Vision,cross,0,,0.0,0
18.440_spring_2014,6.8300_spring_2025,Probability and Random Variables,Advances in Computer Vision,test,0,,0.0,0
18.440_spring_2014,6.832_spring_2009,Probability and Random Variables,Underactuated Robotics,cross,0,,0.0,0
18.440_spring_2014,6.852J_fall_2009,Probability and Random Variables,Distributed Algorithms,cross,0,,0.0,0
18.440_spring_2014,6.864_fall_2005,Probability and Random Variables,Advanced Natural Language Processing,test,0,,0.0,0
18.440_spring_2014,6.867_fall_2006,Probability and Random Variables,Machine Learning,cross,0,Probability and Statistics,0.0818,0
18.440_spring_2014,6.S087_january-iap_2024,Probability and Random Variables,Foundation Models and Generative AI,cross,0,,0.0,0
18.440_spring_2014,6.S191_january-iap_2026,Probability and Random Variables,Introduction to Deep Learning,cross,0,,0.0,0
18.440_spring_2014,6.S897_spring_2019,Probability and Random Variables,Machine Learning for Healthcare,cross,0,,0.0,0
18.440_spring_2014,6.S980_fall_2022,Probability and Random Variables,Machine Learning for Inverse Graphics,test,0,,0.0,0
18.440_spring_2014,8.044_spring_2013,Probability and Random Variables,Statistical Physics I,test,0,Probability and Statistics,0.0828,0
18.440_spring_2014,8.333_fall_2013,Probability and Random Variables,Statistical Mechanics I:  Statistical Mechanics of Particles,cross,0,Probability and Statistics,0.0424,0
18.440_spring_2014,8.334_spring_2014,Probability and Random Variables,Statistical Mechanics II: Statistical Physics of Fields,cross,0,Probability and Statistics,0.0561,0
18.440_spring_2014,9.520_spring_2003,Probability and Random Variables,Statistical Learning Theory and Applications,cross,0,Probability and Statistics,0.0818,0
18.440_spring_2014,9.520_spring_2006,Probability and Random Variables,Statistical Learning Theory and Applications,cross,0,Probability and Statistics,0.0409,0
18.440_spring_2014,ES.1803_spring_2024,Probability and Random Variables,Differential Equations,cross,0,,0.0,0
18.440_spring_2014,ESD.86_spring_2007,Probability and Random Variables,"Models, Data and Inference for Socio-Technical Systems",test,0,Probability and Statistics,0.0743,0
18.440_spring_2014,HST.953_fall_2020,Probability and Random Variables,Collaborative Data Science for Healthcare,cross,0,,0.0,0
18.440_spring_2014,MAS.622J_fall_2006,Probability and Random Variables,Pattern Recognition and Analysis,cross,0,Probability and Statistics,0.0724,0
18.440_spring_2014,RES.6-012_spring_2018,Probability and Random Variables,Introduction to Probability,cross,0,Probability and Statistics,0.1654,0
18.440_spring_2014,RES.6-013_fall_2021,Probability and Random Variables,AI 101,cross,0,,0.0,0
18.440_spring_2014,RES.8-010_summer_2018,Probability and Random Variables,Introduction to Statistical Physics,test,0,Probability and Statistics,0.0741,0
18.465_spring_2007,18.600_fall_2019,Topics in Statistics: Statistical Learning Theory,Probability and Random Variables,cross,0,Probability and Statistics,0.0818,0
18.465_spring_2007,18.642_fall_2024,Topics in Statistics: Statistical Learning Theory,Topics in Mathematics with Applications in Finance,test,0,Probability and Statistics,0.0636,0
18.465_spring_2007,18.650__formerly_18.443__fall_2006,Topics in Statistics: Statistical Learning Theory,Statistics for Applications,test,0,Probability and Statistics,0.0705,0
18.465_spring_2007,18.650__formerly_18.443__spring_2015,Topics in Statistics: Statistical Learning Theory,Statistics for Applications,test,0,Probability and Statistics,0.0705,0
18.465_spring_2007,18.655_spring_2016,Topics in Statistics: Statistical Learning Theory,Mathematical Statistics,test,0,Probability and Statistics,0.07,0
18.465_spring_2007,18.657_fall_2015,Topics in Statistics: Statistical Learning Theory,Mathematics of Machine Learning,cross,0,Algorithms and Data Structures; Artificial Intelligence; Computer Science; Probability and Statistics,0.3585,1
18.465_spring_2007,18.700_fall_2013,Topics in Statistics: Statistical Learning Theory,Linear Algebra,cross,0,,0.0,0
18.465_spring_2007,18.S096_fall_2015,Topics in Statistics: Statistical Learning Theory,Topics in Mathematics of Data Science,cross,0,Computer Science; Probability and Statistics,0.1367,0
18.465_spring_2007,18.S096_january-iap_2023,Topics in Statistics: Statistical Learning Theory,Matrix Calculus for Machine Learning and Beyond,cross,0,,0.0,0
18.465_spring_2007,18.S190_spring_2020,Topics in Statistics: Statistical Learning Theory,"Introduction to Computational Thinking with Julia, with Applications to Modeling the COVID-19 Pandemic",test,0,Algorithms and Data Structures; Computer Science,0.1291,0
18.465_spring_2007,2.087_fall_2014,Topics in Statistics: Statistical Learning Theory,Engineering Math: Differential Equations and Linear Algebra,cross,0,,0.0,0
18.465_spring_2007,2.161_fall_2008,Topics in Statistics: Statistical Learning Theory,Signal Processing: Continuous and Discrete,cross,0,,0.0,0
18.465_spring_2007,21M.383_spring_2023,Topics in Statistics: Statistical Learning Theory,Computational Music Theory and Analysis,cross,0,Probability and Statistics,0.029,0
18.465_spring_2007,6.0002_fall_2016,Topics in Statistics: Statistical Learning Theory,Introduction to Computational Thinking and Data Science,cross,0,Computer Science; Probability and Statistics,0.202,0
18.465_spring_2007,6.006_fall_2011,Topics in Statistics: Statistical Learning Theory,Introduction to Algorithms,test,0,Algorithms and Data Structures; Computer Science,0.3357,1
18.465_spring_2007,6.006_spring_2020,Topics in Statistics: Statistical Learning Theory,Introduction to Algorithms,test,0,Algorithms and Data Structures; Computer Science,0.1881,0
18.465_spring_2007,6.036_fall_2020,Topics in Statistics: Statistical Learning Theory,Introduction to Machine Learning,cross,0,Algorithms and Data Structures; Artificial Intelligence; Computer Science,0.5295,1
18.465_spring_2007,6.041_fall_2010,Topics in Statistics: Statistical Learning Theory,Probabilistic Systems Analysis and Applied Probability,cross,0,Probability and Statistics,0.069,0
18.465_spring_2007,6.041_spring_2006,Topics in Statistics: Statistical Learning Theory,Probabilistic Systems Analysis and Applied  Probability,cross,0,Probability and Statistics,0.0818,0
18.465_spring_2007,6.041SC_fall_2013,Topics in Statistics: Statistical Learning Theory,Probabilistic Systems Analysis and Applied Probability,cross,0,Probability and Statistics,0.069,0
18.465_spring_2007,6.046J_spring_2012,Topics in Statistics: Statistical Learning Theory,Design and Analysis of Algorithms,cross,0,Algorithms and Data Structures; Computer Science,0.3357,1
18.465_spring_2007,6.046J_spring_2015,Topics in Statistics: Statistical Learning Theory,Design and Analysis of Algorithms,cross,0,Algorithms and Data Structures; Computer Science,0.1501,0
18.465_spring_2007,6.079_fall_2009,Topics in Statistics: Statistical Learning Theory,Introduction to Convex Optimization,test,0,,0.0,0
18.465_spring_2007,6.253_spring_2012,Topics in Statistics: Statistical Learning Theory,Convex Analysis and Optimization,cross,0,Algorithms and Data Structures; Computer Science,0.2301,0
18.465_spring_2007,6.341_fall_2005,Topics in Statistics: Statistical Learning Theory,Discrete-Time Signal Processing,cross,0,,0.0,0
18.465_spring_2007,6.4210_fall_2022,Topics in Statistics: Statistical Learning Theory,Robotic Manipulation,cross,0,Artificial Intelligence; Computer Science,0.1676,0
18.465_spring_2007,6.436J_fall_2018,Topics in Statistics: Statistical Learning Theory,Fundamentals of Probability,test,0,Probability and Statistics,0.1059,0
18.465_spring_2007,6.438_fall_2014,Topics in Statistics: Statistical Learning Theory,Algorithms for Inference,test,0,Algorithms and Data Structures; Computer Science; Probability and Statistics,0.3179,1
18.465_spring_2007,6.7220J_spring_2025,Topics in Statistics: Statistical Learning Theory,Nonlinear Optimization,cross,0,Computer Science,0.0431,0
18.465_spring_2007,6.7960_fall_2024,Topics in Statistics: Statistical Learning Theory,Deep Learning,cross,0,Artificial Intelligence; Computer Science,0.2086,0
18.465_spring_2007,6.801_fall_2004,Topics in Statistics: Statistical Learning Theory,Machine Vision,cross,0,Artificial Intelligence; Computer Science,0.1043,0
18.465_spring_2007,6.801_fall_2020,Topics in Statistics: Statistical Learning Theory,Machine Vision,cross,0,Artificial Intelligence; Computer Science,0.2086,0
18.465_spring_2007,6.8300_spring_2025,Topics in Statistics: Statistical Learning Theory,Advances in Computer Vision,test,0,Artificial Intelligence; Computer Science,0.2899,0
18.465_spring_2007,6.832_spring_2009,Topics in Statistics: Statistical Learning Theory,Underactuated Robotics,cross,0,Artificial Intelligence; Computer Science,0.1676,0
18.465_spring_2007,6.852J_fall_2009,Topics in Statistics: Statistical Learning Theory,Distributed Algorithms,cross,0,Algorithms and Data Structures; Computer Science,0.2365,0
18.465_spring_2007,6.864_fall_2005,Topics in Statistics: Statistical Learning Theory,Advanced Natural Language Processing,test,0,Artificial Intelligence; Cognitive Science; Computer Science,0.3226,1
18.465_spring_2007,6.867_fall_2006,Topics in Statistics: Statistical Learning Theory,Machine Learning,cross,0,Algorithms and Data Structures; Artificial Intelligence; Cognitive Science; Computer Science; Probability and Statistics,1.0,1
18.465_spring_2007,6.S087_january-iap_2024,Topics in Statistics: Statistical Learning Theory,Foundation Models and Generative AI,cross,0,Artificial Intelligence; Computer Science,0.2899,0
18.465_spring_2007,6.S191_january-iap_2026,Topics in Statistics: Statistical Learning Theory,Introduction to Deep Learning,cross,0,Artificial Intelligence; Computer Science,0.1523,0
18.465_spring_2007,6.S897_spring_2019,Topics in Statistics: Statistical Learning Theory,Machine Learning for Healthcare,cross,0,Artificial Intelligence; Computer Science,0.1061,0
18.465_spring_2007,6.S980_fall_2022,Topics in Statistics: Statistical Learning Theory,Machine Learning for Inverse Graphics,test,0,Artificial Intelligence; Computer Science,0.2086,0
18.465_spring_2007,8.044_spring_2013,Topics in Statistics: Statistical Learning Theory,Statistical Physics I,test,0,Probability and Statistics,0.0564,0
18.465_spring_2007,8.333_fall_2013,Topics in Statistics: Statistical Learning Theory,Statistical Mechanics I:  Statistical Mechanics of Particles,cross,0,Probability and Statistics,0.0342,0
18.465_spring_2007,8.334_spring_2014,Topics in Statistics: Statistical Learning Theory,Statistical Mechanics II: Statistical Physics of Fields,cross,0,Probability and Statistics,0.0426,0
18.465_spring_2007,9.520_spring_2003,Topics in Statistics: Statistical Learning Theory,Statistical Learning Theory and Applications,cross,0,Algorithms and Data Structures; Artificial Intelligence; Cognitive Science; Computer Science; Probability and Statistics,1.0,1
18.465_spring_2007,9.520_spring_2006,Topics in Statistics: Statistical Learning Theory,Statistical Learning Theory and Applications,cross,0,Cognitive Science; Probability and Statistics,0.1665,0
18.465_spring_2007,ES.1803_spring_2024,Topics in Statistics: Statistical Learning Theory,Differential Equations,cross,0,,0.0,0
18.465_spring_2007,ESD.86_spring_2007,Topics in Statistics: Statistical Learning Theory,"Models, Data and Inference for Socio-Technical Systems",test,0,Computer Science; Probability and Statistics,0.1047,0
18.465_spring_2007,HST.953_fall_2020,Topics in Statistics: Statistical Learning Theory,Collaborative Data Science for Healthcare,cross,0,Artificial Intelligence; Computer Science,0.1211,0
18.465_spring_2007,MAS.622J_fall_2006,Topics in Statistics: Statistical Learning Theory,Pattern Recognition and Analysis,cross,0,Cognitive Science; Probability and Statistics,0.277,0
18.465_spring_2007,RES.6-012_spring_2018,Topics in Statistics: Statistical Learning Theory,Introduction to Probability,cross,0,Probability and Statistics,0.0855,0
18.465_spring_2007,RES.6-013_fall_2021,Topics in Statistics: Statistical Learning Theory,AI 101,cross,0,Artificial Intelligence; Computer Science,0.2899,0
18.465_spring_2007,RES.8-010_summer_2018,Topics in Statistics: Statistical Learning Theory,Introduction to Statistical Physics,test,0,Probability and Statistics,0.0522,0
18.600_fall_2019,18.642_fall_2024,Probability and Random Variables,Topics in Mathematics with Applications in Finance,cross,0,Probability and Statistics,0.0992,0
18.600_fall_2019,18.650__formerly_18.443__fall_2006,Probability and Random Variables,Statistics for Applications,cross,0,Discrete Mathematics; Probability and Statistics,0.659,1
18.600_fall_2019,18.650__formerly_18.443__spring_2015,Probability and Random Variables,Statistics for Applications,cross,0,Discrete Mathematics; Probability and Statistics,0.659,1
18.600_fall_2019,18.655_spring_2016,Probability and Random Variables,Mathematical Statistics,cross,0,Probability and Statistics,0.1157,0
18.600_fall_2019,18.657_fall_2015,Probability and Random Variables,Mathematics of Machine Learning,train,0,Discrete Mathematics; Probability and Statistics,0.2847,0
18.600_fall_2019,18.700_fall_2013,Probability and Random Variables,Linear Algebra,train,0,,0.0,0
18.600_fall_2019,18.S096_fall_2015,Probability and Random Variables,Topics in Mathematics of Data Science,train,0,Probability and Statistics,0.1087,0
18.600_fall_2019,18.S096_january-iap_2023,Probability and Random Variables,Matrix Calculus for Machine Learning and Beyond,train,0,,0.0,0
18.600_fall_2019,18.S190_spring_2020,Probability and Random Variables,"Introduction to Computational Thinking with Julia, with Applications to Modeling the COVID-19 Pandemic",cross,0,,0.0,0
18.600_fall_2019,2.087_fall_2014,Probability and Random Variables,Engineering Math: Differential Equations and Linear Algebra,train,0,,0.0,0
18.600_fall_2019,2.161_fall_2008,Probability and Random Variables,Signal Processing: Continuous and Discrete,train,0,,0.0,0
18.600_fall_2019,21M.383_spring_2023,Probability and Random Variables,Computational Music Theory and Analysis,train,0,Probability and Statistics,0.0347,0
18.600_fall_2019,6.0002_fall_2016,Probability and Random Variables,Introduction to Computational Thinking and Data Science,train,0,Probability and Statistics,0.2132,0
18.600_fall_2019,6.006_fall_2011,Probability and Random Variables,Introduction to Algorithms,cross,0,,0.0,0
18.600_fall_2019,6.006_spring_2020,Probability and Random Variables,Introduction to Algorithms,cross,0,,0.0,0
18.600_fall_2019,6.036_fall_2020,Probability and Random Variables,Introduction to Machine Learning,train,0,,0.0,0
18.600_fall_2019,6.041_fall_2010,Probability and Random Variables,Probabilistic Systems Analysis and Applied Probability,train,0,Discrete Mathematics; Probability and Statistics,0.6258,1
18.600_fall_2019,6.041_spring_2006,Probability and Random Variables,Probabilistic Systems Analysis and Applied  Probability,train,0,Discrete Mathematics; Probability and Statistics,1.0,1
18.600_fall_2019,6.041SC_fall_2013,Probability and Random Variables,Probabilistic Systems Analysis and Applied Probability,train,0,Discrete Mathematics; Probability and Statistics,0.6258,1
18.600_fall_2019,6.046J_spring_2012,Probability and Random Variables,Design and Analysis of Algorithms,train,0,,0.0,0
18.600_fall_2019,6.046J_spring_2015,Probability and Random Variables,Design and Analysis of Algorithms,train,0,,0.0,0
18.600_fall_2019,6.079_fall_2009,Probability and Random Variables,Introduction to Convex Optimization,cross,0,,0.0,0
18.600_fall_2019,6.253_spring_2012,Probability and Random Variables,Convex Analysis and Optimization,train,0,,0.0,0
18.600_fall_2019,6.341_fall_2005,Probability and Random Variables,Discrete-Time Signal Processing,train,0,Discrete Mathematics,0.1827,0
18.600_fall_2019,6.4210_fall_2022,Probability and Random Variables,Robotic Manipulation,train,0,,0.0,0
18.600_fall_2019,6.436J_fall_2018,Probability and Random Variables,Fundamentals of Probability,cross,0,Probability and Statistics,0.2643,0
18.600_fall_2019,6.438_fall_2014,Probability and Random Variables,Algorithms for Inference,cross,0,Probability and Statistics,0.0941,0
18.600_fall_2019,6.7220J_spring_2025,Probability and Random Variables,Nonlinear Optimization,train,0,,0.0,0
18.600_fall_2019,6.7960_fall_2024,Probability and Random Variables,Deep Learning,train,0,,0.0,0
18.600_fall_2019,6.801_fall_2004,Probability and Random Variables,Machine Vision,train,0,,0.0,0
18.600_fall_2019,6.801_fall_2020,Probability and Random Variables,Machine Vision,train,0,,0.0,0
18.600_fall_2019,6.8300_spring_2025,Probability and Random Variables,Advances in Computer Vision,cross,0,,0.0,0
18.600_fall_2019,6.832_spring_2009,Probability and Random Variables,Underactuated Robotics,train,0,,0.0,0
18.600_fall_2019,6.852J_fall_2009,Probability and Random Variables,Distributed Algorithms,train,0,,0.0,0
18.600_fall_2019,6.864_fall_2005,Probability and Random Variables,Advanced Natural Language Processing,cross,0,,0.0,0
18.600_fall_2019,6.867_fall_2006,Probability and Random Variables,Machine Learning,train,0,Probability and Statistics,0.0818,0
18.600_fall_2019,6.S087_january-iap_2024,Probability and Random Variables,Foundation Models and Generative AI,train,0,,0.0,0
18.600_fall_2019,6.S191_january-iap_2026,Probability and Random Variables,Introduction to Deep Learning,train,0,,0.0,0
18.600_fall_2019,6.S897_spring_2019,Probability and Random Variables,Machine Learning for Healthcare,train,0,,0.0,0
18.600_fall_2019,6.S980_fall_2022,Probability and Random Variables,Machine Learning for Inverse Graphics,cross,0,,0.0,0
18.600_fall_2019,8.044_spring_2013,Probability and Random Variables,Statistical Physics I,cross,0,Probability and Statistics,0.0828,0
18.600_fall_2019,8.333_fall_2013,Probability and Random Variables,Statistical Mechanics I:  Statistical Mechanics of Particles,train,0,Probability and Statistics,0.0424,0
18.600_fall_2019,8.334_spring_2014,Probability and Random Variables,Statistical Mechanics II: Statistical Physics of Fields,train,0,Probability and Statistics,0.0561,0
18.600_fall_2019,9.520_spring_2003,Probability and Random Variables,Statistical Learning Theory and Applications,train,0,Probability and Statistics,0.0818,0
18.600_fall_2019,9.520_spring_2006,Probability and Random Variables,Statistical Learning Theory and Applications,train,0,Probability and Statistics,0.0409,0
18.600_fall_2019,ES.1803_spring_2024,Probability and Random Variables,Differential Equations,train,0,,0.0,0
18.600_fall_2019,ESD.86_spring_2007,Probability and Random Variables,"Models, Data and Inference for Socio-Technical Systems",cross,0,Probability and Statistics,0.0743,0
18.600_fall_2019,HST.953_fall_2020,Probability and Random Variables,Collaborative Data Science for Healthcare,train,0,,0.0,0
18.600_fall_2019,MAS.622J_fall_2006,Probability and Random Variables,Pattern Recognition and Analysis,train,0,Probability and Statistics,0.0724,0
18.600_fall_2019,RES.6-012_spring_2018,Probability and Random Variables,Introduction to Probability,train,0,Probability and Statistics,0.1654,0
18.600_fall_2019,RES.6-013_fall_2021,Probability and Random Variables,AI 101,train,0,,0.0,0
18.600_fall_2019,RES.8-010_summer_2018,Probability and Random Variables,Introduction to Statistical Physics,cross,0,Probability and Statistics,0.0741,0
18.642_fall_2024,18.650__formerly_18.443__fall_2006,Topics in Mathematics with Applications in Finance,Statistics for Applications,test,0,Applied Mathematics; Probability and Statistics,0.2936,0
18.642_fall_2024,18.650__formerly_18.443__spring_2015,Topics in Mathematics with Applications in Finance,Statistics for Applications,test,0,Applied Mathematics; Probability and Statistics,0.2936,0
18.642_fall_2024,18.655_spring_2016,Topics in Mathematics with Applications in Finance,Mathematical Statistics,test,0,Probability and Statistics,0.0823,0
18.642_fall_2024,18.657_fall_2015,Topics in Mathematics with Applications in Finance,Mathematics of Machine Learning,cross,0,Applied Mathematics; Probability and Statistics,0.1678,0
18.642_fall_2024,18.700_fall_2013,Topics in Mathematics with Applications in Finance,Linear Algebra,cross,0,,0.0,0
18.642_fall_2024,18.S096_fall_2015,Topics in Mathematics with Applications in Finance,Topics in Mathematics of Data Science,cross,0,Applied Mathematics; Probability and Statistics,0.2752,0
18.642_fall_2024,18.S096_january-iap_2023,Topics in Mathematics with Applications in Finance,Matrix Calculus for Machine Learning and Beyond,cross,0,Applied Mathematics,0.1227,0
18.642_fall_2024,18.S190_spring_2020,Topics in Mathematics with Applications in Finance,"Introduction to Computational Thinking with Julia, with Applications to Modeling the COVID-19 Pandemic",test,0,Applied Mathematics,0.0829,0
18.642_fall_2024,2.087_fall_2014,Topics in Mathematics with Applications in Finance,Engineering Math: Differential Equations and Linear Algebra,cross,0,Applied Mathematics,0.1029,0
18.642_fall_2024,2.161_fall_2008,Topics in Mathematics with Applications in Finance,Signal Processing: Continuous and Discrete,cross,0,,0.0,0
18.642_fall_2024,21M.383_spring_2023,Topics in Mathematics with Applications in Finance,Computational Music Theory and Analysis,cross,0,Probability and Statistics,0.031,0
18.642_fall_2024,6.0002_fall_2016,Topics in Mathematics with Applications in Finance,Introduction to Computational Thinking and Data Science,cross,0,Probability and Statistics,0.122,0
18.642_fall_2024,6.006_fall_2011,Topics in Mathematics with Applications in Finance,Introduction to Algorithms,test,0,,0.0,0
18.642_fall_2024,6.006_spring_2020,Topics in Mathematics with Applications in Finance,Introduction to Algorithms,test,0,,0.0,0
18.642_fall_2024,6.036_fall_2020,Topics in Mathematics with Applications in Finance,Introduction to Machine Learning,cross,0,,0.0,0
18.642_fall_2024,6.041_fall_2010,Topics in Mathematics with Applications in Finance,Probabilistic Systems Analysis and Applied Probability,cross,0,Probability and Statistics,0.0811,0
18.642_fall_2024,6.041_spring_2006,Topics in Mathematics with Applications in Finance,Probabilistic Systems Analysis and Applied  Probability,cross,0,Probability and Statistics,0.0992,0
18.642_fall_2024,6.041SC_fall_2013,Topics in Mathematics with Applications in Finance,Probabilistic Systems Analysis and Applied Probability,cross,0,Probability and Statistics,0.0811,0
18.642_fall_2024,6.046J_spring_2012,Topics in Mathematics with Applications in Finance,Design and Analysis of Algorithms,cross,0,,0.0,0
18.642_fall_2024,6.046J_spring_2015,Topics in Mathematics with Applications in Finance,Design and Analysis of Algorithms,cross,0,Applied Mathematics,0.0971,0
18.642_fall_2024,6.079_fall_2009,Topics in Mathematics with Applications in Finance,Introduction to Convex Optimization,test,0,Applied Mathematics,0.123,0
18.642_fall_2024,6.253_spring_2012,Topics in Mathematics with Applications in Finance,Convex Analysis and Optimization,cross,0,,0.0,0
18.642_fall_2024,6.341_fall_2005,Topics in Mathematics with Applications in Finance,Discrete-Time Signal Processing,cross,0,,0.0,0
18.642_fall_2024,6.4210_fall_2022,Topics in Mathematics with Applications in Finance,Robotic Manipulation,cross,0,,0.0,0
18.642_fall_2024,6.436J_fall_2018,Topics in Mathematics with Applications in Finance,Fundamentals of Probability,test,0,Probability and Statistics,0.1371,0
18.642_fall_2024,6.438_fall_2014,Topics in Mathematics with Applications in Finance,Algorithms for Inference,test,0,Probability and Statistics,0.0707,0
18.642_fall_2024,6.7220J_spring_2025,Topics in Mathematics with Applications in Finance,Nonlinear Optimization,cross,0,Applied Mathematics,0.1096,0
18.642_fall_2024,6.7960_fall_2024,Topics in Mathematics with Applications in Finance,Deep Learning,cross,0,,0.0,0
18.642_fall_2024,6.801_fall_2004,Topics in Mathematics with Applications in Finance,Machine Vision,cross,0,,0.0,0
18.642_fall_2024,6.801_fall_2020,Topics in Mathematics with Applications in Finance,Machine Vision,cross,0,,0.0,0
18.642_fall_2024,6.8300_spring_2025,Topics in Mathematics with Applications in Finance,Advances in Computer Vision,test,0,,0.0,0
18.642_fall_2024,6.832_spring_2009,Topics in Mathematics with Applications in Finance,Underactuated Robotics,cross,0,,0.0,0
18.642_fall_2024,6.852J_fall_2009,Topics in Mathematics with Applications in Finance,Distributed Algorithms,cross,0,,0.0,0
18.642_fall_2024,6.864_fall_2005,Topics in Mathematics with Applications in Finance,Advanced Natural Language Processing,test,0,,0.0,0
18.642_fall_2024,6.867_fall_2006,Topics in Mathematics with Applications in Finance,Machine Learning,cross,0,Probability and Statistics,0.0636,0
18.642_fall_2024,6.S087_january-iap_2024,Topics in Mathematics with Applications in Finance,Foundation Models and Generative AI,cross,0,,0.0,0
18.642_fall_2024,6.S191_january-iap_2026,Topics in Mathematics with Applications in Finance,Introduction to Deep Learning,cross,0,,0.0,0
18.642_fall_2024,6.S897_spring_2019,Topics in Mathematics with Applications in Finance,Machine Learning for Healthcare,cross,0,,0.0,0
18.642_fall_2024,6.S980_fall_2022,Topics in Mathematics with Applications in Finance,Machine Learning for Inverse Graphics,test,0,,0.0,0
18.642_fall_2024,8.044_spring_2013,Topics in Mathematics with Applications in Finance,Statistical Physics I,test,0,Probability and Statistics,0.0641,0
18.642_fall_2024,8.333_fall_2013,Topics in Mathematics with Applications in Finance,Statistical Mechanics I:  Statistical Mechanics of Particles,cross,0,Probability and Statistics,0.0369,0
18.642_fall_2024,8.334_spring_2014,Topics in Mathematics with Applications in Finance,Statistical Mechanics II: Statistical Physics of Fields,cross,0,Probability and Statistics,0.0469,0
18.642_fall_2024,9.520_spring_2003,Topics in Mathematics with Applications in Finance,Statistical Learning Theory and Applications,cross,0,Probability and Statistics,0.0636,0
18.642_fall_2024,9.520_spring_2006,Topics in Mathematics with Applications in Finance,Statistical Learning Theory and Applications,cross,0,Probability and Statistics,0.0357,0
18.642_fall_2024,ES.1803_spring_2024,Topics in Mathematics with Applications in Finance,Differential Equations,cross,0,,0.0,0
18.642_fall_2024,ESD.86_spring_2007,Topics in Mathematics with Applications in Finance,"Models, Data and Inference for Socio-Technical Systems",test,0,Probability and Statistics,0.0589,0
18.642_fall_2024,HST.953_fall_2020,Topics in Mathematics with Applications in Finance,Collaborative Data Science for Healthcare,cross,0,,0.0,0
18.642_fall_2024,MAS.622J_fall_2006,Topics in Mathematics with Applications in Finance,Pattern Recognition and Analysis,cross,0,Probability and Statistics,0.0577,0
18.642_fall_2024,RES.6-012_spring_2018,Topics in Mathematics with Applications in Finance,Introduction to Probability,cross,0,Probability and Statistics,0.1047,0
18.642_fall_2024,RES.6-013_fall_2021,Topics in Mathematics with Applications in Finance,AI 101,cross,0,,0.0,0
18.642_fall_2024,RES.8-010_summer_2018,Topics in Mathematics with Applications in Finance,Introduction to Statistical Physics,test,0,Probability and Statistics,0.0588,0
18.650__formerly_18.443__fall_2006,18.650__formerly_18.443__spring_2015,Statistics for Applications,Statistics for Applications,test,1,Applied Mathematics; Discrete Mathematics; Probability and Statistics,1.0,1
18.650__formerly_18.443__fall_2006,18.655_spring_2016,Statistics for Applications,Mathematical Statistics,test,0,Probability and Statistics,0.0944,0
18.650__formerly_18.443__fall_2006,18.657_fall_2015,Statistics for Applications,Mathematics of Machine Learning,cross,0,Applied Mathematics; Discrete Mathematics; Probability and Statistics,0.4321,1
18.650__formerly_18.443__fall_2006,18.700_fall_2013,Statistics for Applications,Linear Algebra,cross,0,,0.0,0
18.650__formerly_18.443__fall_2006,18.S096_fall_2015,Statistics for Applications,Topics in Mathematics of Data Science,cross,0,Applied Mathematics; Probability and Statistics,0.3216,1
18.650__formerly_18.443__fall_2006,18.S096_january-iap_2023,Statistics for Applications,Matrix Calculus for Machine Learning and Beyond,cross,0,Applied Mathematics,0.1359,0
18.650__formerly_18.443__fall_2006,18.S190_spring_2020,Statistics for Applications,"Introduction to Computational Thinking with Julia, with Applications to Modeling the COVID-19 Pandemic",test,0,Applied Mathematics,0.0887,0
18.650__formerly_18.443__fall_2006,2.087_fall_2014,Statistics for Applications,Engineering Math: Differential Equations and Linear Algebra,cross,0,Applied Mathematics,0.112,0
18.650__formerly_18.443__fall_2006,2.161_fall_2008,Statistics for Applications,Signal Processing: Continuous and Discrete,cross,0,,0.0,0
18.650__formerly_18.443__fall_2006,21M.383_spring_2023,Statistics for Applications,Computational Music Theory and Analysis,cross,0,Probability and Statistics,0.0325,0
18.650__formerly_18.443__fall_2006,6.0002_fall_2016,Statistics for Applications,Introduction to Computational Thinking and Data Science,cross,0,Probability and Statistics,0.1504,0
18.650__formerly_18.443__fall_2006,6.006_fall_2011,Statistics for Applications,Introduction to Algorithms,test,0,,0.0,0
18.650__formerly_18.443__fall_2006,6.006_spring_2020,Statistics for Applications,Introduction to Algorithms,test,0,,0.0,0
18.650__formerly_18.443__fall_2006,6.036_fall_2020,Statistics for Applications,Introduction to Machine Learning,cross,0,,0.0,0
18.650__formerly_18.443__fall_2006,6.041_fall_2010,Statistics for Applications,Probabilistic Systems Analysis and Applied Probability,cross,0,Discrete Mathematics; Probability and Statistics,0.4727,1
18.650__formerly_18.443__fall_2006,6.041_spring_2006,Statistics for Applications,Probabilistic Systems Analysis and Applied  Probability,cross,0,Discrete Mathematics; Probability and Statistics,0.659,1
18.650__formerly_18.443__fall_2006,6.041SC_fall_2013,Statistics for Applications,Probabilistic Systems Analysis and Applied Probability,cross,0,Discrete Mathematics; Probability and Statistics,0.4727,1
18.650__formerly_18.443__fall_2006,6.046J_spring_2012,Statistics for Applications,Design and Analysis of Algorithms,cross,0,,0.0,0
18.650__formerly_18.443__fall_2006,6.046J_spring_2015,Statistics for Applications,Design and Analysis of Algorithms,cross,0,Applied Mathematics,0.1051,0
18.650__formerly_18.443__fall_2006,6.079_fall_2009,Statistics for Applications,Introduction to Convex Optimization,test,0,Applied Mathematics,0.1363,0
18.650__formerly_18.443__fall_2006,6.253_spring_2012,Statistics for Applications,Convex Analysis and Optimization,cross,0,,0.0,0
18.650__formerly_18.443__fall_2006,6.341_fall_2005,Statistics for Applications,Discrete-Time Signal Processing,cross,0,Discrete Mathematics,0.1619,0
18.650__formerly_18.443__fall_2006,6.4210_fall_2022,Statistics for Applications,Robotic Manipulation,cross,0,,0.0,0
18.650__formerly_18.443__fall_2006,6.436J_fall_2018,Statistics for Applications,Fundamentals of Probability,test,0,Probability and Statistics,0.1742,0
18.650__formerly_18.443__fall_2006,6.438_fall_2014,Statistics for Applications,Algorithms for Inference,test,0,Probability and Statistics,0.0794,0
18.650__formerly_18.443__fall_2006,6.7220J_spring_2025,Statistics for Applications,Nonlinear Optimization,cross,0,Applied Mathematics,0.12,0
18.650__formerly_18.443__fall_2006,6.7960_fall_2024,Statistics for Applications,Deep Learning,cross,0,,0.0,0
18.650__formerly_18.443__fall_2006,6.801_fall_2004,Statistics for Applications,Machine Vision,cross,0,,0.0,0
18.650__formerly_18.443__fall_2006,6.801_fall_2020,Statistics for Applications,Machine Vision,cross,0,,0.0,0
18.650__formerly_18.443__fall_2006,6.8300_spring_2025,Statistics for Applications,Advances in Computer Vision,test,0,,0.0,0
18.650__formerly_18.443__fall_2006,6.832_spring_2009,Statistics for Applications,Underactuated Robotics,cross,0,,0.0,0
18.650__formerly_18.443__fall_2006,6.852J_fall_2009,Statistics for Applications,Distributed Algorithms,cross,0,,0.0,0
18.650__formerly_18.443__fall_2006,6.864_fall_2005,Statistics for Applications,Advanced Natural Language Processing,test,0,,0.0,0
18.650__formerly_18.443__fall_2006,6.867_fall_2006,Statistics for Applications,Machine Learning,cross,0,Probability and Statistics,0.0705,0
18.650__formerly_18.443__fall_2006,6.S087_january-iap_2024,Statistics for Applications,Foundation Models and Generative AI,cross,0,,0.0,0
18.650__formerly_18.443__fall_2006,6.S191_january-iap_2026,Statistics for Applications,Introduction to Deep Learning,cross,0,,0.0,0
18.650__formerly_18.443__fall_2006,6.S897_spring_2019,Statistics for Applications,Machine Learning for Healthcare,cross,0,,0.0,0
18.650__formerly_18.443__fall_2006,6.S980_fall_2022,Statistics for Applications,Machine Learning for Inverse Graphics,test,0,,0.0,0
18.650__formerly_18.443__fall_2006,8.044_spring_2013,Statistics for Applications,Statistical Physics I,test,0,Probability and Statistics,0.0712,0
18.650__formerly_18.443__fall_2006,8.333_fall_2013,Statistics for Applications,Statistical Mechanics I:  Statistical Mechanics of Particles,cross,0,Probability and Statistics,0.0392,0
18.650__formerly_18.443__fall_2006,8.334_spring_2014,Statistics for Applications,Statistical Mechanics II: Statistical Physics of Fields,cross,0,Probability and Statistics,0.0505,0
18.650__formerly_18.443__fall_2006,9.520_spring_2003,Statistics for Applications,Statistical Learning Theory and Applications,cross,0,Probability and Statistics,0.0705,0
18.650__formerly_18.443__fall_2006,9.520_spring_2006,Statistics for Applications,Statistical Learning Theory and Applications,cross,0,Probability and Statistics,0.0378,0
18.650__formerly_18.443__fall_2006,ES.1803_spring_2024,Statistics for Applications,Differential Equations,cross,0,,0.0,0
18.650__formerly_18.443__fall_2006,ESD.86_spring_2007,Statistics for Applications,"Models, Data and Inference for Socio-Technical Systems",test,0,Probability and Statistics,0.0648,0
18.650__formerly_18.443__fall_2006,HST.953_fall_2020,Statistics for Applications,Collaborative Data Science for Healthcare,cross,0,,0.0,0
18.650__formerly_18.443__fall_2006,MAS.622J_fall_2006,Statistics for Applications,Pattern Recognition and Analysis,cross,0,Probability and Statistics,0.0634,0
18.650__formerly_18.443__fall_2006,RES.6-012_spring_2018,Statistics for Applications,Introduction to Probability,cross,0,Probability and Statistics,0.1249,0
18.650__formerly_18.443__fall_2006,RES.6-013_fall_2021,Statistics for Applications,AI 101,cross,0,,0.0,0
18.650__formerly_18.443__fall_2006,RES.8-010_summer_2018,Statistics for Applications,Introduction to Statistical Physics,test,0,Probability and Statistics,0.0647,0
18.650__formerly_18.443__spring_2015,18.655_spring_2016,Statistics for Applications,Mathematical Statistics,test,0,Probability and Statistics,0.0944,0
18.650__formerly_18.443__spring_2015,18.657_fall_2015,Statistics for Applications,Mathematics of Machine Learning,cross,0,Applied Mathematics; Discrete Mathematics; Probability and Statistics,0.4321,1
18.650__formerly_18.443__spring_2015,18.700_fall_2013,Statistics for Applications,Linear Algebra,cross,0,,0.0,0
18.650__formerly_18.443__spring_2015,18.S096_fall_2015,Statistics for Applications,Topics in Mathematics of Data Science,cross,0,Applied Mathematics; Probability and Statistics,0.3216,1
18.650__formerly_18.443__spring_2015,18.S096_january-iap_2023,Statistics for Applications,Matrix Calculus for Machine Learning and Beyond,cross,0,Applied Mathematics,0.1359,0
18.650__formerly_18.443__spring_2015,18.S190_spring_2020,Statistics for Applications,"Introduction to Computational Thinking with Julia, with Applications to Modeling the COVID-19 Pandemic",test,0,Applied Mathematics,0.0887,0
18.650__formerly_18.443__spring_2015,2.087_fall_2014,Statistics for Applications,Engineering Math: Differential Equations and Linear Algebra,cross,0,Applied Mathematics,0.112,0
18.650__formerly_18.443__spring_2015,2.161_fall_2008,Statistics for Applications,Signal Processing: Continuous and Discrete,cross,0,,0.0,0
18.650__formerly_18.443__spring_2015,21M.383_spring_2023,Statistics for Applications,Computational Music Theory and Analysis,cross,0,Probability and Statistics,0.0325,0
18.650__formerly_18.443__spring_2015,6.0002_fall_2016,Statistics for Applications,Introduction to Computational Thinking and Data Science,cross,0,Probability and Statistics,0.1504,0
18.650__formerly_18.443__spring_2015,6.006_fall_2011,Statistics for Applications,Introduction to Algorithms,test,0,,0.0,0
18.650__formerly_18.443__spring_2015,6.006_spring_2020,Statistics for Applications,Introduction to Algorithms,test,0,,0.0,0
18.650__formerly_18.443__spring_2015,6.036_fall_2020,Statistics for Applications,Introduction to Machine Learning,cross,0,,0.0,0
18.650__formerly_18.443__spring_2015,6.041_fall_2010,Statistics for Applications,Probabilistic Systems Analysis and Applied Probability,cross,0,Discrete Mathematics; Probability and Statistics,0.4727,1
18.650__formerly_18.443__spring_2015,6.041_spring_2006,Statistics for Applications,Probabilistic Systems Analysis and Applied  Probability,cross,0,Discrete Mathematics; Probability and Statistics,0.659,1
18.650__formerly_18.443__spring_2015,6.041SC_fall_2013,Statistics for Applications,Probabilistic Systems Analysis and Applied Probability,cross,0,Discrete Mathematics; Probability and Statistics,0.4727,1
18.650__formerly_18.443__spring_2015,6.046J_spring_2012,Statistics for Applications,Design and Analysis of Algorithms,cross,0,,0.0,0
18.650__formerly_18.443__spring_2015,6.046J_spring_2015,Statistics for Applications,Design and Analysis of Algorithms,cross,0,Applied Mathematics,0.1051,0
18.650__formerly_18.443__spring_2015,6.079_fall_2009,Statistics for Applications,Introduction to Convex Optimization,test,0,Applied Mathematics,0.1363,0
18.650__formerly_18.443__spring_2015,6.253_spring_2012,Statistics for Applications,Convex Analysis and Optimization,cross,0,,0.0,0
18.650__formerly_18.443__spring_2015,6.341_fall_2005,Statistics for Applications,Discrete-Time Signal Processing,cross,0,Discrete Mathematics,0.1619,0
18.650__formerly_18.443__spring_2015,6.4210_fall_2022,Statistics for Applications,Robotic Manipulation,cross,0,,0.0,0
18.650__formerly_18.443__spring_2015,6.436J_fall_2018,Statistics for Applications,Fundamentals of Probability,test,0,Probability and Statistics,0.1742,0
18.650__formerly_18.443__spring_2015,6.438_fall_2014,Statistics for Applications,Algorithms for Inference,test,0,Probability and Statistics,0.0794,0
18.650__formerly_18.443__spring_2015,6.7220J_spring_2025,Statistics for Applications,Nonlinear Optimization,cross,0,Applied Mathematics,0.12,0
18.650__formerly_18.443__spring_2015,6.7960_fall_2024,Statistics for Applications,Deep Learning,cross,0,,0.0,0
18.650__formerly_18.443__spring_2015,6.801_fall_2004,Statistics for Applications,Machine Vision,cross,0,,0.0,0
18.650__formerly_18.443__spring_2015,6.801_fall_2020,Statistics for Applications,Machine Vision,cross,0,,0.0,0
18.650__formerly_18.443__spring_2015,6.8300_spring_2025,Statistics for Applications,Advances in Computer Vision,test,0,,0.0,0
18.650__formerly_18.443__spring_2015,6.832_spring_2009,Statistics for Applications,Underactuated Robotics,cross,0,,0.0,0
18.650__formerly_18.443__spring_2015,6.852J_fall_2009,Statistics for Applications,Distributed Algorithms,cross,0,,0.0,0
18.650__formerly_18.443__spring_2015,6.864_fall_2005,Statistics for Applications,Advanced Natural Language Processing,test,0,,0.0,0
18.650__formerly_18.443__spring_2015,6.867_fall_2006,Statistics for Applications,Machine Learning,cross,0,Probability and Statistics,0.0705,0
18.650__formerly_18.443__spring_2015,6.S087_january-iap_2024,Statistics for Applications,Foundation Models and Generative AI,cross,0,,0.0,0
18.650__formerly_18.443__spring_2015,6.S191_january-iap_2026,Statistics for Applications,Introduction to Deep Learning,cross,0,,0.0,0
18.650__formerly_18.443__spring_2015,6.S897_spring_2019,Statistics for Applications,Machine Learning for Healthcare,cross,0,,0.0,0
18.650__formerly_18.443__spring_2015,6.S980_fall_2022,Statistics for Applications,Machine Learning for Inverse Graphics,test,0,,0.0,0
18.650__formerly_18.443__spring_2015,8.044_spring_2013,Statistics for Applications,Statistical Physics I,test,0,Probability and Statistics,0.0712,0
18.650__formerly_18.443__spring_2015,8.333_fall_2013,Statistics for Applications,Statistical Mechanics I:  Statistical Mechanics of Particles,cross,0,Probability and Statistics,0.0392,0
18.650__formerly_18.443__spring_2015,8.334_spring_2014,Statistics for Applications,Statistical Mechanics II: Statistical Physics of Fields,cross,0,Probability and Statistics,0.0505,0
18.650__formerly_18.443__spring_2015,9.520_spring_2003,Statistics for Applications,Statistical Learning Theory and Applications,cross,0,Probability and Statistics,0.0705,0
18.650__formerly_18.443__spring_2015,9.520_spring_2006,Statistics for Applications,Statistical Learning Theory and Applications,cross,0,Probability and Statistics,0.0378,0
18.650__formerly_18.443__spring_2015,ES.1803_spring_2024,Statistics for Applications,Differential Equations,cross,0,,0.0,0
18.650__formerly_18.443__spring_2015,ESD.86_spring_2007,Statistics for Applications,"Models, Data and Inference for Socio-Technical Systems",test,0,Probability and Statistics,0.0648,0
18.650__formerly_18.443__spring_2015,HST.953_fall_2020,Statistics for Applications,Collaborative Data Science for Healthcare,cross,0,,0.0,0
18.650__formerly_18.443__spring_2015,MAS.622J_fall_2006,Statistics for Applications,Pattern Recognition and Analysis,cross,0,Probability and Statistics,0.0634,0
18.650__formerly_18.443__spring_2015,RES.6-012_spring_2018,Statistics for Applications,Introduction to Probability,cross,0,Probability and Statistics,0.1249,0
18.650__formerly_18.443__spring_2015,RES.6-013_fall_2021,Statistics for Applications,AI 101,cross,0,,0.0,0
18.650__formerly_18.443__spring_2015,RES.8-010_summer_2018,Statistics for Applications,Introduction to Statistical Physics,test,0,Probability and Statistics,0.0647,0
18.655_spring_2016,18.657_fall_2015,Mathematical Statistics,Mathematics of Machine Learning,cross,0,Probability and Statistics,0.0551,0
18.655_spring_2016,18.700_fall_2013,Mathematical Statistics,Linear Algebra,cross,0,,0.0,0
18.655_spring_2016,18.S096_fall_2015,Mathematical Statistics,Topics in Mathematics of Data Science,cross,0,Probability and Statistics,0.0887,0
18.655_spring_2016,18.S096_january-iap_2023,Mathematical Statistics,Matrix Calculus for Machine Learning and Beyond,cross,0,,0.0,0
18.655_spring_2016,18.S190_spring_2020,Mathematical Statistics,"Introduction to Computational Thinking with Julia, with Applications to Modeling the COVID-19 Pandemic",test,0,,0.0,0
18.655_spring_2016,2.087_fall_2014,Mathematical Statistics,Engineering Math: Differential Equations and Linear Algebra,cross,0,,0.0,0
18.655_spring_2016,2.161_fall_2008,Mathematical Statistics,Signal Processing: Continuous and Discrete,cross,0,,0.0,0
18.655_spring_2016,21M.383_spring_2023,Mathematical Statistics,Computational Music Theory and Analysis,cross,0,Probability and Statistics,0.0324,0
18.655_spring_2016,6.0002_fall_2016,Mathematical Statistics,Introduction to Computational Thinking and Data Science,cross,0,Probability and Statistics,0.1479,0
18.655_spring_2016,6.006_fall_2011,Mathematical Statistics,Introduction to Algorithms,test,0,,0.0,0
18.655_spring_2016,6.006_spring_2020,Mathematical Statistics,Introduction to Algorithms,test,0,,0.0,0
18.655_spring_2016,6.036_fall_2020,Mathematical Statistics,Introduction to Machine Learning,cross,0,,0.0,0
18.655_spring_2016,6.041_fall_2010,Mathematical Statistics,Probabilistic Systems Analysis and Applied Probability,cross,0,Probability and Statistics,0.0917,0
18.655_spring_2016,6.041_spring_2006,Mathematical Statistics,Probabilistic Systems Analysis and Applied  Probability,cross,0,Probability and Statistics,0.1157,0
18.655_spring_2016,6.041SC_fall_2013,Mathematical Statistics,Probabilistic Systems Analysis and Applied Probability,cross,0,Probability and Statistics,0.0917,0
18.655_spring_2016,6.046J_spring_2012,Mathematical Statistics,Design and Analysis of Algorithms,cross,0,,0.0,0
18.655_spring_2016,6.046J_spring_2015,Mathematical Statistics,Design and Analysis of Algorithms,cross,0,,0.0,0
18.655_spring_2016,6.079_fall_2009,Mathematical Statistics,Introduction to Convex Optimization,test,0,,0.0,0
18.655_spring_2016,6.253_spring_2012,Mathematical Statistics,Convex Analysis and Optimization,cross,0,,0.0,0
18.655_spring_2016,6.341_fall_2005,Mathematical Statistics,Discrete-Time Signal Processing,cross,0,,0.0,0
18.655_spring_2016,6.4210_fall_2022,Mathematical Statistics,Robotic Manipulation,cross,0,,0.0,0
18.655_spring_2016,6.436J_fall_2018,Mathematical Statistics,Fundamentals of Probability,test,0,Probability and Statistics,0.1708,0
18.655_spring_2016,6.438_fall_2014,Mathematical Statistics,Algorithms for Inference,test,0,Probability and Statistics,0.0787,0
18.655_spring_2016,6.7220J_spring_2025,Mathematical Statistics,Nonlinear Optimization,cross,0,,0.0,0
18.655_spring_2016,6.7960_fall_2024,Mathematical Statistics,Deep Learning,cross,0,,0.0,0
18.655_spring_2016,6.801_fall_2004,Mathematical Statistics,Machine Vision,cross,0,,0.0,0
18.655_spring_2016,6.801_fall_2020,Mathematical Statistics,Machine Vision,cross,0,,0.0,0
18.655_spring_2016,6.8300_spring_2025,Mathematical Statistics,Advances in Computer Vision,test,0,,0.0,0
18.655_spring_2016,6.832_spring_2009,Mathematical Statistics,Underactuated Robotics,cross,0,,0.0,0
18.655_spring_2016,6.852J_fall_2009,Mathematical Statistics,Distributed Algorithms,cross,0,,0.0,0
18.655_spring_2016,6.864_fall_2005,Mathematical Statistics,Advanced Natural Language Processing,test,0,,0.0,0
18.655_spring_2016,6.867_fall_2006,Mathematical Statistics,Machine Learning,cross,0,Probability and Statistics,0.07,0
18.655_spring_2016,6.S087_january-iap_2024,Mathematical Statistics,Foundation Models and Generative AI,cross,0,,0.0,0
18.655_spring_2016,6.S191_january-iap_2026,Mathematical Statistics,Introduction to Deep Learning,cross,0,,0.0,0
18.655_spring_2016,6.S897_spring_2019,Mathematical Statistics,Machine Learning for Healthcare,cross,0,,0.0,0
18.655_spring_2016,6.S980_fall_2022,Mathematical Statistics,Machine Learning for Inverse Graphics,test,0,,0.0,0
18.655_spring_2016,8.044_spring_2013,Mathematical Statistics,Statistical Physics I,test,0,Probability and Statistics,0.0707,0
18.655_spring_2016,8.333_fall_2013,Mathematical Statistics,Statistical Mechanics I:  Statistical Mechanics of Particles,cross,0,Probability and Statistics,0.039,0
18.655_spring_2016,8.334_spring_2014,Mathematical Statistics,Statistical Mechanics II: Statistical Physics of Fields,cross,0,Probability and Statistics,0.0503,0
18.655_spring_2016,9.520_spring_2003,Mathematical Statistics,Statistical Learning Theory and Applications,cross,0,Probability and Statistics,0.07,0
18.655_spring_2016,9.520_spring_2006,Mathematical Statistics,Statistical Learning Theory and Applications,cross,0,Probability and Statistics,0.0377,0
18.655_spring_2016,ES.1803_spring_2024,Mathematical Statistics,Differential Equations,cross,0,,0.0,0
18.655_spring_2016,ESD.86_spring_2007,Mathematical Statistics,"Models, Data and Inference for Socio-Technical Systems",test,0,Probability and Statistics,0.0644,0
18.655_spring_2016,HST.953_fall_2020,Mathematical Statistics,Collaborative Data Science for Healthcare,cross,0,,0.0,0
18.655_spring_2016,MAS.622J_fall_2006,Mathematical Statistics,Pattern Recognition and Analysis,cross,0,Probability and Statistics,0.0629,0
18.655_spring_2016,RES.6-012_spring_2018,Mathematical Statistics,Introduction to Probability,cross,0,Probability and Statistics,0.1232,0
18.655_spring_2016,RES.6-013_fall_2021,Mathematical Statistics,AI 101,cross,0,,0.0,0
18.655_spring_2016,RES.8-010_summer_2018,Mathematical Statistics,Introduction to Statistical Physics,test,0,Probability and Statistics,0.0642,0
18.657_fall_2015,18.700_fall_2013,Mathematics of Machine Learning,Linear Algebra,train,0,,0.0,0
18.657_fall_2015,18.S096_fall_2015,Mathematics of Machine Learning,Topics in Mathematics of Data Science,train,0,Applied Mathematics; Computer Science; Data Mining; Probability and Statistics,0.4826,1
18.657_fall_2015,18.S096_january-iap_2023,Mathematics of Machine Learning,Matrix Calculus for Machine Learning and Beyond,train,0,Applied Mathematics,0.0892,0
18.657_fall_2015,18.S190_spring_2020,Mathematics of Machine Learning,"Introduction to Computational Thinking with Julia, with Applications to Modeling the COVID-19 Pandemic",cross,0,Algorithms and Data Structures; Applied Mathematics; Computer Science,0.1939,0
18.657_fall_2015,2.087_fall_2014,Mathematics of Machine Learning,Engineering Math: Differential Equations and Linear Algebra,train,0,Applied Mathematics,0.0782,0
18.657_fall_2015,2.161_fall_2008,Mathematics of Machine Learning,Signal Processing: Continuous and Discrete,train,0,,0.0,0
18.657_fall_2015,21M.383_spring_2023,Mathematics of Machine Learning,Computational Music Theory and Analysis,train,0,Probability and Statistics,0.0261,0
18.657_fall_2015,6.0002_fall_2016,Mathematics of Machine Learning,Introduction to Computational Thinking and Data Science,train,0,Computer Science; Probability and Statistics,0.1435,0
18.657_fall_2015,6.006_fall_2011,Mathematics of Machine Learning,Introduction to Algorithms,cross,0,Algorithms and Data Structures; Computer Science,0.2385,0
18.657_fall_2015,6.006_spring_2020,Mathematics of Machine Learning,Introduction to Algorithms,cross,0,Algorithms and Data Structures; Computer Science,0.1531,0
18.657_fall_2015,6.036_fall_2020,Mathematics of Machine Learning,Introduction to Machine Learning,train,0,Algorithms and Data Structures; Artificial Intelligence; Computer Science,0.3761,1
18.657_fall_2015,6.041_fall_2010,Mathematics of Machine Learning,Probabilistic Systems Analysis and Applied Probability,train,0,Discrete Mathematics; Probability and Statistics,0.2433,0
18.657_fall_2015,6.041_spring_2006,Mathematics of Machine Learning,Probabilistic Systems Analysis and Applied  Probability,train,0,Discrete Mathematics; Probability and Statistics,0.2847,0
18.657_fall_2015,6.041SC_fall_2013,Mathematics of Machine Learning,Probabilistic Systems Analysis and Applied Probability,train,0,Discrete Mathematics; Probability and Statistics,0.2433,0
18.657_fall_2015,6.046J_spring_2012,Mathematics of Machine Learning,Design and Analysis of Algorithms,train,0,Algorithms and Data Structures; Computer Science,0.2385,0
18.657_fall_2015,6.046J_spring_2015,Mathematics of Machine Learning,Design and Analysis of Algorithms,train,0,Algorithms and Data Structures; Applied Mathematics; Computer Science,0.2229,0
18.657_fall_2015,6.079_fall_2009,Mathematics of Machine Learning,Introduction to Convex Optimization,cross,0,Applied Mathematics,0.0894,0
18.657_fall_2015,6.253_spring_2012,Mathematics of Machine Learning,Convex Analysis and Optimization,train,0,Algorithms and Data Structures; Computer Science,0.1798,0
18.657_fall_2015,6.341_fall_2005,Mathematics of Machine Learning,Discrete-Time Signal Processing,train,0,Discrete Mathematics,0.1125,0
18.657_fall_2015,6.4210_fall_2022,Mathematics of Machine Learning,Robotic Manipulation,train,0,Artificial Intelligence; Computer Science,0.1356,0
18.657_fall_2015,6.436J_fall_2018,Mathematics of Machine Learning,Fundamentals of Probability,cross,0,Probability and Statistics,0.0752,0
18.657_fall_2015,6.438_fall_2014,Mathematics of Machine Learning,Algorithms for Inference,cross,0,Algorithms and Data Structures; Computer Science; Probability and Statistics,0.2457,0
18.657_fall_2015,6.7220J_spring_2025,Mathematics of Machine Learning,Nonlinear Optimization,train,0,Applied Mathematics; Computer Science,0.1248,0
18.657_fall_2015,6.7960_fall_2024,Mathematics of Machine Learning,Deep Learning,train,0,Artificial Intelligence; Computer Science,0.1613,0
18.657_fall_2015,6.801_fall_2004,Mathematics of Machine Learning,Machine Vision,train,0,Artificial Intelligence; Computer Science,0.091,0
18.657_fall_2015,6.801_fall_2020,Mathematics of Machine Learning,Machine Vision,train,0,Artificial Intelligence; Computer Science,0.1613,0
18.657_fall_2015,6.8300_spring_2025,Mathematics of Machine Learning,Advances in Computer Vision,cross,0,Artificial Intelligence; Computer Science,0.2059,0
18.657_fall_2015,6.832_spring_2009,Mathematics of Machine Learning,Underactuated Robotics,train,0,Artificial Intelligence; Computer Science,0.1356,0
18.657_fall_2015,6.852J_fall_2009,Mathematics of Machine Learning,Distributed Algorithms,train,0,Algorithms and Data Structures; Computer Science,0.1837,0
18.657_fall_2015,6.864_fall_2005,Mathematics of Machine Learning,Advanced Natural Language Processing,cross,0,Artificial Intelligence; Computer Science,0.1035,0
18.657_fall_2015,6.867_fall_2006,Mathematics of Machine Learning,Machine Learning,train,0,Algorithms and Data Structures; Artificial Intelligence; Computer Science; Probability and Statistics,0.3585,1
18.657_fall_2015,6.S087_january-iap_2024,Mathematics of Machine Learning,Foundation Models and Generative AI,train,0,Artificial Intelligence; Computer Science,0.2059,0
18.657_fall_2015,6.S191_january-iap_2026,Mathematics of Machine Learning,Introduction to Deep Learning,train,0,Artificial Intelligence; Computer Science,0.1254,0
18.657_fall_2015,6.S897_spring_2019,Mathematics of Machine Learning,Machine Learning for Healthcare,train,0,Artificial Intelligence; Computer Science,0.0923,0
18.657_fall_2015,6.S980_fall_2022,Mathematics of Machine Learning,Machine Learning for Inverse Graphics,cross,0,Artificial Intelligence; Computer Science,0.1613,0
18.657_fall_2015,8.044_spring_2013,Mathematics of Machine Learning,Statistical Physics I,cross,0,Probability and Statistics,0.0463,0
18.657_fall_2015,8.333_fall_2013,Mathematics of Machine Learning,Statistical Mechanics I:  Statistical Mechanics of Particles,train,0,Probability and Statistics,0.0302,0
18.657_fall_2015,8.334_spring_2014,Mathematics of Machine Learning,Statistical Mechanics II: Statistical Physics of Fields,train,0,Probability and Statistics,0.0366,0
18.657_fall_2015,9.520_spring_2003,Mathematics of Machine Learning,Statistical Learning Theory and Applications,train,0,Algorithms and Data Structures; Artificial Intelligence; Computer Science; Probability and Statistics,0.3585,1
18.657_fall_2015,9.520_spring_2006,Mathematics of Machine Learning,Statistical Learning Theory and Applications,train,0,Probability and Statistics,0.0294,0
18.657_fall_2015,ES.1803_spring_2024,Mathematics of Machine Learning,Differential Equations,train,0,,0.0,0
18.657_fall_2015,ESD.86_spring_2007,Mathematics of Machine Learning,"Models, Data and Inference for Socio-Technical Systems",cross,0,Computer Science; Data Mining; Probability and Statistics,0.2283,0
18.657_fall_2015,HST.953_fall_2020,Mathematics of Machine Learning,Collaborative Data Science for Healthcare,train,0,Artificial Intelligence; Computer Science; Data Mining,0.2212,0
18.657_fall_2015,MAS.622J_fall_2006,Mathematics of Machine Learning,Pattern Recognition and Analysis,train,0,Probability and Statistics,0.0429,0
18.657_fall_2015,RES.6-012_spring_2018,Mathematics of Machine Learning,Introduction to Probability,train,0,Probability and Statistics,0.0643,0
18.657_fall_2015,RES.6-013_fall_2021,Mathematics of Machine Learning,AI 101,train,0,Artificial Intelligence; Computer Science,0.2059,0
18.657_fall_2015,RES.8-010_summer_2018,Mathematics of Machine Learning,Introduction to Statistical Physics,cross,0,Probability and Statistics,0.0435,0
18.700_fall_2013,18.S096_fall_2015,Linear Algebra,Topics in Mathematics of Data Science,train,0,,0.0,0
18.700_fall_2013,18.S096_january-iap_2023,Linear Algebra,Matrix Calculus for Machine Learning and Beyond,train,0,Linear Algebra,0.2748,0
18.700_fall_2013,18.S190_spring_2020,Linear Algebra,"Introduction to Computational Thinking with Julia, with Applications to Modeling the COVID-19 Pandemic",cross,0,,0.0,0
18.700_fall_2013,2.087_fall_2014,Linear Algebra,Engineering Math: Differential Equations and Linear Algebra,train,0,Linear Algebra,0.2132,0
18.700_fall_2013,2.161_fall_2008,Linear Algebra,Signal Processing: Continuous and Discrete,train,0,,0.0,0
18.700_fall_2013,21M.383_spring_2023,Linear Algebra,Computational Music Theory and Analysis,train,0,,0.0,0
18.700_fall_2013,6.0002_fall_2016,Linear Algebra,Introduction to Computational Thinking and Data Science,train,0,,0.0,0
18.700_fall_2013,6.006_fall_2011,Linear Algebra,Introduction to Algorithms,cross,0,,0.0,0
18.700_fall_2013,6.006_spring_2020,Linear Algebra,Introduction to Algorithms,cross,0,,0.0,0
18.700_fall_2013,6.036_fall_2020,Linear Algebra,Introduction to Machine Learning,train,0,,0.0,0
18.700_fall_2013,6.041_fall_2010,Linear Algebra,Probabilistic Systems Analysis and Applied Probability,train,0,,0.0,0
18.700_fall_2013,6.041_spring_2006,Linear Algebra,Probabilistic Systems Analysis and Applied  Probability,train,0,,0.0,0
18.700_fall_2013,6.041SC_fall_2013,Linear Algebra,Probabilistic Systems Analysis and Applied Probability,train,0,,0.0,0
18.700_fall_2013,6.046J_spring_2012,Linear Algebra,Design and Analysis of Algorithms,train,0,,0.0,0
18.700_fall_2013,6.046J_spring_2015,Linear Algebra,Design and Analysis of Algorithms,train,0,,0.0,0
18.700_fall_2013,6.079_fall_2009,Linear Algebra,Introduction to Convex Optimization,cross,0,,0.0,0
18.700_fall_2013,6.253_spring_2012,Linear Algebra,Convex Analysis and Optimization,train,0,,0.0,0
18.700_fall_2013,6.341_fall_2005,Linear Algebra,Discrete-Time Signal Processing,train,0,,0.0,0
18.700_fall_2013,6.4210_fall_2022,Linear Algebra,Robotic Manipulation,train,0,,0.0,0
18.700_fall_2013,6.436J_fall_2018,Linear Algebra,Fundamentals of Probability,cross,0,,0.0,0
18.700_fall_2013,6.438_fall_2014,Linear Algebra,Algorithms for Inference,cross,0,,0.0,0
18.700_fall_2013,6.7220J_spring_2025,Linear Algebra,Nonlinear Optimization,train,0,,0.0,0
18.700_fall_2013,6.7960_fall_2024,Linear Algebra,Deep Learning,train,0,,0.0,0
18.700_fall_2013,6.801_fall_2004,Linear Algebra,Machine Vision,train,0,,0.0,0
18.700_fall_2013,6.801_fall_2020,Linear Algebra,Machine Vision,train,0,,0.0,0
18.700_fall_2013,6.8300_spring_2025,Linear Algebra,Advances in Computer Vision,cross,0,,0.0,0
18.700_fall_2013,6.832_spring_2009,Linear Algebra,Underactuated Robotics,train,0,,0.0,0
18.700_fall_2013,6.852J_fall_2009,Linear Algebra,Distributed Algorithms,train,0,,0.0,0
18.700_fall_2013,6.864_fall_2005,Linear Algebra,Advanced Natural Language Processing,cross,0,,0.0,0
18.700_fall_2013,6.867_fall_2006,Linear Algebra,Machine Learning,train,0,,0.0,0
18.700_fall_2013,6.S087_january-iap_2024,Linear Algebra,Foundation Models and Generative AI,train,0,,0.0,0
18.700_fall_2013,6.S191_january-iap_2026,Linear Algebra,Introduction to Deep Learning,train,0,,0.0,0
18.700_fall_2013,6.S897_spring_2019,Linear Algebra,Machine Learning for Healthcare,train,0,,0.0,0
18.700_fall_2013,6.S980_fall_2022,Linear Algebra,Machine Learning for Inverse Graphics,cross,0,,0.0,0
18.700_fall_2013,8.044_spring_2013,Linear Algebra,Statistical Physics I,cross,0,,0.0,0
18.700_fall_2013,8.333_fall_2013,Linear Algebra,Statistical Mechanics I:  Statistical Mechanics of Particles,train,0,,0.0,0
18.700_fall_2013,8.334_spring_2014,Linear Algebra,Statistical Mechanics II: Statistical Physics of Fields,train,0,,0.0,0
18.700_fall_2013,9.520_spring_2003,Linear Algebra,Statistical Learning Theory and Applications,train,0,,0.0,0
18.700_fall_2013,9.520_spring_2006,Linear Algebra,Statistical Learning Theory and Applications,train,0,,0.0,0
18.700_fall_2013,ES.1803_spring_2024,Linear Algebra,Differential Equations,train,0,Linear Algebra,0.4242,1
18.700_fall_2013,ESD.86_spring_2007,Linear Algebra,"Models, Data and Inference for Socio-Technical Systems",cross,0,,0.0,0
18.700_fall_2013,HST.953_fall_2020,Linear Algebra,Collaborative Data Science for Healthcare,train,0,,0.0,0
18.700_fall_2013,MAS.622J_fall_2006,Linear Algebra,Pattern Recognition and Analysis,train,0,,0.0,0
18.700_fall_2013,RES.6-012_spring_2018,Linear Algebra,Introduction to Probability,train,0,,0.0,0
18.700_fall_2013,RES.6-013_fall_2021,Linear Algebra,AI 101,train,0,,0.0,0
18.700_fall_2013,RES.8-010_summer_2018,Linear Algebra,Introduction to Statistical Physics,cross,0,,0.0,0
18.S096_fall_2015,18.S096_january-iap_2023,Topics in Mathematics of Data Science,Matrix Calculus for Machine Learning and Beyond,train,1,Applied Mathematics,1.0,1
18.S096_fall_2015,18.S190_spring_2020,Topics in Mathematics of Data Science,"Introduction to Computational Thinking with Julia, with Applications to Modeling the COVID-19 Pandemic",cross,0,Applied Mathematics; Computer Science,0.1312,0
18.S096_fall_2015,2.087_fall_2014,Topics in Mathematics of Data Science,Engineering Math: Differential Equations and Linear Algebra,train,0,Applied Mathematics,0.1079,0
18.S096_fall_2015,2.161_fall_2008,Topics in Mathematics of Data Science,Signal Processing: Continuous and Discrete,train,0,,0.0,0
18.S096_fall_2015,21M.383_spring_2023,Topics in Mathematics of Data Science,Computational Music Theory and Analysis,train,0,Probability and Statistics,0.0318,0
18.S096_fall_2015,6.0002_fall_2016,Topics in Mathematics of Data Science,Introduction to Computational Thinking and Data Science,train,0,Computer Science; Probability and Statistics,0.2973,0
18.S096_fall_2015,6.006_fall_2011,Topics in Mathematics of Data Science,Introduction to Algorithms,cross,0,Computer Science,0.1045,0
18.S096_fall_2015,6.006_spring_2020,Topics in Mathematics of Data Science,Introduction to Algorithms,cross,0,Computer Science,0.0564,0
18.S096_fall_2015,6.036_fall_2020,Topics in Mathematics of Data Science,Introduction to Machine Learning,train,0,Computer Science,0.0863,0
18.S096_fall_2015,6.041_fall_2010,Topics in Mathematics of Data Science,Probabilistic Systems Analysis and Applied Probability,train,0,Probability and Statistics,0.0873,0
18.S096_fall_2015,6.041_spring_2006,Topics in Mathematics of Data Science,Probabilistic Systems Analysis and Applied  Probability,train,0,Probability and Statistics,0.1087,0
18.S096_fall_2015,6.041SC_fall_2013,Topics in Mathematics of Data Science,Probabilistic Systems Analysis and Applied Probability,train,0,Probability and Statistics,0.0873,0
18.S096_fall_2015,6.046J_spring_2012,Topics in Mathematics of Data Science,Design and Analysis of Algorithms,train,0,Computer Science,0.1045,0
18.S096_fall_2015,6.046J_spring_2015,Topics in Mathematics of Data Science,Design and Analysis of Algorithms,train,0,Applied Mathematics; Computer Science,0.1558,0
18.S096_fall_2015,6.079_fall_2009,Topics in Mathematics of Data Science,Introduction to Convex Optimization,cross,0,Applied Mathematics,0.1302,0
18.S096_fall_2015,6.253_spring_2012,Topics in Mathematics of Data Science,Convex Analysis and Optimization,train,0,Computer Science,0.0697,0
18.S096_fall_2015,6.341_fall_2005,Topics in Mathematics of Data Science,Discrete-Time Signal Processing,train,0,,0.0,0
18.S096_fall_2015,6.4210_fall_2022,Topics in Mathematics of Data Science,Robotic Manipulation,train,0,Computer Science,0.06,0
18.S096_fall_2015,6.436J_fall_2018,Topics in Mathematics of Data Science,Fundamentals of Probability,cross,0,Probability and Statistics,0.1559,0
18.S096_fall_2015,6.438_fall_2014,Topics in Mathematics of Data Science,Algorithms for Inference,cross,0,Computer Science; Probability and Statistics,0.1544,0
18.S096_fall_2015,6.7220J_spring_2025,Topics in Mathematics of Data Science,Nonlinear Optimization,train,0,Applied Mathematics; Computer Science,0.1782,0
18.S096_fall_2015,6.7960_fall_2024,Topics in Mathematics of Data Science,Deep Learning,train,0,Computer Science,0.0761,0
18.S096_fall_2015,6.801_fall_2004,Topics in Mathematics of Data Science,Machine Vision,train,0,Computer Science,0.0362,0
18.S096_fall_2015,6.801_fall_2020,Topics in Mathematics of Data Science,Machine Vision,train,0,Computer Science,0.0761,0
18.S096_fall_2015,6.8300_spring_2025,Topics in Mathematics of Data Science,Advances in Computer Vision,cross,0,Computer Science,0.11,0
18.S096_fall_2015,6.832_spring_2009,Topics in Mathematics of Data Science,Underactuated Robotics,train,0,Computer Science,0.06,0
18.S096_fall_2015,6.852J_fall_2009,Topics in Mathematics of Data Science,Distributed Algorithms,train,0,Computer Science,0.0718,0
18.S096_fall_2015,6.864_fall_2005,Topics in Mathematics of Data Science,Advanced Natural Language Processing,cross,0,Computer Science,0.0424,0
18.S096_fall_2015,6.867_fall_2006,Topics in Mathematics of Data Science,Machine Learning,train,0,Computer Science; Probability and Statistics,0.1367,0
18.S096_fall_2015,6.S087_january-iap_2024,Topics in Mathematics of Data Science,Foundation Models and Generative AI,train,0,Computer Science,0.11,0
18.S096_fall_2015,6.S191_january-iap_2026,Topics in Mathematics of Data Science,Introduction to Deep Learning,train,0,Computer Science,0.0541,0
18.S096_fall_2015,6.S897_spring_2019,Topics in Mathematics of Data Science,Machine Learning for Healthcare,train,0,Computer Science,0.0369,0
18.S096_fall_2015,6.S980_fall_2022,Topics in Mathematics of Data Science,Machine Learning for Inverse Graphics,cross,0,Computer Science,0.0761,0
18.S096_fall_2015,8.044_spring_2013,Topics in Mathematics of Data Science,Statistical Physics I,cross,0,Probability and Statistics,0.068,0
18.S096_fall_2015,8.333_fall_2013,Topics in Mathematics of Data Science,Statistical Mechanics I:  Statistical Mechanics of Particles,train,0,Probability and Statistics,0.0382,0
18.S096_fall_2015,8.334_spring_2014,Topics in Mathematics of Data Science,Statistical Mechanics II: Statistical Physics of Fields,train,0,Probability and Statistics,0.0489,0
18.S096_fall_2015,9.520_spring_2003,Topics in Mathematics of Data Science,Statistical Learning Theory and Applications,train,0,Computer Science; Probability and Statistics,0.1367,0
18.S096_fall_2015,9.520_spring_2006,Topics in Mathematics of Data Science,Statistical Learning Theory and Applications,train,0,Probability and Statistics,0.0369,0
18.S096_fall_2015,ES.1803_spring_2024,Topics in Mathematics of Data Science,Differential Equations,train,0,,0.0,0
18.S096_fall_2015,ESD.86_spring_2007,Topics in Mathematics of Data Science,"Models, Data and Inference for Socio-Technical Systems",cross,0,Computer Science; Data Mining; Probability and Statistics,0.3526,1
18.S096_fall_2015,HST.953_fall_2020,Topics in Mathematics of Data Science,Collaborative Data Science for Healthcare,train,0,Computer Science; Data Mining,0.1834,0
18.S096_fall_2015,MAS.622J_fall_2006,Topics in Mathematics of Data Science,Pattern Recognition and Analysis,train,0,Probability and Statistics,0.0608,0
18.S096_fall_2015,RES.6-012_spring_2018,Topics in Mathematics of Data Science,Introduction to Probability,train,0,Probability and Statistics,0.1153,0
18.S096_fall_2015,RES.6-013_fall_2021,Topics in Mathematics of Data Science,AI 101,train,0,Computer Science,0.11,0
18.S096_fall_2015,RES.8-010_summer_2018,Topics in Mathematics of Data Science,Introduction to Statistical Physics,cross,0,Probability and Statistics,0.062,0
18.S096_january-iap_2023,18.S190_spring_2020,Matrix Calculus for Machine Learning and Beyond,"Introduction to Computational Thinking with Julia, with Applications to Modeling the COVID-19 Pandemic",cross,0,Applied Mathematics,0.0727,0
18.S096_january-iap_2023,2.087_fall_2014,Matrix Calculus for Machine Learning and Beyond,Engineering Math: Differential Equations and Linear Algebra,train,0,Applied Mathematics; Linear Algebra,0.2509,0
18.S096_january-iap_2023,2.161_fall_2008,Matrix Calculus for Machine Learning and Beyond,Signal Processing: Continuous and Discrete,train,0,,0.0,0
18.S096_january-iap_2023,21M.383_spring_2023,Matrix Calculus for Machine Learning and Beyond,Computational Music Theory and Analysis,train,0,,0.0,0
18.S096_january-iap_2023,6.0002_fall_2016,Matrix Calculus for Machine Learning and Beyond,Introduction to Computational Thinking and Data Science,train,0,,0.0,0
18.S096_january-iap_2023,6.006_fall_2011,Matrix Calculus for Machine Learning and Beyond,Introduction to Algorithms,cross,0,,0.0,0
18.S096_january-iap_2023,6.006_spring_2020,Matrix Calculus for Machine Learning and Beyond,Introduction to Algorithms,cross,0,,0.0,0
18.S096_january-iap_2023,6.036_fall_2020,Matrix Calculus for Machine Learning and Beyond,Introduction to Machine Learning,train,0,,0.0,0
18.S096_january-iap_2023,6.041_fall_2010,Matrix Calculus for Machine Learning and Beyond,Probabilistic Systems Analysis and Applied Probability,train,0,,0.0,0
18.S096_january-iap_2023,6.041_spring_2006,Matrix Calculus for Machine Learning and Beyond,Probabilistic Systems Analysis and Applied  Probability,train,0,,0.0,0
18.S096_january-iap_2023,6.041SC_fall_2013,Matrix Calculus for Machine Learning and Beyond,Probabilistic Systems Analysis and Applied Probability,train,0,,0.0,0
18.S096_january-iap_2023,6.046J_spring_2012,Matrix Calculus for Machine Learning and Beyond,Design and Analysis of Algorithms,train,0,,0.0,0
18.S096_january-iap_2023,6.046J_spring_2015,Matrix Calculus for Machine Learning and Beyond,Design and Analysis of Algorithms,train,0,Applied Mathematics,0.0833,0
18.S096_january-iap_2023,6.079_fall_2009,Matrix Calculus for Machine Learning and Beyond,Introduction to Convex Optimization,cross,0,Applied Mathematics,0.1017,0
18.S096_january-iap_2023,6.253_spring_2012,Matrix Calculus for Machine Learning and Beyond,Convex Analysis and Optimization,train,0,,0.0,0
18.S096_january-iap_2023,6.341_fall_2005,Matrix Calculus for Machine Learning and Beyond,Discrete-Time Signal Processing,train,0,,0.0,0
18.S096_january-iap_2023,6.4210_fall_2022,Matrix Calculus for Machine Learning and Beyond,Robotic Manipulation,train,0,,0.0,0
18.S096_january-iap_2023,6.436J_fall_2018,Matrix Calculus for Machine Learning and Beyond,Fundamentals of Probability,cross,0,,0.0,0
18.S096_january-iap_2023,6.438_fall_2014,Matrix Calculus for Machine Learning and Beyond,Algorithms for Inference,cross,0,,0.0,0
18.S096_january-iap_2023,6.7220J_spring_2025,Matrix Calculus for Machine Learning and Beyond,Nonlinear Optimization,train,0,Applied Mathematics,0.0924,0
18.S096_january-iap_2023,6.7960_fall_2024,Matrix Calculus for Machine Learning and Beyond,Deep Learning,train,0,,0.0,0
18.S096_january-iap_2023,6.801_fall_2004,Matrix Calculus for Machine Learning and Beyond,Machine Vision,train,0,,0.0,0
18.S096_january-iap_2023,6.801_fall_2020,Matrix Calculus for Machine Learning and Beyond,Machine Vision,train,0,,0.0,0
18.S096_january-iap_2023,6.8300_spring_2025,Matrix Calculus for Machine Learning and Beyond,Advances in Computer Vision,cross,0,,0.0,0
18.S096_january-iap_2023,6.832_spring_2009,Matrix Calculus for Machine Learning and Beyond,Underactuated Robotics,train,0,,0.0,0
18.S096_january-iap_2023,6.852J_fall_2009,Matrix Calculus for Machine Learning and Beyond,Distributed Algorithms,train,0,,0.0,0
18.S096_january-iap_2023,6.864_fall_2005,Matrix Calculus for Machine Learning and Beyond,Advanced Natural Language Processing,cross,0,,0.0,0
18.S096_january-iap_2023,6.867_fall_2006,Matrix Calculus for Machine Learning and Beyond,Machine Learning,train,0,,0.0,0
18.S096_january-iap_2023,6.S087_january-iap_2024,Matrix Calculus for Machine Learning and Beyond,Foundation Models and Generative AI,train,0,,0.0,0
18.S096_january-iap_2023,6.S191_january-iap_2026,Matrix Calculus for Machine Learning and Beyond,Introduction to Deep Learning,train,0,,0.0,0
18.S096_january-iap_2023,6.S897_spring_2019,Matrix Calculus for Machine Learning and Beyond,Machine Learning for Healthcare,train,0,,0.0,0
18.S096_january-iap_2023,6.S980_fall_2022,Matrix Calculus for Machine Learning and Beyond,Machine Learning for Inverse Graphics,cross,0,,0.0,0
18.S096_january-iap_2023,8.044_spring_2013,Matrix Calculus for Machine Learning and Beyond,Statistical Physics I,cross,0,,0.0,0
18.S096_january-iap_2023,8.333_fall_2013,Matrix Calculus for Machine Learning and Beyond,Statistical Mechanics I:  Statistical Mechanics of Particles,train,0,,0.0,0
18.S096_january-iap_2023,8.334_spring_2014,Matrix Calculus for Machine Learning and Beyond,Statistical Mechanics II: Statistical Physics of Fields,train,0,,0.0,0
18.S096_january-iap_2023,9.520_spring_2003,Matrix Calculus for Machine Learning and Beyond,Statistical Learning Theory and Applications,train,0,,0.0,0
18.S096_january-iap_2023,9.520_spring_2006,Matrix Calculus for Machine Learning and Beyond,Statistical Learning Theory and Applications,train,0,,0.0,0
18.S096_january-iap_2023,ES.1803_spring_2024,Matrix Calculus for Machine Learning and Beyond,Differential Equations,train,0,Linear Algebra,0.2001,0
18.S096_january-iap_2023,ESD.86_spring_2007,Matrix Calculus for Machine Learning and Beyond,"Models, Data and Inference for Socio-Technical Systems",cross,0,,0.0,0
18.S096_january-iap_2023,HST.953_fall_2020,Matrix Calculus for Machine Learning and Beyond,Collaborative Data Science for Healthcare,train,0,,0.0,0
18.S096_january-iap_2023,MAS.622J_fall_2006,Matrix Calculus for Machine Learning and Beyond,Pattern Recognition and Analysis,train,0,,0.0,0
18.S096_january-iap_2023,RES.6-012_spring_2018,Matrix Calculus for Machine Learning and Beyond,Introduction to Probability,train,0,,0.0,0
18.S096_january-iap_2023,RES.6-013_fall_2021,Matrix Calculus for Machine Learning and Beyond,AI 101,train,0,,0.0,0
18.S096_january-iap_2023,RES.8-010_summer_2018,Matrix Calculus for Machine Learning and Beyond,Introduction to Statistical Physics,cross,0,,0.0,0
18.S190_spring_2020,2.087_fall_2014,"Introduction to Computational Thinking with Julia, with Applications to Modeling the COVID-19 Pandemic",Engineering Math: Differential Equations and Linear Algebra,cross,0,Applied Mathematics,0.0652,0
18.S190_spring_2020,2.161_fall_2008,"Introduction to Computational Thinking with Julia, with Applications to Modeling the COVID-19 Pandemic",Signal Processing: Continuous and Discrete,cross,0,Computation,0.0853,0
18.S190_spring_2020,21M.383_spring_2023,"Introduction to Computational Thinking with Julia, with Applications to Modeling the COVID-19 Pandemic",Computational Music Theory and Analysis,cross,0,Computation,0.0842,0
18.S190_spring_2020,6.0002_fall_2016,"Introduction to Computational Thinking with Julia, with Applications to Modeling the COVID-19 Pandemic",Introduction to Computational Thinking and Data Science,cross,0,Computer Science,0.047,0
18.S190_spring_2020,6.006_fall_2011,"Introduction to Computational Thinking with Julia, with Applications to Modeling the COVID-19 Pandemic",Introduction to Algorithms,test,0,Algorithms and Data Structures; Computer Science,0.1734,0
18.S190_spring_2020,6.006_spring_2020,"Introduction to Computational Thinking with Julia, with Applications to Modeling the COVID-19 Pandemic",Introduction to Algorithms,test,0,Algorithms and Data Structures; Computation; Computer Science,0.2972,0
18.S190_spring_2020,6.036_fall_2020,"Introduction to Computational Thinking with Julia, with Applications to Modeling the COVID-19 Pandemic",Introduction to Machine Learning,cross,0,Algorithms and Data Structures; Computer Science,0.1576,0
18.S190_spring_2020,6.041_fall_2010,"Introduction to Computational Thinking with Julia, with Applications to Modeling the COVID-19 Pandemic",Probabilistic Systems Analysis and Applied Probability,cross,0,,0.0,0
18.S190_spring_2020,6.041_spring_2006,"Introduction to Computational Thinking with Julia, with Applications to Modeling the COVID-19 Pandemic",Probabilistic Systems Analysis and Applied  Probability,cross,0,,0.0,0
18.S190_spring_2020,6.041SC_fall_2013,"Introduction to Computational Thinking with Julia, with Applications to Modeling the COVID-19 Pandemic",Probabilistic Systems Analysis and Applied Probability,cross,0,,0.0,0
18.S190_spring_2020,6.046J_spring_2012,"Introduction to Computational Thinking with Julia, with Applications to Modeling the COVID-19 Pandemic",Design and Analysis of Algorithms,cross,0,Algorithms and Data Structures; Computer Science,0.1734,0
18.S190_spring_2020,6.046J_spring_2015,"Introduction to Computational Thinking with Julia, with Applications to Modeling the COVID-19 Pandemic",Design and Analysis of Algorithms,cross,0,Algorithms and Data Structures; Applied Mathematics; Computer Networks; Computer Science,0.3784,1
18.S190_spring_2020,6.079_fall_2009,"Introduction to Computational Thinking with Julia, with Applications to Modeling the COVID-19 Pandemic",Introduction to Convex Optimization,test,0,Applied Mathematics,0.0728,0
18.S190_spring_2020,6.253_spring_2012,"Introduction to Computational Thinking with Julia, with Applications to Modeling the COVID-19 Pandemic",Convex Analysis and Optimization,cross,0,Algorithms and Data Structures; Computer Science,0.1401,0
18.S190_spring_2020,6.341_fall_2005,"Introduction to Computational Thinking with Julia, with Applications to Modeling the COVID-19 Pandemic",Discrete-Time Signal Processing,cross,0,,0.0,0
18.S190_spring_2020,6.4210_fall_2022,"Introduction to Computational Thinking with Julia, with Applications to Modeling the COVID-19 Pandemic",Robotic Manipulation,cross,0,Computer Science,0.0336,0
18.S190_spring_2020,6.436J_fall_2018,"Introduction to Computational Thinking with Julia, with Applications to Modeling the COVID-19 Pandemic",Fundamentals of Probability,test,0,,0.0,0
18.S190_spring_2020,6.438_fall_2014,"Introduction to Computational Thinking with Julia, with Applications to Modeling the COVID-19 Pandemic",Algorithms for Inference,test,0,Algorithms and Data Structures; Computer Science,0.1381,0
18.S190_spring_2020,6.7220J_spring_2025,"Introduction to Computational Thinking with Julia, with Applications to Modeling the COVID-19 Pandemic",Nonlinear Optimization,cross,0,Applied Mathematics; Computer Science,0.1025,0
18.S190_spring_2020,6.7960_fall_2024,"Introduction to Computational Thinking with Julia, with Applications to Modeling the COVID-19 Pandemic",Deep Learning,cross,0,Computer Science,0.0381,0
18.S190_spring_2020,6.801_fall_2004,"Introduction to Computational Thinking with Julia, with Applications to Modeling the COVID-19 Pandemic",Machine Vision,cross,0,Computer Science,0.0246,0
18.S190_spring_2020,6.801_fall_2020,"Introduction to Computational Thinking with Julia, with Applications to Modeling the COVID-19 Pandemic",Machine Vision,cross,0,Computer Science,0.0381,0
18.S190_spring_2020,6.8300_spring_2025,"Introduction to Computational Thinking with Julia, with Applications to Modeling the COVID-19 Pandemic",Advances in Computer Vision,test,0,Computer Science,0.0451,0
18.S190_spring_2020,6.832_spring_2009,"Introduction to Computational Thinking with Julia, with Applications to Modeling the COVID-19 Pandemic",Underactuated Robotics,cross,0,Computer Science,0.0336,0
18.S190_spring_2020,6.852J_fall_2009,"Introduction to Computational Thinking with Julia, with Applications to Modeling the COVID-19 Pandemic",Distributed Algorithms,cross,0,Algorithms and Data Structures; Computer Science,0.1425,0
18.S190_spring_2020,6.864_fall_2005,"Introduction to Computational Thinking with Julia, with Applications to Modeling the COVID-19 Pandemic",Advanced Natural Language Processing,test,0,Computer Science,0.0273,0
18.S190_spring_2020,6.867_fall_2006,"Introduction to Computational Thinking with Julia, with Applications to Modeling the COVID-19 Pandemic",Machine Learning,cross,0,Algorithms and Data Structures; Computer Science,0.1291,0
18.S190_spring_2020,6.S087_january-iap_2024,"Introduction to Computational Thinking with Julia, with Applications to Modeling the COVID-19 Pandemic",Foundation Models and Generative AI,cross,0,Computer Science,0.0451,0
18.S190_spring_2020,6.S191_january-iap_2026,"Introduction to Computational Thinking with Julia, with Applications to Modeling the COVID-19 Pandemic",Introduction to Deep Learning,cross,0,Computer Science,0.0317,0
18.S190_spring_2020,6.S897_spring_2019,"Introduction to Computational Thinking with Julia, with Applications to Modeling the COVID-19 Pandemic",Machine Learning for Healthcare,cross,0,Computer Science,0.0249,0
18.S190_spring_2020,6.S980_fall_2022,"Introduction to Computational Thinking with Julia, with Applications to Modeling the COVID-19 Pandemic",Machine Learning for Inverse Graphics,test,0,Computer Science,0.0381,0
18.S190_spring_2020,8.044_spring_2013,"Introduction to Computational Thinking with Julia, with Applications to Modeling the COVID-19 Pandemic",Statistical Physics I,test,0,,0.0,0
18.S190_spring_2020,8.333_fall_2013,"Introduction to Computational Thinking with Julia, with Applications to Modeling the COVID-19 Pandemic",Statistical Mechanics I:  Statistical Mechanics of Particles,cross,0,,0.0,0
18.S190_spring_2020,8.334_spring_2014,"Introduction to Computational Thinking with Julia, with Applications to Modeling the COVID-19 Pandemic",Statistical Mechanics II: Statistical Physics of Fields,cross,0,,0.0,0
18.S190_spring_2020,9.520_spring_2003,"Introduction to Computational Thinking with Julia, with Applications to Modeling the COVID-19 Pandemic",Statistical Learning Theory and Applications,cross,0,Algorithms and Data Structures; Computer Science,0.1291,0
18.S190_spring_2020,9.520_spring_2006,"Introduction to Computational Thinking with Julia, with Applications to Modeling the COVID-19 Pandemic",Statistical Learning Theory and Applications,cross,0,,0.0,0
18.S190_spring_2020,ES.1803_spring_2024,"Introduction to Computational Thinking with Julia, with Applications to Modeling the COVID-19 Pandemic",Differential Equations,cross,0,,0.0,0
18.S190_spring_2020,ESD.86_spring_2007,"Introduction to Computational Thinking with Julia, with Applications to Modeling the COVID-19 Pandemic","Models, Data and Inference for Socio-Technical Systems",test,0,Computer Science,0.0323,0
18.S190_spring_2020,HST.953_fall_2020,"Introduction to Computational Thinking with Julia, with Applications to Modeling the COVID-19 Pandemic",Collaborative Data Science for Healthcare,cross,0,Computer Science,0.0273,0
18.S190_spring_2020,MAS.622J_fall_2006,"Introduction to Computational Thinking with Julia, with Applications to Modeling the COVID-19 Pandemic",Pattern Recognition and Analysis,cross,0,,0.0,0
18.S190_spring_2020,RES.6-012_spring_2018,"Introduction to Computational Thinking with Julia, with Applications to Modeling the COVID-19 Pandemic",Introduction to Probability,cross,0,,0.0,0
18.S190_spring_2020,RES.6-013_fall_2021,"Introduction to Computational Thinking with Julia, with Applications to Modeling the COVID-19 Pandemic",AI 101,cross,0,Computer Science,0.0451,0
18.S190_spring_2020,RES.8-010_summer_2018,"Introduction to Computational Thinking with Julia, with Applications to Modeling the COVID-19 Pandemic",Introduction to Statistical Physics,test,0,,0.0,0
2.087_fall_2014,2.161_fall_2008,Engineering Math: Differential Equations and Linear Algebra,Signal Processing: Continuous and Discrete,train,0,Mechanical Engineering,0.1414,0
2.087_fall_2014,21M.383_spring_2023,Engineering Math: Differential Equations and Linear Algebra,Computational Music Theory and Analysis,train,0,,0.0,0
2.087_fall_2014,6.0002_fall_2016,Engineering Math: Differential Equations and Linear Algebra,Introduction to Computational Thinking and Data Science,train,0,,0.0,0
2.087_fall_2014,6.006_fall_2011,Engineering Math: Differential Equations and Linear Algebra,Introduction to Algorithms,cross,0,,0.0,0
2.087_fall_2014,6.006_spring_2020,Engineering Math: Differential Equations and Linear Algebra,Introduction to Algorithms,cross,0,,0.0,0
2.087_fall_2014,6.036_fall_2020,Engineering Math: Differential Equations and Linear Algebra,Introduction to Machine Learning,train,0,,0.0,0
2.087_fall_2014,6.041_fall_2010,Engineering Math: Differential Equations and Linear Algebra,Probabilistic Systems Analysis and Applied Probability,train,0,,0.0,0
2.087_fall_2014,6.041_spring_2006,Engineering Math: Differential Equations and Linear Algebra,Probabilistic Systems Analysis and Applied  Probability,train,0,,0.0,0
2.087_fall_2014,6.041SC_fall_2013,Engineering Math: Differential Equations and Linear Algebra,Probabilistic Systems Analysis and Applied Probability,train,0,,0.0,0
2.087_fall_2014,6.046J_spring_2012,Engineering Math: Differential Equations and Linear Algebra,Design and Analysis of Algorithms,train,0,,0.0,0
2.087_fall_2014,6.046J_spring_2015,Engineering Math: Differential Equations and Linear Algebra,Design and Analysis of Algorithms,train,0,Applied Mathematics,0.0737,0
2.087_fall_2014,6.079_fall_2009,Engineering Math: Differential Equations and Linear Algebra,Introduction to Convex Optimization,cross,0,Applied Mathematics,0.0877,0
2.087_fall_2014,6.253_spring_2012,Engineering Math: Differential Equations and Linear Algebra,Convex Analysis and Optimization,train,0,,0.0,0
2.087_fall_2014,6.341_fall_2005,Engineering Math: Differential Equations and Linear Algebra,Discrete-Time Signal Processing,train,0,,0.0,0
2.087_fall_2014,6.4210_fall_2022,Engineering Math: Differential Equations and Linear Algebra,Robotic Manipulation,train,0,,0.0,0
2.087_fall_2014,6.436J_fall_2018,Engineering Math: Differential Equations and Linear Algebra,Fundamentals of Probability,cross,0,,0.0,0
2.087_fall_2014,6.438_fall_2014,Engineering Math: Differential Equations and Linear Algebra,Algorithms for Inference,cross,0,,0.0,0
2.087_fall_2014,6.7220J_spring_2025,Engineering Math: Differential Equations and Linear Algebra,Nonlinear Optimization,train,0,Applied Mathematics,0.0807,0
2.087_fall_2014,6.7960_fall_2024,Engineering Math: Differential Equations and Linear Algebra,Deep Learning,train,0,,0.0,0
2.087_fall_2014,6.801_fall_2004,Engineering Math: Differential Equations and Linear Algebra,Machine Vision,train,0,,0.0,0
2.087_fall_2014,6.801_fall_2020,Engineering Math: Differential Equations and Linear Algebra,Machine Vision,train,0,,0.0,0
2.087_fall_2014,6.8300_spring_2025,Engineering Math: Differential Equations and Linear Algebra,Advances in Computer Vision,cross,0,,0.0,0
2.087_fall_2014,6.832_spring_2009,Engineering Math: Differential Equations and Linear Algebra,Underactuated Robotics,train,0,,0.0,0
2.087_fall_2014,6.852J_fall_2009,Engineering Math: Differential Equations and Linear Algebra,Distributed Algorithms,train,0,,0.0,0
2.087_fall_2014,6.864_fall_2005,Engineering Math: Differential Equations and Linear Algebra,Advanced Natural Language Processing,cross,0,,0.0,0
2.087_fall_2014,6.867_fall_2006,Engineering Math: Differential Equations and Linear Algebra,Machine Learning,train,0,,0.0,0
2.087_fall_2014,6.S087_january-iap_2024,Engineering Math: Differential Equations and Linear Algebra,Foundation Models and Generative AI,train,0,,0.0,0
2.087_fall_2014,6.S191_january-iap_2026,Engineering Math: Differential Equations and Linear Algebra,Introduction to Deep Learning,train,0,,0.0,0
2.087_fall_2014,6.S897_spring_2019,Engineering Math: Differential Equations and Linear Algebra,Machine Learning for Healthcare,train,0,,0.0,0
2.087_fall_2014,6.S980_fall_2022,Engineering Math: Differential Equations and Linear Algebra,Machine Learning for Inverse Graphics,cross,0,,0.0,0
2.087_fall_2014,8.044_spring_2013,Engineering Math: Differential Equations and Linear Algebra,Statistical Physics I,cross,0,,0.0,0
2.087_fall_2014,8.333_fall_2013,Engineering Math: Differential Equations and Linear Algebra,Statistical Mechanics I:  Statistical Mechanics of Particles,train,0,,0.0,0
2.087_fall_2014,8.334_spring_2014,Engineering Math: Differential Equations and Linear Algebra,Statistical Mechanics II: Statistical Physics of Fields,train,0,,0.0,0
2.087_fall_2014,9.520_spring_2003,Engineering Math: Differential Equations and Linear Algebra,Statistical Learning Theory and Applications,train,0,,0.0,0
2.087_fall_2014,9.520_spring_2006,Engineering Math: Differential Equations and Linear Algebra,Statistical Learning Theory and Applications,train,0,,0.0,0
2.087_fall_2014,ES.1803_spring_2024,Engineering Math: Differential Equations and Linear Algebra,Differential Equations,train,0,Differential Equations; Linear Algebra,0.5025,1
2.087_fall_2014,ESD.86_spring_2007,Engineering Math: Differential Equations and Linear Algebra,"Models, Data and Inference for Socio-Technical Systems",cross,0,,0.0,0
2.087_fall_2014,HST.953_fall_2020,Engineering Math: Differential Equations and Linear Algebra,Collaborative Data Science for Healthcare,train,0,,0.0,0
2.087_fall_2014,MAS.622J_fall_2006,Engineering Math: Differential Equations and Linear Algebra,Pattern Recognition and Analysis,train,0,,0.0,0
2.087_fall_2014,RES.6-012_spring_2018,Engineering Math: Differential Equations and Linear Algebra,Introduction to Probability,train,0,,0.0,0
2.087_fall_2014,RES.6-013_fall_2021,Engineering Math: Differential Equations and Linear Algebra,AI 101,train,0,,0.0,0
2.087_fall_2014,RES.8-010_summer_2018,Engineering Math: Differential Equations and Linear Algebra,Introduction to Statistical Physics,cross,0,,0.0,0
2.161_fall_2008,21M.383_spring_2023,Signal Processing: Continuous and Discrete,Computational Music Theory and Analysis,train,0,Computation,0.0716,0
2.161_fall_2008,6.0002_fall_2016,Signal Processing: Continuous and Discrete,Introduction to Computational Thinking and Data Science,train,0,,0.0,0
2.161_fall_2008,6.006_fall_2011,Signal Processing: Continuous and Discrete,Introduction to Algorithms,cross,0,,0.0,0
2.161_fall_2008,6.006_spring_2020,Signal Processing: Continuous and Discrete,Introduction to Algorithms,cross,0,Computation,0.1055,0
2.161_fall_2008,6.036_fall_2020,Signal Processing: Continuous and Discrete,Introduction to Machine Learning,train,0,,0.0,0
2.161_fall_2008,6.041_fall_2010,Signal Processing: Continuous and Discrete,Probabilistic Systems Analysis and Applied Probability,train,0,,0.0,0
2.161_fall_2008,6.041_spring_2006,Signal Processing: Continuous and Discrete,Probabilistic Systems Analysis and Applied  Probability,train,0,,0.0,0
2.161_fall_2008,6.041SC_fall_2013,Signal Processing: Continuous and Discrete,Probabilistic Systems Analysis and Applied Probability,train,0,,0.0,0
2.161_fall_2008,6.046J_spring_2012,Signal Processing: Continuous and Discrete,Design and Analysis of Algorithms,train,0,,0.0,0
2.161_fall_2008,6.046J_spring_2015,Signal Processing: Continuous and Discrete,Design and Analysis of Algorithms,train,0,,0.0,0
2.161_fall_2008,6.079_fall_2009,Signal Processing: Continuous and Discrete,Introduction to Convex Optimization,cross,0,Electrical Engineering,0.0881,0
2.161_fall_2008,6.253_spring_2012,Signal Processing: Continuous and Discrete,Convex Analysis and Optimization,train,0,,0.0,0
2.161_fall_2008,6.341_fall_2005,Signal Processing: Continuous and Discrete,Discrete-Time Signal Processing,train,0,Digital Systems; Electrical Engineering; Signal Processing,0.4049,1
2.161_fall_2008,6.4210_fall_2022,Signal Processing: Continuous and Discrete,Robotic Manipulation,train,0,Electrical Engineering,0.0907,0
2.161_fall_2008,6.436J_fall_2018,Signal Processing: Continuous and Discrete,Fundamentals of Probability,cross,0,,0.0,0
2.161_fall_2008,6.438_fall_2014,Signal Processing: Continuous and Discrete,Algorithms for Inference,cross,0,,0.0,0
2.161_fall_2008,6.7220J_spring_2025,Signal Processing: Continuous and Discrete,Nonlinear Optimization,train,0,,0.0,0
2.161_fall_2008,6.7960_fall_2024,Signal Processing: Continuous and Discrete,Deep Learning,train,0,,0.0,0
2.161_fall_2008,6.801_fall_2004,Signal Processing: Continuous and Discrete,Machine Vision,train,0,Electrical Engineering; Signal Processing,0.1717,0
2.161_fall_2008,6.801_fall_2020,Signal Processing: Continuous and Discrete,Machine Vision,train,0,,0.0,0
2.161_fall_2008,6.8300_spring_2025,Signal Processing: Continuous and Discrete,Advances in Computer Vision,cross,0,,0.0,0
2.161_fall_2008,6.832_spring_2009,Signal Processing: Continuous and Discrete,Underactuated Robotics,train,0,Electrical Engineering,0.0907,0
2.161_fall_2008,6.852J_fall_2009,Signal Processing: Continuous and Discrete,Distributed Algorithms,train,0,,0.0,0
2.161_fall_2008,6.864_fall_2005,Signal Processing: Continuous and Discrete,Advanced Natural Language Processing,cross,0,,0.0,0
2.161_fall_2008,6.867_fall_2006,Signal Processing: Continuous and Discrete,Machine Learning,train,0,,0.0,0
2.161_fall_2008,6.S087_january-iap_2024,Signal Processing: Continuous and Discrete,Foundation Models and Generative AI,train,0,,0.0,0
2.161_fall_2008,6.S191_january-iap_2026,Signal Processing: Continuous and Discrete,Introduction to Deep Learning,train,0,,0.0,0
2.161_fall_2008,6.S897_spring_2019,Signal Processing: Continuous and Discrete,Machine Learning for Healthcare,train,0,,0.0,0
2.161_fall_2008,6.S980_fall_2022,Signal Processing: Continuous and Discrete,Machine Learning for Inverse Graphics,cross,0,,0.0,0
2.161_fall_2008,8.044_spring_2013,Signal Processing: Continuous and Discrete,Statistical Physics I,cross,0,,0.0,0
2.161_fall_2008,8.333_fall_2013,Signal Processing: Continuous and Discrete,Statistical Mechanics I:  Statistical Mechanics of Particles,train,0,,0.0,0
2.161_fall_2008,8.334_spring_2014,Signal Processing: Continuous and Discrete,Statistical Mechanics II: Statistical Physics of Fields,train,0,,0.0,0
2.161_fall_2008,9.520_spring_2003,Signal Processing: Continuous and Discrete,Statistical Learning Theory and Applications,train,0,,0.0,0
2.161_fall_2008,9.520_spring_2006,Signal Processing: Continuous and Discrete,Statistical Learning Theory and Applications,train,0,,0.0,0
2.161_fall_2008,ES.1803_spring_2024,Signal Processing: Continuous and Discrete,Differential Equations,train,0,,0.0,0
2.161_fall_2008,ESD.86_spring_2007,Signal Processing: Continuous and Discrete,"Models, Data and Inference for Socio-Technical Systems",cross,0,,0.0,0
2.161_fall_2008,HST.953_fall_2020,Signal Processing: Continuous and Discrete,Collaborative Data Science for Healthcare,train,0,,0.0,0
2.161_fall_2008,MAS.622J_fall_2006,Signal Processing: Continuous and Discrete,Pattern Recognition and Analysis,train,0,Electrical Engineering; Signal Processing,0.2203,0
2.161_fall_2008,RES.6-012_spring_2018,Signal Processing: Continuous and Discrete,Introduction to Probability,train,0,,0.0,0
2.161_fall_2008,RES.6-013_fall_2021,Signal Processing: Continuous and Discrete,AI 101,train,0,,0.0,0
2.161_fall_2008,RES.8-010_summer_2018,Signal Processing: Continuous and Discrete,Introduction to Statistical Physics,cross,0,,0.0,0
21M.383_spring_2023,6.0002_fall_2016,Computational Music Theory and Analysis,Introduction to Computational Thinking and Data Science,train,0,Probability and Statistics,0.0371,0
21M.383_spring_2023,6.006_fall_2011,Computational Music Theory and Analysis,Introduction to Algorithms,cross,0,,0.0,0
21M.383_spring_2023,6.006_spring_2020,Computational Music Theory and Analysis,Introduction to Algorithms,cross,0,Computation,0.1038,0
21M.383_spring_2023,6.036_fall_2020,Computational Music Theory and Analysis,Introduction to Machine Learning,train,0,,0.0,0
21M.383_spring_2023,6.041_fall_2010,Computational Music Theory and Analysis,Probabilistic Systems Analysis and Applied Probability,train,0,Probability and Statistics,0.0322,0
21M.383_spring_2023,6.041_spring_2006,Computational Music Theory and Analysis,Probabilistic Systems Analysis and Applied  Probability,train,0,Probability and Statistics,0.0347,0
21M.383_spring_2023,6.041SC_fall_2013,Computational Music Theory and Analysis,Probabilistic Systems Analysis and Applied Probability,train,0,Probability and Statistics,0.0322,0
21M.383_spring_2023,6.046J_spring_2012,Computational Music Theory and Analysis,Design and Analysis of Algorithms,train,0,,0.0,0
21M.383_spring_2023,6.046J_spring_2015,Computational Music Theory and Analysis,Design and Analysis of Algorithms,train,0,,0.0,0
21M.383_spring_2023,6.079_fall_2009,Computational Music Theory and Analysis,Introduction to Convex Optimization,cross,0,,0.0,0
21M.383_spring_2023,6.253_spring_2012,Computational Music Theory and Analysis,Convex Analysis and Optimization,train,0,Mathematical Analysis,0.1485,0
21M.383_spring_2023,6.341_fall_2005,Computational Music Theory and Analysis,Discrete-Time Signal Processing,train,0,,0.0,0
21M.383_spring_2023,6.4210_fall_2022,Computational Music Theory and Analysis,Robotic Manipulation,train,0,,0.0,0
21M.383_spring_2023,6.436J_fall_2018,Computational Music Theory and Analysis,Fundamentals of Probability,cross,0,Probability and Statistics,0.0384,0
21M.383_spring_2023,6.438_fall_2014,Computational Music Theory and Analysis,Algorithms for Inference,cross,0,Probability and Statistics,0.0304,0
21M.383_spring_2023,6.7220J_spring_2025,Computational Music Theory and Analysis,Nonlinear Optimization,train,0,,0.0,0
21M.383_spring_2023,6.7960_fall_2024,Computational Music Theory and Analysis,Deep Learning,train,0,,0.0,0
21M.383_spring_2023,6.801_fall_2004,Computational Music Theory and Analysis,Machine Vision,train,0,,0.0,0
21M.383_spring_2023,6.801_fall_2020,Computational Music Theory and Analysis,Machine Vision,train,0,,0.0,0
21M.383_spring_2023,6.8300_spring_2025,Computational Music Theory and Analysis,Advances in Computer Vision,cross,0,,0.0,0
21M.383_spring_2023,6.832_spring_2009,Computational Music Theory and Analysis,Underactuated Robotics,train,0,,0.0,0
21M.383_spring_2023,6.852J_fall_2009,Computational Music Theory and Analysis,Distributed Algorithms,train,0,,0.0,0
21M.383_spring_2023,6.864_fall_2005,Computational Music Theory and Analysis,Advanced Natural Language Processing,cross,0,,0.0,0
21M.383_spring_2023,6.867_fall_2006,Computational Music Theory and Analysis,Machine Learning,train,0,Probability and Statistics,0.029,0
21M.383_spring_2023,6.S087_january-iap_2024,Computational Music Theory and Analysis,Foundation Models and Generative AI,train,0,,0.0,0
21M.383_spring_2023,6.S191_january-iap_2026,Computational Music Theory and Analysis,Introduction to Deep Learning,train,0,,0.0,0
21M.383_spring_2023,6.S897_spring_2019,Computational Music Theory and Analysis,Machine Learning for Healthcare,train,0,,0.0,0
21M.383_spring_2023,6.S980_fall_2022,Computational Music Theory and Analysis,Machine Learning for Inverse Graphics,cross,0,,0.0,0
21M.383_spring_2023,8.044_spring_2013,Computational Music Theory and Analysis,Statistical Physics I,cross,0,Probability and Statistics,0.0291,0
21M.383_spring_2023,8.333_fall_2013,Computational Music Theory and Analysis,Statistical Mechanics I:  Statistical Mechanics of Particles,train,0,Probability and Statistics,0.0218,0
21M.383_spring_2023,8.334_spring_2014,Computational Music Theory and Analysis,Statistical Mechanics II: Statistical Physics of Fields,train,0,Probability and Statistics,0.025,0
21M.383_spring_2023,9.520_spring_2003,Computational Music Theory and Analysis,Statistical Learning Theory and Applications,train,0,Probability and Statistics,0.029,0
21M.383_spring_2023,9.520_spring_2006,Computational Music Theory and Analysis,Statistical Learning Theory and Applications,train,0,Probability and Statistics,0.0214,0
21M.383_spring_2023,ES.1803_spring_2024,Computational Music Theory and Analysis,Differential Equations,train,0,,0.0,0
21M.383_spring_2023,ESD.86_spring_2007,Computational Music Theory and Analysis,"Models, Data and Inference for Socio-Technical Systems",cross,0,Probability and Statistics,0.028,0
21M.383_spring_2023,HST.953_fall_2020,Computational Music Theory and Analysis,Collaborative Data Science for Healthcare,train,0,,0.0,0
21M.383_spring_2023,MAS.622J_fall_2006,Computational Music Theory and Analysis,Pattern Recognition and Analysis,train,0,Probability and Statistics,0.0277,0
21M.383_spring_2023,RES.6-012_spring_2018,Computational Music Theory and Analysis,Introduction to Probability,train,0,Probability and Statistics,0.0354,0
21M.383_spring_2023,RES.6-013_fall_2021,Computational Music Theory and Analysis,AI 101,train,0,,0.0,0
21M.383_spring_2023,RES.8-010_summer_2018,Computational Music Theory and Analysis,Introduction to Statistical Physics,cross,0,Probability and Statistics,0.028,0
6.0002_fall_2016,6.006_fall_2011,Introduction to Computational Thinking and Data Science,Introduction to Algorithms,cross,0,Computer Science,0.2175,0
6.0002_fall_2016,6.006_spring_2020,Introduction to Computational Thinking and Data Science,Introduction to Algorithms,cross,0,Computer Science,0.0784,0
6.0002_fall_2016,6.036_fall_2020,Introduction to Computational Thinking and Data Science,Introduction to Machine Learning,train,0,Computer Science,0.1512,0
6.0002_fall_2016,6.041_fall_2010,Introduction to Computational Thinking and Data Science,Probabilistic Systems Analysis and Applied Probability,train,0,Probability and Statistics,0.1438,0
6.0002_fall_2016,6.041_spring_2006,Introduction to Computational Thinking and Data Science,Probabilistic Systems Analysis and Applied  Probability,train,0,Probability and Statistics,0.2132,0
6.0002_fall_2016,6.041SC_fall_2013,Introduction to Computational Thinking and Data Science,Probabilistic Systems Analysis and Applied Probability,train,0,Probability and Statistics,0.1438,0
6.0002_fall_2016,6.046J_spring_2012,Introduction to Computational Thinking and Data Science,Design and Analysis of Algorithms,train,0,Computer Science,0.2175,0
6.0002_fall_2016,6.046J_spring_2015,Introduction to Computational Thinking and Data Science,Design and Analysis of Algorithms,train,0,Computer Science,0.0573,0
6.0002_fall_2016,6.079_fall_2009,Introduction to Computational Thinking and Data Science,Introduction to Convex Optimization,cross,0,,0.0,0
6.0002_fall_2016,6.253_spring_2012,Introduction to Computational Thinking and Data Science,Convex Analysis and Optimization,train,0,Computer Science,0.1067,0
6.0002_fall_2016,6.341_fall_2005,Introduction to Computational Thinking and Data Science,Discrete-Time Signal Processing,train,0,,0.0,0
6.0002_fall_2016,6.4210_fall_2022,Introduction to Computational Thinking and Data Science,Robotic Manipulation,train,0,Computer Science,0.0854,0
6.0002_fall_2016,6.436J_fall_2018,Introduction to Computational Thinking and Data Science,Fundamentals of Probability,cross,0,Probability and Statistics,0.5244,1
6.0002_fall_2016,6.438_fall_2014,Introduction to Computational Thinking and Data Science,Algorithms for Inference,cross,0,Computer Science; Probability and Statistics,0.2431,0
6.0002_fall_2016,6.7220J_spring_2025,Introduction to Computational Thinking and Data Science,Nonlinear Optimization,train,0,Computer Science,0.067,0
6.0002_fall_2016,6.7960_fall_2024,Introduction to Computational Thinking and Data Science,Deep Learning,train,0,Computer Science,0.1224,0
6.0002_fall_2016,6.801_fall_2004,Introduction to Computational Thinking and Data Science,Machine Vision,train,0,Computer Science,0.0442,0
6.0002_fall_2016,6.801_fall_2020,Introduction to Computational Thinking and Data Science,Machine Vision,train,0,Computer Science,0.1224,0
6.0002_fall_2016,6.8300_spring_2025,Introduction to Computational Thinking and Data Science,Advances in Computer Vision,cross,0,Computer Science,0.2427,0
6.0002_fall_2016,6.832_spring_2009,Introduction to Computational Thinking and Data Science,Underactuated Robotics,train,0,Computer Science,0.0854,0
6.0002_fall_2016,6.852J_fall_2009,Introduction to Computational Thinking and Data Science,Distributed Algorithms,train,0,Computer Science,0.1115,0
6.0002_fall_2016,6.864_fall_2005,Introduction to Computational Thinking and Data Science,Advanced Natural Language Processing,cross,0,Computer Science,0.0537,0
6.0002_fall_2016,6.867_fall_2006,Introduction to Computational Thinking and Data Science,Machine Learning,train,0,Computer Science; Probability and Statistics,0.202,0
6.0002_fall_2016,6.S087_january-iap_2024,Introduction to Computational Thinking and Data Science,Foundation Models and Generative AI,train,0,Computer Science,0.2427,0
6.0002_fall_2016,6.S191_january-iap_2026,Introduction to Computational Thinking and Data Science,Introduction to Deep Learning,train,0,Computer Science,0.0739,0
6.0002_fall_2016,6.S897_spring_2019,Introduction to Computational Thinking and Data Science,Machine Learning for Healthcare,train,0,Computer Science,0.0452,0
6.0002_fall_2016,6.S980_fall_2022,Introduction to Computational Thinking and Data Science,Machine Learning for Inverse Graphics,cross,0,Computer Science,0.1224,0
6.0002_fall_2016,8.044_spring_2013,Introduction to Computational Thinking and Data Science,Statistical Physics I,cross,0,Probability and Statistics,0.098,0
6.0002_fall_2016,8.333_fall_2013,Introduction to Computational Thinking and Data Science,Statistical Mechanics I:  Statistical Mechanics of Particles,train,0,Probability and Statistics,0.0461,0
6.0002_fall_2016,8.334_spring_2014,Introduction to Computational Thinking and Data Science,Statistical Mechanics II: Statistical Physics of Fields,train,0,Probability and Statistics,0.0627,0
6.0002_fall_2016,9.520_spring_2003,Introduction to Computational Thinking and Data Science,Statistical Learning Theory and Applications,train,0,Computer Science; Probability and Statistics,0.202,0
6.0002_fall_2016,9.520_spring_2006,Introduction to Computational Thinking and Data Science,Statistical Learning Theory and Applications,train,0,Probability and Statistics,0.0443,0
6.0002_fall_2016,ES.1803_spring_2024,Introduction to Computational Thinking and Data Science,Differential Equations,train,0,,0.0,0
6.0002_fall_2016,ESD.86_spring_2007,Introduction to Computational Thinking and Data Science,"Models, Data and Inference for Socio-Technical Systems",cross,0,Computer Science; Probability and Statistics,0.1785,0
6.0002_fall_2016,HST.953_fall_2020,Introduction to Computational Thinking and Data Science,Collaborative Data Science for Healthcare,train,0,Computer Science,0.0537,0
6.0002_fall_2016,MAS.622J_fall_2006,Introduction to Computational Thinking and Data Science,Pattern Recognition and Analysis,train,0,Probability and Statistics,0.0837,0
6.0002_fall_2016,RES.6-012_spring_2018,Introduction to Computational Thinking and Data Science,Introduction to Probability,train,0,Probability and Statistics,0.2399,0
6.0002_fall_2016,RES.6-013_fall_2021,Introduction to Computational Thinking and Data Science,AI 101,train,0,Computer Science,0.2427,0
6.0002_fall_2016,RES.8-010_summer_2018,Introduction to Computational Thinking and Data Science,Introduction to Statistical Physics,cross,0,Probability and Statistics,0.0861,0
6.006_fall_2011,6.006_spring_2020,Introduction to Algorithms,Introduction to Algorithms,test,1,Algorithms and Data Structures; Computer Science,1.0,1
6.006_fall_2011,6.036_fall_2020,Introduction to Algorithms,Introduction to Machine Learning,cross,0,Algorithms and Data Structures; Computer Science,0.634,1
6.006_fall_2011,6.041_fall_2010,Introduction to Algorithms,Probabilistic Systems Analysis and Applied Probability,cross,0,,0.0,0
6.006_fall_2011,6.041_spring_2006,Introduction to Algorithms,Probabilistic Systems Analysis and Applied  Probability,cross,0,,0.0,0
6.006_fall_2011,6.041SC_fall_2013,Introduction to Algorithms,Probabilistic Systems Analysis and Applied Probability,cross,0,,0.0,0
6.006_fall_2011,6.046J_spring_2012,Introduction to Algorithms,Design and Analysis of Algorithms,cross,0,Algorithms and Data Structures; Computer Science,1.0,1
6.006_fall_2011,6.046J_spring_2015,Introduction to Algorithms,Design and Analysis of Algorithms,cross,0,Algorithms and Data Structures; Computer Science,0.2136,0
6.006_fall_2011,6.079_fall_2009,Introduction to Algorithms,Introduction to Convex Optimization,test,0,,0.0,0
6.006_fall_2011,6.253_spring_2012,Introduction to Algorithms,Convex Analysis and Optimization,cross,0,Algorithms and Data Structures; Computer Science,0.4224,1
6.006_fall_2011,6.341_fall_2005,Introduction to Algorithms,Discrete-Time Signal Processing,cross,0,,0.0,0
6.006_fall_2011,6.4210_fall_2022,Introduction to Algorithms,Robotic Manipulation,cross,0,Computer Science,0.0763,0
6.006_fall_2011,6.436J_fall_2018,Introduction to Algorithms,Fundamentals of Probability,test,0,,0.0,0
6.006_fall_2011,6.438_fall_2014,Introduction to Algorithms,Algorithms for Inference,test,0,Algorithms and Data Structures; Computer Science,0.404,1
6.006_fall_2011,6.7220J_spring_2025,Introduction to Algorithms,Nonlinear Optimization,cross,0,Computer Science,0.0613,0
6.006_fall_2011,6.7960_fall_2024,Introduction to Algorithms,Deep Learning,cross,0,Computer Science,0.1045,0
6.006_fall_2011,6.801_fall_2004,Introduction to Algorithms,Machine Vision,cross,0,Computer Science,0.0416,0
6.006_fall_2011,6.801_fall_2020,Introduction to Algorithms,Machine Vision,cross,0,Computer Science,0.1045,0
6.006_fall_2011,6.8300_spring_2025,Introduction to Algorithms,Advances in Computer Vision,test,0,Computer Science,0.1814,0
6.006_fall_2011,6.832_spring_2009,Introduction to Algorithms,Underactuated Robotics,cross,0,Computer Science,0.0763,0
6.006_fall_2011,6.852J_fall_2009,Introduction to Algorithms,Distributed Algorithms,cross,0,Algorithms and Data Structures; Computer Science,0.4443,1
6.006_fall_2011,6.864_fall_2005,Introduction to Algorithms,Advanced Natural Language Processing,test,0,Computer Science,0.05,0
6.006_fall_2011,6.867_fall_2006,Introduction to Algorithms,Machine Learning,cross,0,Algorithms and Data Structures; Computer Science,0.3357,1
6.006_fall_2011,6.S087_january-iap_2024,Introduction to Algorithms,Foundation Models and Generative AI,cross,0,Computer Science,0.1814,0
6.006_fall_2011,6.S191_january-iap_2026,Introduction to Algorithms,Introduction to Deep Learning,cross,0,Computer Science,0.067,0
6.006_fall_2011,6.S897_spring_2019,Introduction to Algorithms,Machine Learning for Healthcare,cross,0,Computer Science,0.0425,0
6.006_fall_2011,6.S980_fall_2022,Introduction to Algorithms,Machine Learning for Inverse Graphics,test,0,Computer Science,0.1045,0
6.006_fall_2011,8.044_spring_2013,Introduction to Algorithms,Statistical Physics I,test,0,,0.0,0
6.006_fall_2011,8.333_fall_2013,Introduction to Algorithms,Statistical Mechanics I:  Statistical Mechanics of Particles,cross,0,,0.0,0
6.006_fall_2011,8.334_spring_2014,Introduction to Algorithms,Statistical Mechanics II: Statistical Physics of Fields,cross,0,,0.0,0
6.006_fall_2011,9.520_spring_2003,Introduction to Algorithms,Statistical Learning Theory and Applications,cross,0,Algorithms and Data Structures; Computer Science,0.3357,1
6.006_fall_2011,9.520_spring_2006,Introduction to Algorithms,Statistical Learning Theory and Applications,cross,0,,0.0,0
6.006_fall_2011,ES.1803_spring_2024,Introduction to Algorithms,Differential Equations,cross,0,,0.0,0
6.006_fall_2011,ESD.86_spring_2007,Introduction to Algorithms,"Models, Data and Inference for Socio-Technical Systems",test,0,Computer Science,0.0701,0
6.006_fall_2011,HST.953_fall_2020,Introduction to Algorithms,Collaborative Data Science for Healthcare,cross,0,Computer Science,0.05,0
6.006_fall_2011,MAS.622J_fall_2006,Introduction to Algorithms,Pattern Recognition and Analysis,cross,0,,0.0,0
6.006_fall_2011,RES.6-012_spring_2018,Introduction to Algorithms,Introduction to Probability,cross,0,,0.0,0
6.006_fall_2011,RES.6-013_fall_2021,Introduction to Algorithms,AI 101,cross,0,Computer Science,0.1814,0
6.006_fall_2011,RES.8-010_summer_2018,Introduction to Algorithms,Introduction to Statistical Physics,test,0,,0.0,0
6.006_spring_2020,6.036_fall_2020,Introduction to Algorithms,Introduction to Machine Learning,cross,0,Algorithms and Data Structures; Computer Science,0.2555,0
6.006_spring_2020,6.041_fall_2010,Introduction to Algorithms,Probabilistic Systems Analysis and Applied Probability,cross,0,,0.0,0
6.006_spring_2020,6.041_spring_2006,Introduction to Algorithms,Probabilistic Systems Analysis and Applied  Probability,cross,0,,0.0,0
6.006_spring_2020,6.041SC_fall_2013,Introduction to Algorithms,Probabilistic Systems Analysis and Applied Probability,cross,0,,0.0,0
6.006_spring_2020,6.046J_spring_2012,Introduction to Algorithms,Design and Analysis of Algorithms,cross,0,Algorithms and Data Structures; Computer Science,0.2997,0
6.006_spring_2020,6.046J_spring_2015,Introduction to Algorithms,Design and Analysis of Algorithms,cross,0,Algorithms and Data Structures; Computer Science,0.1425,0
6.006_spring_2020,6.079_fall_2009,Introduction to Algorithms,Introduction to Convex Optimization,test,0,,0.0,0
6.006_spring_2020,6.253_spring_2012,Introduction to Algorithms,Convex Analysis and Optimization,cross,0,Algorithms and Data Structures; Computer Science,0.2126,0
6.006_spring_2020,6.341_fall_2005,Introduction to Algorithms,Discrete-Time Signal Processing,cross,0,,0.0,0
6.006_spring_2020,6.4210_fall_2022,Introduction to Algorithms,Robotic Manipulation,cross,0,Computer Science,0.047,0
6.006_spring_2020,6.436J_fall_2018,Introduction to Algorithms,Fundamentals of Probability,test,0,,0.0,0
6.006_spring_2020,6.438_fall_2014,Introduction to Algorithms,Algorithms for Inference,test,0,Algorithms and Data Structures; Computer Science,0.2078,0
6.006_spring_2020,6.7220J_spring_2025,Introduction to Algorithms,Nonlinear Optimization,cross,0,Computer Science; Theory of Computation,0.2671,0
6.006_spring_2020,6.7960_fall_2024,Introduction to Algorithms,Deep Learning,cross,0,Computer Science,0.0564,0
6.006_spring_2020,6.801_fall_2004,Introduction to Algorithms,Machine Vision,cross,0,Computer Science,0.0311,0
6.006_spring_2020,6.801_fall_2020,Introduction to Algorithms,Machine Vision,cross,0,Computer Science,0.0564,0
6.006_spring_2020,6.8300_spring_2025,Introduction to Algorithms,Advances in Computer Vision,test,0,Computer Science,0.0731,0
6.006_spring_2020,6.832_spring_2009,Introduction to Algorithms,Underactuated Robotics,cross,0,Computer Science,0.047,0
6.006_spring_2020,6.852J_fall_2009,Introduction to Algorithms,Distributed Algorithms,cross,0,Algorithms and Data Structures; Computer Science; Theory of Computation,0.6745,1
6.006_spring_2020,6.864_fall_2005,Introduction to Algorithms,Advanced Natural Language Processing,test,0,Computer Science; Theory of Computation,0.2256,0
6.006_spring_2020,6.867_fall_2006,Introduction to Algorithms,Machine Learning,cross,0,Algorithms and Data Structures; Computer Science,0.1881,0
6.006_spring_2020,6.S087_january-iap_2024,Introduction to Algorithms,Foundation Models and Generative AI,cross,0,Computer Science,0.0731,0
6.006_spring_2020,6.S191_january-iap_2026,Introduction to Algorithms,Introduction to Deep Learning,cross,0,Computer Science,0.0433,0
6.006_spring_2020,6.S897_spring_2019,Introduction to Algorithms,Machine Learning for Healthcare,cross,0,Computer Science,0.0315,0
6.006_spring_2020,6.S980_fall_2022,Introduction to Algorithms,Machine Learning for Inverse Graphics,test,0,Computer Science,0.0564,0
6.006_spring_2020,8.044_spring_2013,Introduction to Algorithms,Statistical Physics I,test,0,,0.0,0
6.006_spring_2020,8.333_fall_2013,Introduction to Algorithms,Statistical Mechanics I:  Statistical Mechanics of Particles,cross,0,,0.0,0
6.006_spring_2020,8.334_spring_2014,Introduction to Algorithms,Statistical Mechanics II: Statistical Physics of Fields,cross,0,,0.0,0
6.006_spring_2020,9.520_spring_2003,Introduction to Algorithms,Statistical Learning Theory and Applications,cross,0,Algorithms and Data Structures; Computer Science,0.1881,0
6.006_spring_2020,9.520_spring_2006,Introduction to Algorithms,Statistical Learning Theory and Applications,cross,0,,0.0,0
6.006_spring_2020,ES.1803_spring_2024,Introduction to Algorithms,Differential Equations,cross,0,,0.0,0
6.006_spring_2020,ESD.86_spring_2007,Introduction to Algorithms,"Models, Data and Inference for Socio-Technical Systems",test,0,Computer Science,0.0446,0
6.006_spring_2020,HST.953_fall_2020,Introduction to Algorithms,Collaborative Data Science for Healthcare,cross,0,Computer Science,0.0355,0
6.006_spring_2020,MAS.622J_fall_2006,Introduction to Algorithms,Pattern Recognition and Analysis,cross,0,,0.0,0
6.006_spring_2020,RES.6-012_spring_2018,Introduction to Algorithms,Introduction to Probability,cross,0,,0.0,0
6.006_spring_2020,RES.6-013_fall_2021,Introduction to Algorithms,AI 101,cross,0,Computer Science,0.0731,0
6.006_spring_2020,RES.8-010_summer_2018,Introduction to Algorithms,Introduction to Statistical Physics,test,0,,0.0,0
6.036_fall_2020,6.041_fall_2010,Introduction to Machine Learning,Probabilistic Systems Analysis and Applied Probability,train,0,,0.0,0
6.036_fall_2020,6.041_spring_2006,Introduction to Machine Learning,Probabilistic Systems Analysis and Applied  Probability,train,0,,0.0,0
6.036_fall_2020,6.041SC_fall_2013,Introduction to Machine Learning,Probabilistic Systems Analysis and Applied Probability,train,0,,0.0,0
6.036_fall_2020,6.046J_spring_2012,Introduction to Machine Learning,Design and Analysis of Algorithms,train,0,Algorithms and Data Structures; Computer Science,0.634,1
6.036_fall_2020,6.046J_spring_2015,Introduction to Machine Learning,Design and Analysis of Algorithms,train,0,Algorithms and Data Structures; Computer Science,0.1901,0
6.036_fall_2020,6.079_fall_2009,Introduction to Machine Learning,Introduction to Convex Optimization,cross,0,,0.0,0
6.036_fall_2020,6.253_spring_2012,Introduction to Machine Learning,Convex Analysis and Optimization,train,0,Algorithms and Data Structures; Computer Science,0.3396,1
6.036_fall_2020,6.341_fall_2005,Introduction to Machine Learning,Discrete-Time Signal Processing,train,0,,0.0,0
6.036_fall_2020,6.4210_fall_2022,Introduction to Machine Learning,Robotic Manipulation,train,0,Artificial Intelligence; Computer Science,0.2303,0
6.036_fall_2020,6.436J_fall_2018,Introduction to Machine Learning,Fundamentals of Probability,cross,0,,0.0,0
6.036_fall_2020,6.438_fall_2014,Introduction to Machine Learning,Algorithms for Inference,cross,0,Algorithms and Data Structures; Computer Science,0.3276,1
6.036_fall_2020,6.7220J_spring_2025,Introduction to Machine Learning,Nonlinear Optimization,train,0,Computer Science,0.0546,0
6.036_fall_2020,6.7960_fall_2024,Introduction to Machine Learning,Deep Learning,train,0,Artificial Intelligence; Computer Science,0.3154,1
6.036_fall_2020,6.801_fall_2004,Introduction to Machine Learning,Machine Vision,train,0,Artificial Intelligence; Computer Science,0.1256,0
6.036_fall_2020,6.801_fall_2020,Introduction to Machine Learning,Machine Vision,train,0,Artificial Intelligence; Computer Science,0.3154,1
6.036_fall_2020,6.8300_spring_2025,Introduction to Machine Learning,Advances in Computer Vision,cross,0,Artificial Intelligence; Computer Science,0.5474,1
6.036_fall_2020,6.832_spring_2009,Introduction to Machine Learning,Underactuated Robotics,train,0,Artificial Intelligence; Computer Science,0.2303,0
6.036_fall_2020,6.852J_fall_2009,Introduction to Machine Learning,Distributed Algorithms,train,0,Algorithms and Data Structures; Computer Science,0.3536,1
6.036_fall_2020,6.864_fall_2005,Introduction to Machine Learning,Advanced Natural Language Processing,cross,0,Artificial Intelligence; Computer Science,0.1507,0
6.036_fall_2020,6.867_fall_2006,Introduction to Machine Learning,Machine Learning,train,0,Algorithms and Data Structures; Artificial Intelligence; Computer Science,0.5295,1
6.036_fall_2020,6.S087_january-iap_2024,Introduction to Machine Learning,Foundation Models and Generative AI,train,0,Artificial Intelligence; Computer Science,0.5474,1
6.036_fall_2020,6.S191_january-iap_2026,Introduction to Machine Learning,Introduction to Deep Learning,train,0,Artificial Intelligence; Computer Science,0.2022,0
6.036_fall_2020,6.S897_spring_2019,Introduction to Machine Learning,Machine Learning for Healthcare,train,0,Artificial Intelligence; Computer Science,0.1282,0
6.036_fall_2020,6.S980_fall_2022,Introduction to Machine Learning,Machine Learning for Inverse Graphics,cross,0,Artificial Intelligence; Computer Science,0.3154,1
6.036_fall_2020,8.044_spring_2013,Introduction to Machine Learning,Statistical Physics I,cross,0,,0.0,0
6.036_fall_2020,8.333_fall_2013,Introduction to Machine Learning,Statistical Mechanics I:  Statistical Mechanics of Particles,train,0,,0.0,0
6.036_fall_2020,8.334_spring_2014,Introduction to Machine Learning,Statistical Mechanics II: Statistical Physics of Fields,train,0,,0.0,0
6.036_fall_2020,9.520_spring_2003,Introduction to Machine Learning,Statistical Learning Theory and Applications,train,0,Algorithms and Data Structures; Artificial Intelligence; Computer Science,0.5295,1
6.036_fall_2020,9.520_spring_2006,Introduction to Machine Learning,Statistical Learning Theory and Applications,train,0,,0.0,0
6.036_fall_2020,ES.1803_spring_2024,Introduction to Machine Learning,Differential Equations,train,0,,0.0,0
6.036_fall_2020,ESD.86_spring_2007,Introduction to Machine Learning,"Models, Data and Inference for Socio-Technical Systems",cross,0,Computer Science,0.0614,0
6.036_fall_2020,HST.953_fall_2020,Introduction to Machine Learning,Collaborative Data Science for Healthcare,train,0,Artificial Intelligence; Computer Science,0.1507,0
6.036_fall_2020,MAS.622J_fall_2006,Introduction to Machine Learning,Pattern Recognition and Analysis,train,0,,0.0,0
6.036_fall_2020,RES.6-012_spring_2018,Introduction to Machine Learning,Introduction to Probability,train,0,,0.0,0
6.036_fall_2020,RES.6-013_fall_2021,Introduction to Machine Learning,AI 101,train,0,Artificial Intelligence; Computer Science,0.5474,1
6.036_fall_2020,RES.8-010_summer_2018,Introduction to Machine Learning,Introduction to Statistical Physics,cross,0,,0.0,0
6.041_fall_2010,6.041_spring_2006,Probabilistic Systems Analysis and Applied Probability,Probabilistic Systems Analysis and Applied  Probability,train,1,Discrete Mathematics; Probability and Statistics,1.0,1
6.041_fall_2010,6.041SC_fall_2013,Probabilistic Systems Analysis and Applied Probability,Probabilistic Systems Analysis and Applied Probability,train,0,Discrete Mathematics; Probability and Statistics; Systems Engineering,1.0,1
6.041_fall_2010,6.046J_spring_2012,Probabilistic Systems Analysis and Applied Probability,Design and Analysis of Algorithms,train,0,,0.0,0
6.041_fall_2010,6.046J_spring_2015,Probabilistic Systems Analysis and Applied Probability,Design and Analysis of Algorithms,train,0,,0.0,0
6.041_fall_2010,6.079_fall_2009,Probabilistic Systems Analysis and Applied Probability,Introduction to Convex Optimization,cross,0,Systems Engineering,0.1575,0
6.041_fall_2010,6.253_spring_2012,Probabilistic Systems Analysis and Applied Probability,Convex Analysis and Optimization,train,0,,0.0,0
6.041_fall_2010,6.341_fall_2005,Probabilistic Systems Analysis and Applied Probability,Discrete-Time Signal Processing,train,0,Discrete Mathematics,0.1591,0
6.041_fall_2010,6.4210_fall_2022,Probabilistic Systems Analysis and Applied Probability,Robotic Manipulation,train,0,,0.0,0
6.041_fall_2010,6.436J_fall_2018,Probabilistic Systems Analysis and Applied Probability,Fundamentals of Probability,cross,0,Probability and Statistics,0.1654,0
6.041_fall_2010,6.438_fall_2014,Probabilistic Systems Analysis and Applied Probability,Algorithms for Inference,cross,0,Probability and Statistics,0.0776,0
6.041_fall_2010,6.7220J_spring_2025,Probabilistic Systems Analysis and Applied Probability,Nonlinear Optimization,train,0,Systems Engineering,0.1387,0
6.041_fall_2010,6.7960_fall_2024,Probabilistic Systems Analysis and Applied Probability,Deep Learning,train,0,,0.0,0
6.041_fall_2010,6.801_fall_2004,Probabilistic Systems Analysis and Applied Probability,Machine Vision,train,0,Systems Engineering,0.0971,0
6.041_fall_2010,6.801_fall_2020,Probabilistic Systems Analysis and Applied Probability,Machine Vision,train,0,,0.0,0
6.041_fall_2010,6.8300_spring_2025,Probabilistic Systems Analysis and Applied Probability,Advances in Computer Vision,cross,0,,0.0,0
6.041_fall_2010,6.832_spring_2009,Probabilistic Systems Analysis and Applied Probability,Underactuated Robotics,train,0,,0.0,0
6.041_fall_2010,6.852J_fall_2009,Probabilistic Systems Analysis and Applied Probability,Distributed Algorithms,train,0,,0.0,0
6.041_fall_2010,6.864_fall_2005,Probabilistic Systems Analysis and Applied Probability,Advanced Natural Language Processing,cross,0,,0.0,0
6.041_fall_2010,6.867_fall_2006,Probabilistic Systems Analysis and Applied Probability,Machine Learning,train,0,Probability and Statistics,0.069,0
6.041_fall_2010,6.S087_january-iap_2024,Probabilistic Systems Analysis and Applied Probability,Foundation Models and Generative AI,train,0,,0.0,0
6.041_fall_2010,6.S191_january-iap_2026,Probabilistic Systems Analysis and Applied Probability,Introduction to Deep Learning,train,0,,0.0,0
6.041_fall_2010,6.S897_spring_2019,Probabilistic Systems Analysis and Applied Probability,Machine Learning for Healthcare,train,0,,0.0,0
6.041_fall_2010,6.S980_fall_2022,Probabilistic Systems Analysis and Applied Probability,Machine Learning for Inverse Graphics,cross,0,,0.0,0
6.041_fall_2010,8.044_spring_2013,Probabilistic Systems Analysis and Applied Probability,Statistical Physics I,cross,0,Probability and Statistics,0.0697,0
6.041_fall_2010,8.333_fall_2013,Probabilistic Systems Analysis and Applied Probability,Statistical Mechanics I:  Statistical Mechanics of Particles,train,0,Probability and Statistics,0.0387,0
6.041_fall_2010,8.334_spring_2014,Probabilistic Systems Analysis and Applied Probability,Statistical Mechanics II: Statistical Physics of Fields,train,0,Probability and Statistics,0.0498,0
6.041_fall_2010,9.520_spring_2003,Probabilistic Systems Analysis and Applied Probability,Statistical Learning Theory and Applications,train,0,Probability and Statistics,0.069,0
6.041_fall_2010,9.520_spring_2006,Probabilistic Systems Analysis and Applied Probability,Statistical Learning Theory and Applications,train,0,Probability and Statistics,0.0374,0
6.041_fall_2010,ES.1803_spring_2024,Probabilistic Systems Analysis and Applied Probability,Differential Equations,train,0,,0.0,0
6.041_fall_2010,ESD.86_spring_2007,Probabilistic Systems Analysis and Applied Probability,"Models, Data and Inference for Socio-Technical Systems",cross,0,Probability and Statistics; Systems Engineering,0.2423,0
6.041_fall_2010,HST.953_fall_2020,Probabilistic Systems Analysis and Applied Probability,Collaborative Data Science for Healthcare,train,0,,0.0,0
6.041_fall_2010,MAS.622J_fall_2006,Probabilistic Systems Analysis and Applied Probability,Pattern Recognition and Analysis,train,0,Probability and Statistics,0.0622,0
6.041_fall_2010,RES.6-012_spring_2018,Probabilistic Systems Analysis and Applied Probability,Introduction to Probability,train,0,Probability and Statistics; Systems Engineering,0.5395,1
6.041_fall_2010,RES.6-013_fall_2021,Probabilistic Systems Analysis and Applied Probability,AI 101,train,0,,0.0,0
6.041_fall_2010,RES.8-010_summer_2018,Probabilistic Systems Analysis and Applied Probability,Introduction to Statistical Physics,cross,0,Probability and Statistics,0.0635,0
6.041_spring_2006,6.041SC_fall_2013,Probabilistic Systems Analysis and Applied  Probability,Probabilistic Systems Analysis and Applied Probability,train,0,Discrete Mathematics; Probability and Statistics,0.6258,1
6.041_spring_2006,6.046J_spring_2012,Probabilistic Systems Analysis and Applied  Probability,Design and Analysis of Algorithms,train,0,,0.0,0
6.041_spring_2006,6.046J_spring_2015,Probabilistic Systems Analysis and Applied  Probability,Design and Analysis of Algorithms,train,0,,0.0,0
6.041_spring_2006,6.079_fall_2009,Probabilistic Systems Analysis and Applied  Probability,Introduction to Convex Optimization,cross,0,,0.0,0
6.041_spring_2006,6.253_spring_2012,Probabilistic Systems Analysis and Applied  Probability,Convex Analysis and Optimization,train,0,,0.0,0
6.041_spring_2006,6.341_fall_2005,Probabilistic Systems Analysis and Applied  Probability,Discrete-Time Signal Processing,train,0,Discrete Mathematics,0.1827,0
6.041_spring_2006,6.4210_fall_2022,Probabilistic Systems Analysis and Applied  Probability,Robotic Manipulation,train,0,,0.0,0
6.041_spring_2006,6.436J_fall_2018,Probabilistic Systems Analysis and Applied  Probability,Fundamentals of Probability,cross,0,Probability and Statistics,0.2643,0
6.041_spring_2006,6.438_fall_2014,Probabilistic Systems Analysis and Applied  Probability,Algorithms for Inference,cross,0,Probability and Statistics,0.0941,0
6.041_spring_2006,6.7220J_spring_2025,Probabilistic Systems Analysis and Applied  Probability,Nonlinear Optimization,train,0,,0.0,0
6.041_spring_2006,6.7960_fall_2024,Probabilistic Systems Analysis and Applied  Probability,Deep Learning,train,0,,0.0,0
6.041_spring_2006,6.801_fall_2004,Probabilistic Systems Analysis and Applied  Probability,Machine Vision,train,0,,0.0,0
6.041_spring_2006,6.801_fall_2020,Probabilistic Systems Analysis and Applied  Probability,Machine Vision,train,0,,0.0,0
6.041_spring_2006,6.8300_spring_2025,Probabilistic Systems Analysis and Applied  Probability,Advances in Computer Vision,cross,0,,0.0,0
6.041_spring_2006,6.832_spring_2009,Probabilistic Systems Analysis and Applied  Probability,Underactuated Robotics,train,0,,0.0,0
6.041_spring_2006,6.852J_fall_2009,Probabilistic Systems Analysis and Applied  Probability,Distributed Algorithms,train,0,,0.0,0
6.041_spring_2006,6.864_fall_2005,Probabilistic Systems Analysis and Applied  Probability,Advanced Natural Language Processing,cross,0,,0.0,0
6.041_spring_2006,6.867_fall_2006,Probabilistic Systems Analysis and Applied  Probability,Machine Learning,train,0,Probability and Statistics,0.0818,0
6.041_spring_2006,6.S087_january-iap_2024,Probabilistic Systems Analysis and Applied  Probability,Foundation Models and Generative AI,train,0,,0.0,0
6.041_spring_2006,6.S191_january-iap_2026,Probabilistic Systems Analysis and Applied  Probability,Introduction to Deep Learning,train,0,,0.0,0
6.041_spring_2006,6.S897_spring_2019,Probabilistic Systems Analysis and Applied  Probability,Machine Learning for Healthcare,train,0,,0.0,0
6.041_spring_2006,6.S980_fall_2022,Probabilistic Systems Analysis and Applied  Probability,Machine Learning for Inverse Graphics,cross,0,,0.0,0
6.041_spring_2006,8.044_spring_2013,Probabilistic Systems Analysis and Applied  Probability,Statistical Physics I,cross,0,Probability and Statistics,0.0828,0
6.041_spring_2006,8.333_fall_2013,Probabilistic Systems Analysis and Applied  Probability,Statistical Mechanics I:  Statistical Mechanics of Particles,train,0,Probability and Statistics,0.0424,0
6.041_spring_2006,8.334_spring_2014,Probabilistic Systems Analysis and Applied  Probability,Statistical Mechanics II: Statistical Physics of Fields,train,0,Probability and Statistics,0.0561,0
6.041_spring_2006,9.520_spring_2003,Probabilistic Systems Analysis and Applied  Probability,Statistical Learning Theory and Applications,train,0,Probability and Statistics,0.0818,0
6.041_spring_2006,9.520_spring_2006,Probabilistic Systems Analysis and Applied  Probability,Statistical Learning Theory and Applications,train,0,Probability and Statistics,0.0409,0
6.041_spring_2006,ES.1803_spring_2024,Probabilistic Systems Analysis and Applied  Probability,Differential Equations,train,0,,0.0,0
6.041_spring_2006,ESD.86_spring_2007,Probabilistic Systems Analysis and Applied  Probability,"Models, Data and Inference for Socio-Technical Systems",cross,0,Probability and Statistics,0.0743,0
6.041_spring_2006,HST.953_fall_2020,Probabilistic Systems Analysis and Applied  Probability,Collaborative Data Science for Healthcare,train,0,,0.0,0
6.041_spring_2006,MAS.622J_fall_2006,Probabilistic Systems Analysis and Applied  Probability,Pattern Recognition and Analysis,train,0,Probability and Statistics,0.0724,0
6.041_spring_2006,RES.6-012_spring_2018,Probabilistic Systems Analysis and Applied  Probability,Introduction to Probability,train,0,Probability and Statistics,0.1654,0
6.041_spring_2006,RES.6-013_fall_2021,Probabilistic Systems Analysis and Applied  Probability,AI 101,train,0,,0.0,0
6.041_spring_2006,RES.8-010_summer_2018,Probabilistic Systems Analysis and Applied  Probability,Introduction to Statistical Physics,cross,0,Probability and Statistics,0.0741,0
6.041SC_fall_2013,6.046J_spring_2012,Probabilistic Systems Analysis and Applied Probability,Design and Analysis of Algorithms,train,0,,0.0,0
6.041SC_fall_2013,6.046J_spring_2015,Probabilistic Systems Analysis and Applied Probability,Design and Analysis of Algorithms,train,0,,0.0,0
6.041SC_fall_2013,6.079_fall_2009,Probabilistic Systems Analysis and Applied Probability,Introduction to Convex Optimization,cross,0,Systems Engineering,0.1575,0
6.041SC_fall_2013,6.253_spring_2012,Probabilistic Systems Analysis and Applied Probability,Convex Analysis and Optimization,train,0,,0.0,0
6.041SC_fall_2013,6.341_fall_2005,Probabilistic Systems Analysis and Applied Probability,Discrete-Time Signal Processing,train,0,Discrete Mathematics,0.1591,0
6.041SC_fall_2013,6.4210_fall_2022,Probabilistic Systems Analysis and Applied Probability,Robotic Manipulation,train,0,,0.0,0
6.041SC_fall_2013,6.436J_fall_2018,Probabilistic Systems Analysis and Applied Probability,Fundamentals of Probability,cross,0,Probability and Statistics,0.1654,0
6.041SC_fall_2013,6.438_fall_2014,Probabilistic Systems Analysis and Applied Probability,Algorithms for Inference,cross,0,Probability and Statistics,0.0776,0
6.041SC_fall_2013,6.7220J_spring_2025,Probabilistic Systems Analysis and Applied Probability,Nonlinear Optimization,train,0,Systems Engineering,0.1387,0
6.041SC_fall_2013,6.7960_fall_2024,Probabilistic Systems Analysis and Applied Probability,Deep Learning,train,0,,0.0,0
6.041SC_fall_2013,6.801_fall_2004,Probabilistic Systems Analysis and Applied Probability,Machine Vision,train,0,Systems Engineering,0.0971,0
6.041SC_fall_2013,6.801_fall_2020,Probabilistic Systems Analysis and Applied Probability,Machine Vision,train,0,,0.0,0
6.041SC_fall_2013,6.8300_spring_2025,Probabilistic Systems Analysis and Applied Probability,Advances in Computer Vision,cross,0,,0.0,0
6.041SC_fall_2013,6.832_spring_2009,Probabilistic Systems Analysis and Applied Probability,Underactuated Robotics,train,0,,0.0,0
6.041SC_fall_2013,6.852J_fall_2009,Probabilistic Systems Analysis and Applied Probability,Distributed Algorithms,train,0,,0.0,0
6.041SC_fall_2013,6.864_fall_2005,Probabilistic Systems Analysis and Applied Probability,Advanced Natural Language Processing,cross,0,,0.0,0
6.041SC_fall_2013,6.867_fall_2006,Probabilistic Systems Analysis and Applied Probability,Machine Learning,train,0,Probability and Statistics,0.069,0
6.041SC_fall_2013,6.S087_january-iap_2024,Probabilistic Systems Analysis and Applied Probability,Foundation Models and Generative AI,train,0,,0.0,0
6.041SC_fall_2013,6.S191_january-iap_2026,Probabilistic Systems Analysis and Applied Probability,Introduction to Deep Learning,train,0,,0.0,0
6.041SC_fall_2013,6.S897_spring_2019,Probabilistic Systems Analysis and Applied Probability,Machine Learning for Healthcare,train,0,,0.0,0
6.041SC_fall_2013,6.S980_fall_2022,Probabilistic Systems Analysis and Applied Probability,Machine Learning for Inverse Graphics,cross,0,,0.0,0
6.041SC_fall_2013,8.044_spring_2013,Probabilistic Systems Analysis and Applied Probability,Statistical Physics I,cross,0,Probability and Statistics,0.0697,0
6.041SC_fall_2013,8.333_fall_2013,Probabilistic Systems Analysis and Applied Probability,Statistical Mechanics I:  Statistical Mechanics of Particles,train,0,Probability and Statistics,0.0387,0
6.041SC_fall_2013,8.334_spring_2014,Probabilistic Systems Analysis and Applied Probability,Statistical Mechanics II: Statistical Physics of Fields,train,0,Probability and Statistics,0.0498,0
6.041SC_fall_2013,9.520_spring_2003,Probabilistic Systems Analysis and Applied Probability,Statistical Learning Theory and Applications,train,0,Probability and Statistics,0.069,0
6.041SC_fall_2013,9.520_spring_2006,Probabilistic Systems Analysis and Applied Probability,Statistical Learning Theory and Applications,train,0,Probability and Statistics,0.0374,0
6.041SC_fall_2013,ES.1803_spring_2024,Probabilistic Systems Analysis and Applied Probability,Differential Equations,train,0,,0.0,0
6.041SC_fall_2013,ESD.86_spring_2007,Probabilistic Systems Analysis and Applied Probability,"Models, Data and Inference for Socio-Technical Systems",cross,0,Probability and Statistics; Systems Engineering,0.2423,0
6.041SC_fall_2013,HST.953_fall_2020,Probabilistic Systems Analysis and Applied Probability,Collaborative Data Science for Healthcare,train,0,,0.0,0
6.041SC_fall_2013,MAS.622J_fall_2006,Probabilistic Systems Analysis and Applied Probability,Pattern Recognition and Analysis,train,0,Probability and Statistics,0.0622,0
6.041SC_fall_2013,RES.6-012_spring_2018,Probabilistic Systems Analysis and Applied Probability,Introduction to Probability,train,0,Probability and Statistics; Systems Engineering,0.5395,1
6.041SC_fall_2013,RES.6-013_fall_2021,Probabilistic Systems Analysis and Applied Probability,AI 101,train,0,,0.0,0
6.041SC_fall_2013,RES.8-010_summer_2018,Probabilistic Systems Analysis and Applied Probability,Introduction to Statistical Physics,cross,0,Probability and Statistics,0.0635,0
6.046J_spring_2012,6.046J_spring_2015,Design and Analysis of Algorithms,Design and Analysis of Algorithms,train,1,Algorithms and Data Structures; Computer Science,1.0,1
6.046J_spring_2012,6.079_fall_2009,Design and Analysis of Algorithms,Introduction to Convex Optimization,cross,0,,0.0,0
6.046J_spring_2012,6.253_spring_2012,Design and Analysis of Algorithms,Convex Analysis and Optimization,train,0,Algorithms and Data Structures; Computer Science,0.4224,1
6.046J_spring_2012,6.341_fall_2005,Design and Analysis of Algorithms,Discrete-Time Signal Processing,train,0,,0.0,0
6.046J_spring_2012,6.4210_fall_2022,Design and Analysis of Algorithms,Robotic Manipulation,train,0,Computer Science,0.0763,0
6.046J_spring_2012,6.436J_fall_2018,Design and Analysis of Algorithms,Fundamentals of Probability,cross,0,,0.0,0
6.046J_spring_2012,6.438_fall_2014,Design and Analysis of Algorithms,Algorithms for Inference,cross,0,Algorithms and Data Structures; Computer Science,0.404,1
6.046J_spring_2012,6.7220J_spring_2025,Design and Analysis of Algorithms,Nonlinear Optimization,train,0,Computer Science,0.0613,0
6.046J_spring_2012,6.7960_fall_2024,Design and Analysis of Algorithms,Deep Learning,train,0,Computer Science,0.1045,0
6.046J_spring_2012,6.801_fall_2004,Design and Analysis of Algorithms,Machine Vision,train,0,Computer Science,0.0416,0
6.046J_spring_2012,6.801_fall_2020,Design and Analysis of Algorithms,Machine Vision,train,0,Computer Science,0.1045,0
6.046J_spring_2012,6.8300_spring_2025,Design and Analysis of Algorithms,Advances in Computer Vision,cross,0,Computer Science,0.1814,0
6.046J_spring_2012,6.832_spring_2009,Design and Analysis of Algorithms,Underactuated Robotics,train,0,Computer Science,0.0763,0
6.046J_spring_2012,6.852J_fall_2009,Design and Analysis of Algorithms,Distributed Algorithms,train,0,Algorithms and Data Structures; Computer Science,0.4443,1
6.046J_spring_2012,6.864_fall_2005,Design and Analysis of Algorithms,Advanced Natural Language Processing,cross,0,Computer Science,0.05,0
6.046J_spring_2012,6.867_fall_2006,Design and Analysis of Algorithms,Machine Learning,train,0,Algorithms and Data Structures; Computer Science,0.3357,1
6.046J_spring_2012,6.S087_january-iap_2024,Design and Analysis of Algorithms,Foundation Models and Generative AI,train,0,Computer Science,0.1814,0
6.046J_spring_2012,6.S191_january-iap_2026,Design and Analysis of Algorithms,Introduction to Deep Learning,train,0,Computer Science,0.067,0
6.046J_spring_2012,6.S897_spring_2019,Design and Analysis of Algorithms,Machine Learning for Healthcare,train,0,Computer Science,0.0425,0
6.046J_spring_2012,6.S980_fall_2022,Design and Analysis of Algorithms,Machine Learning for Inverse Graphics,cross,0,Computer Science,0.1045,0
6.046J_spring_2012,8.044_spring_2013,Design and Analysis of Algorithms,Statistical Physics I,cross,0,,0.0,0
6.046J_spring_2012,8.333_fall_2013,Design and Analysis of Algorithms,Statistical Mechanics I:  Statistical Mechanics of Particles,train,0,,0.0,0
6.046J_spring_2012,8.334_spring_2014,Design and Analysis of Algorithms,Statistical Mechanics II: Statistical Physics of Fields,train,0,,0.0,0
6.046J_spring_2012,9.520_spring_2003,Design and Analysis of Algorithms,Statistical Learning Theory and Applications,train,0,Algorithms and Data Structures; Computer Science,0.3357,1
6.046J_spring_2012,9.520_spring_2006,Design and Analysis of Algorithms,Statistical Learning Theory and Applications,train,0,,0.0,0
6.046J_spring_2012,ES.1803_spring_2024,Design and Analysis of Algorithms,Differential Equations,train,0,,0.0,0
6.046J_spring_2012,ESD.86_spring_2007,Design and Analysis of Algorithms,"Models, Data and Inference for Socio-Technical Systems",cross,0,Computer Science,0.0701,0
6.046J_spring_2012,HST.953_fall_2020,Design and Analysis of Algorithms,Collaborative Data Science for Healthcare,train,0,Computer Science,0.05,0
6.046J_spring_2012,MAS.622J_fall_2006,Design and Analysis of Algorithms,Pattern Recognition and Analysis,train,0,,0.0,0
6.046J_spring_2012,RES.6-012_spring_2018,Design and Analysis of Algorithms,Introduction to Probability,train,0,,0.0,0
6.046J_spring_2012,RES.6-013_fall_2021,Design and Analysis of Algorithms,AI 101,train,0,Computer Science,0.1814,0
6.046J_spring_2012,RES.8-010_summer_2018,Design and Analysis of Algorithms,Introduction to Statistical Physics,cross,0,,0.0,0
6.046J_spring_2015,6.079_fall_2009,Design and Analysis of Algorithms,Introduction to Convex Optimization,cross,0,Applied Mathematics,0.0835,0
6.046J_spring_2015,6.253_spring_2012,Design and Analysis of Algorithms,Convex Analysis and Optimization,train,0,Algorithms and Data Structures; Computer Science,0.1653,0
6.046J_spring_2015,6.341_fall_2005,Design and Analysis of Algorithms,Discrete-Time Signal Processing,train,0,,0.0,0
6.046J_spring_2015,6.4210_fall_2022,Design and Analysis of Algorithms,Robotic Manipulation,train,0,Computer Science,0.0385,0
6.046J_spring_2015,6.436J_fall_2018,Design and Analysis of Algorithms,Fundamentals of Probability,cross,0,,0.0,0
6.046J_spring_2015,6.438_fall_2014,Design and Analysis of Algorithms,Algorithms for Inference,cross,0,Algorithms and Data Structures; Computer Science,0.1624,0
6.046J_spring_2015,6.7220J_spring_2025,Design and Analysis of Algorithms,Nonlinear Optimization,train,0,Applied Mathematics; Computer Science,0.1169,0
6.046J_spring_2015,6.7960_fall_2024,Design and Analysis of Algorithms,Deep Learning,train,0,Computer Science,0.0446,0
6.046J_spring_2015,6.801_fall_2004,Design and Analysis of Algorithms,Machine Vision,train,0,Computer Science,0.0271,0
6.046J_spring_2015,6.801_fall_2020,Design and Analysis of Algorithms,Machine Vision,train,0,Computer Science,0.0446,0
6.046J_spring_2015,6.8300_spring_2025,Design and Analysis of Algorithms,Advances in Computer Vision,cross,0,Computer Science,0.0544,0
6.046J_spring_2015,6.832_spring_2009,Design and Analysis of Algorithms,Underactuated Robotics,train,0,Computer Science,0.0385,0
6.046J_spring_2015,6.852J_fall_2009,Design and Analysis of Algorithms,Distributed Algorithms,train,0,Algorithms and Data Structures; Computer Science,0.1686,0
6.046J_spring_2015,6.864_fall_2005,Design and Analysis of Algorithms,Advanced Natural Language Processing,cross,0,Computer Science,0.0304,0
6.046J_spring_2015,6.867_fall_2006,Design and Analysis of Algorithms,Machine Learning,train,0,Algorithms and Data Structures; Computer Science,0.1501,0
6.046J_spring_2015,6.S087_january-iap_2024,Design and Analysis of Algorithms,Foundation Models and Generative AI,train,0,Computer Science,0.0544,0
6.046J_spring_2015,6.S191_january-iap_2026,Design and Analysis of Algorithms,Introduction to Deep Learning,train,0,Computer Science,0.036,0
6.046J_spring_2015,6.S897_spring_2019,Design and Analysis of Algorithms,Machine Learning for Healthcare,train,0,Computer Science,0.0275,0
6.046J_spring_2015,6.S980_fall_2022,Design and Analysis of Algorithms,Machine Learning for Inverse Graphics,cross,0,Computer Science,0.0446,0
6.046J_spring_2015,8.044_spring_2013,Design and Analysis of Algorithms,Statistical Physics I,cross,0,,0.0,0
6.046J_spring_2015,8.333_fall_2013,Design and Analysis of Algorithms,Statistical Mechanics I:  Statistical Mechanics of Particles,train,0,,0.0,0
6.046J_spring_2015,8.334_spring_2014,Design and Analysis of Algorithms,Statistical Mechanics II: Statistical Physics of Fields,train,0,,0.0,0
6.046J_spring_2015,9.520_spring_2003,Design and Analysis of Algorithms,Statistical Learning Theory and Applications,train,0,Algorithms and Data Structures; Computer Science,0.1501,0
6.046J_spring_2015,9.520_spring_2006,Design and Analysis of Algorithms,Statistical Learning Theory and Applications,train,0,,0.0,0
6.046J_spring_2015,ES.1803_spring_2024,Design and Analysis of Algorithms,Differential Equations,train,0,,0.0,0
6.046J_spring_2015,ESD.86_spring_2007,Design and Analysis of Algorithms,"Models, Data and Inference for Socio-Technical Systems",cross,0,Computer Science,0.0368,0
6.046J_spring_2015,HST.953_fall_2020,Design and Analysis of Algorithms,Collaborative Data Science for Healthcare,train,0,Computer Science,0.0304,0
6.046J_spring_2015,MAS.622J_fall_2006,Design and Analysis of Algorithms,Pattern Recognition and Analysis,train,0,,0.0,0
6.046J_spring_2015,RES.6-012_spring_2018,Design and Analysis of Algorithms,Introduction to Probability,train,0,,0.0,0
6.046J_spring_2015,RES.6-013_fall_2021,Design and Analysis of Algorithms,AI 101,train,0,Computer Science,0.0544,0
6.046J_spring_2015,RES.8-010_summer_2018,Design and Analysis of Algorithms,Introduction to Statistical Physics,cross,0,,0.0,0
6.079_fall_2009,6.253_spring_2012,Introduction to Convex Optimization,Convex Analysis and Optimization,cross,0,,0.0,0
6.079_fall_2009,6.341_fall_2005,Introduction to Convex Optimization,Discrete-Time Signal Processing,cross,0,Electrical Engineering,0.1333,0
6.079_fall_2009,6.4210_fall_2022,Introduction to Convex Optimization,Robotic Manipulation,cross,0,Electrical Engineering,0.169,0
6.079_fall_2009,6.436J_fall_2018,Introduction to Convex Optimization,Fundamentals of Probability,test,0,,0.0,0
6.079_fall_2009,6.438_fall_2014,Introduction to Convex Optimization,Algorithms for Inference,test,0,,0.0,0
6.079_fall_2009,6.7220J_spring_2025,Introduction to Convex Optimization,Nonlinear Optimization,cross,0,Applied Mathematics; Systems Engineering; Systems Optimization,0.4959,1
6.079_fall_2009,6.7960_fall_2024,Introduction to Convex Optimization,Deep Learning,cross,0,,0.0,0
6.079_fall_2009,6.801_fall_2004,Introduction to Convex Optimization,Machine Vision,cross,0,Electrical Engineering; Systems Engineering,0.2079,0
6.079_fall_2009,6.801_fall_2020,Introduction to Convex Optimization,Machine Vision,cross,0,,0.0,0
6.079_fall_2009,6.8300_spring_2025,Introduction to Convex Optimization,Advances in Computer Vision,test,0,,0.0,0
6.079_fall_2009,6.832_spring_2009,Introduction to Convex Optimization,Underactuated Robotics,cross,0,Electrical Engineering,0.169,0
6.079_fall_2009,6.852J_fall_2009,Introduction to Convex Optimization,Distributed Algorithms,cross,0,,0.0,0
6.079_fall_2009,6.864_fall_2005,Introduction to Convex Optimization,Advanced Natural Language Processing,test,0,,0.0,0
6.079_fall_2009,6.867_fall_2006,Introduction to Convex Optimization,Machine Learning,cross,0,,0.0,0
6.079_fall_2009,6.S087_january-iap_2024,Introduction to Convex Optimization,Foundation Models and Generative AI,cross,0,,0.0,0
6.079_fall_2009,6.S191_january-iap_2026,Introduction to Convex Optimization,Introduction to Deep Learning,cross,0,,0.0,0
6.079_fall_2009,6.S897_spring_2019,Introduction to Convex Optimization,Machine Learning for Healthcare,cross,0,,0.0,0
6.079_fall_2009,6.S980_fall_2022,Introduction to Convex Optimization,Machine Learning for Inverse Graphics,test,0,,0.0,0
6.079_fall_2009,8.044_spring_2013,Introduction to Convex Optimization,Statistical Physics I,test,0,,0.0,0
6.079_fall_2009,8.333_fall_2013,Introduction to Convex Optimization,Statistical Mechanics I:  Statistical Mechanics of Particles,cross,0,,0.0,0
6.079_fall_2009,8.334_spring_2014,Introduction to Convex Optimization,Statistical Mechanics II: Statistical Physics of Fields,cross,0,,0.0,0
6.079_fall_2009,9.520_spring_2003,Introduction to Convex Optimization,Statistical Learning Theory and Applications,cross,0,,0.0,0
6.079_fall_2009,9.520_spring_2006,Introduction to Convex Optimization,Statistical Learning Theory and Applications,cross,0,,0.0,0
6.079_fall_2009,ES.1803_spring_2024,Introduction to Convex Optimization,Differential Equations,cross,0,,0.0,0
6.079_fall_2009,ESD.86_spring_2007,Introduction to Convex Optimization,"Models, Data and Inference for Socio-Technical Systems",test,0,Systems Engineering,0.1191,0
6.079_fall_2009,HST.953_fall_2020,Introduction to Convex Optimization,Collaborative Data Science for Healthcare,cross,0,,0.0,0
6.079_fall_2009,MAS.622J_fall_2006,Introduction to Convex Optimization,Pattern Recognition and Analysis,cross,0,Electrical Engineering,0.1561,0
6.079_fall_2009,RES.6-012_spring_2018,Introduction to Convex Optimization,Introduction to Probability,cross,0,Systems Engineering,0.1953,0
6.079_fall_2009,RES.6-013_fall_2021,Introduction to Convex Optimization,AI 101,cross,0,,0.0,0
6.079_fall_2009,RES.8-010_summer_2018,Introduction to Convex Optimization,Introduction to Statistical Physics,test,0,,0.0,0
6.253_spring_2012,6.341_fall_2005,Convex Analysis and Optimization,Discrete-Time Signal Processing,train,0,,0.0,0
6.253_spring_2012,6.4210_fall_2022,Convex Analysis and Optimization,Robotic Manipulation,train,0,Computer Science,0.0559,0
6.253_spring_2012,6.436J_fall_2018,Convex Analysis and Optimization,Fundamentals of Probability,cross,0,,0.0,0
6.253_spring_2012,6.438_fall_2014,Convex Analysis and Optimization,Algorithms for Inference,cross,0,Algorithms and Data Structures; Computer Science,0.2602,0
6.253_spring_2012,6.7220J_spring_2025,Convex Analysis and Optimization,Nonlinear Optimization,train,0,Computer Science,0.0474,0
6.253_spring_2012,6.7960_fall_2024,Convex Analysis and Optimization,Deep Learning,train,0,Computer Science,0.0697,0
6.253_spring_2012,6.801_fall_2004,Convex Analysis and Optimization,Machine Vision,train,0,Computer Science,0.0347,0
6.253_spring_2012,6.801_fall_2020,Convex Analysis and Optimization,Machine Vision,train,0,Computer Science,0.0697,0
6.253_spring_2012,6.8300_spring_2025,Convex Analysis and Optimization,Advances in Computer Vision,cross,0,Computer Science,0.0972,0
6.253_spring_2012,6.832_spring_2009,Convex Analysis and Optimization,Underactuated Robotics,train,0,Computer Science,0.0559,0
6.253_spring_2012,6.852J_fall_2009,Convex Analysis and Optimization,Distributed Algorithms,train,0,Algorithms and Data Structures; Computer Science,0.2764,0
6.253_spring_2012,6.864_fall_2005,Convex Analysis and Optimization,Advanced Natural Language Processing,cross,0,Computer Science,0.0403,0
6.253_spring_2012,6.867_fall_2006,Convex Analysis and Optimization,Machine Learning,train,0,Algorithms and Data Structures; Computer Science,0.2301,0
6.253_spring_2012,6.S087_january-iap_2024,Convex Analysis and Optimization,Foundation Models and Generative AI,train,0,Computer Science,0.0972,0
6.253_spring_2012,6.S191_january-iap_2026,Convex Analysis and Optimization,Introduction to Deep Learning,train,0,Computer Science,0.0508,0
6.253_spring_2012,6.S897_spring_2019,Convex Analysis and Optimization,Machine Learning for Healthcare,train,0,Computer Science,0.0353,0
6.253_spring_2012,6.S980_fall_2022,Convex Analysis and Optimization,Machine Learning for Inverse Graphics,cross,0,Computer Science,0.0697,0
6.253_spring_2012,8.044_spring_2013,Convex Analysis and Optimization,Statistical Physics I,cross,0,,0.0,0
6.253_spring_2012,8.333_fall_2013,Convex Analysis and Optimization,Statistical Mechanics I:  Statistical Mechanics of Particles,train,0,,0.0,0
6.253_spring_2012,8.334_spring_2014,Convex Analysis and Optimization,Statistical Mechanics II: Statistical Physics of Fields,train,0,,0.0,0
6.253_spring_2012,9.520_spring_2003,Convex Analysis and Optimization,Statistical Learning Theory and Applications,train,0,Algorithms and Data Structures; Computer Science,0.2301,0
6.253_spring_2012,9.520_spring_2006,Convex Analysis and Optimization,Statistical Learning Theory and Applications,train,0,,0.0,0
6.253_spring_2012,ES.1803_spring_2024,Convex Analysis and Optimization,Differential Equations,train,0,,0.0,0
6.253_spring_2012,ESD.86_spring_2007,Convex Analysis and Optimization,"Models, Data and Inference for Socio-Technical Systems",cross,0,Computer Science,0.0525,0
6.253_spring_2012,HST.953_fall_2020,Convex Analysis and Optimization,Collaborative Data Science for Healthcare,train,0,Computer Science,0.0403,0
6.253_spring_2012,MAS.622J_fall_2006,Convex Analysis and Optimization,Pattern Recognition and Analysis,train,0,,0.0,0
6.253_spring_2012,RES.6-012_spring_2018,Convex Analysis and Optimization,Introduction to Probability,train,0,,0.0,0
6.253_spring_2012,RES.6-013_fall_2021,Convex Analysis and Optimization,AI 101,train,0,Computer Science,0.0972,0
6.253_spring_2012,RES.8-010_summer_2018,Convex Analysis and Optimization,Introduction to Statistical Physics,cross,0,,0.0,0
6.341_fall_2005,6.4210_fall_2022,Discrete-Time Signal Processing,Robotic Manipulation,train,0,Electrical Engineering,0.1395,0
6.341_fall_2005,6.436J_fall_2018,Discrete-Time Signal Processing,Fundamentals of Probability,cross,0,,0.0,0
6.341_fall_2005,6.438_fall_2014,Discrete-Time Signal Processing,Algorithms for Inference,cross,0,,0.0,0
6.341_fall_2005,6.7220J_spring_2025,Discrete-Time Signal Processing,Nonlinear Optimization,train,0,,0.0,0
6.341_fall_2005,6.7960_fall_2024,Discrete-Time Signal Processing,Deep Learning,train,0,,0.0,0
6.341_fall_2005,6.801_fall_2004,Discrete-Time Signal Processing,Machine Vision,train,0,Electrical Engineering; Signal Processing,0.2428,0
6.341_fall_2005,6.801_fall_2020,Discrete-Time Signal Processing,Machine Vision,train,0,,0.0,0
6.341_fall_2005,6.8300_spring_2025,Discrete-Time Signal Processing,Advances in Computer Vision,cross,0,,0.0,0
6.341_fall_2005,6.832_spring_2009,Discrete-Time Signal Processing,Underactuated Robotics,train,0,Electrical Engineering,0.1395,0
6.341_fall_2005,6.852J_fall_2009,Discrete-Time Signal Processing,Distributed Algorithms,train,0,,0.0,0
6.341_fall_2005,6.864_fall_2005,Discrete-Time Signal Processing,Advanced Natural Language Processing,cross,0,,0.0,0
6.341_fall_2005,6.867_fall_2006,Discrete-Time Signal Processing,Machine Learning,train,0,,0.0,0
6.341_fall_2005,6.S087_january-iap_2024,Discrete-Time Signal Processing,Foundation Models and Generative AI,train,0,,0.0,0
6.341_fall_2005,6.S191_january-iap_2026,Discrete-Time Signal Processing,Introduction to Deep Learning,train,0,,0.0,0
6.341_fall_2005,6.S897_spring_2019,Discrete-Time Signal Processing,Machine Learning for Healthcare,train,0,,0.0,0
6.341_fall_2005,6.S980_fall_2022,Discrete-Time Signal Processing,Machine Learning for Inverse Graphics,cross,0,,0.0,0
6.341_fall_2005,8.044_spring_2013,Discrete-Time Signal Processing,Statistical Physics I,cross,0,,0.0,0
6.341_fall_2005,8.333_fall_2013,Discrete-Time Signal Processing,Statistical Mechanics I:  Statistical Mechanics of Particles,train,0,,0.0,0
6.341_fall_2005,8.334_spring_2014,Discrete-Time Signal Processing,Statistical Mechanics II: Statistical Physics of Fields,train,0,,0.0,0
6.341_fall_2005,9.520_spring_2003,Discrete-Time Signal Processing,Statistical Learning Theory and Applications,train,0,,0.0,0
6.341_fall_2005,9.520_spring_2006,Discrete-Time Signal Processing,Statistical Learning Theory and Applications,train,0,,0.0,0
6.341_fall_2005,ES.1803_spring_2024,Discrete-Time Signal Processing,Differential Equations,train,0,,0.0,0
6.341_fall_2005,ESD.86_spring_2007,Discrete-Time Signal Processing,"Models, Data and Inference for Socio-Technical Systems",cross,0,,0.0,0
6.341_fall_2005,HST.953_fall_2020,Discrete-Time Signal Processing,Collaborative Data Science for Healthcare,train,0,,0.0,0
6.341_fall_2005,MAS.622J_fall_2006,Discrete-Time Signal Processing,Pattern Recognition and Analysis,train,0,Electrical Engineering; Signal Processing,0.3532,1
6.341_fall_2005,RES.6-012_spring_2018,Discrete-Time Signal Processing,Introduction to Probability,train,0,,0.0,0
6.341_fall_2005,RES.6-013_fall_2021,Discrete-Time Signal Processing,AI 101,train,0,,0.0,0
6.341_fall_2005,RES.8-010_summer_2018,Discrete-Time Signal Processing,Introduction to Statistical Physics,cross,0,,0.0,0
6.4210_fall_2022,6.436J_fall_2018,Robotic Manipulation,Fundamentals of Probability,cross,0,,0.0,0
6.4210_fall_2022,6.438_fall_2014,Robotic Manipulation,Algorithms for Inference,cross,0,Computer Science,0.0548,0
6.4210_fall_2022,6.7220J_spring_2025,Robotic Manipulation,Nonlinear Optimization,train,0,Computer Science,0.0427,0
6.4210_fall_2022,6.7960_fall_2024,Robotic Manipulation,Deep Learning,train,0,Artificial Intelligence; Computer Science,0.2058,0
6.4210_fall_2022,6.801_fall_2004,Robotic Manipulation,Machine Vision,train,0,Artificial Intelligence; Computer Science; Electrical Engineering; Robotics and Control Systems,0.4928,1
6.4210_fall_2022,6.801_fall_2020,Robotic Manipulation,Machine Vision,train,0,Artificial Intelligence; Computer Science,0.2058,0
6.4210_fall_2022,6.8300_spring_2025,Robotic Manipulation,Advances in Computer Vision,cross,0,Artificial Intelligence; Computer Science,0.2845,0
6.4210_fall_2022,6.832_spring_2009,Robotic Manipulation,Underactuated Robotics,train,0,Artificial Intelligence; Computer Science; Electrical Engineering; Robotics and Control Systems,1.0,1
6.4210_fall_2022,6.852J_fall_2009,Robotic Manipulation,Distributed Algorithms,train,0,Computer Science,0.0572,0
6.4210_fall_2022,6.864_fall_2005,Robotic Manipulation,Advanced Natural Language Processing,cross,0,Artificial Intelligence; Computer Science,0.1202,0
6.4210_fall_2022,6.867_fall_2006,Robotic Manipulation,Machine Learning,train,0,Artificial Intelligence; Computer Science,0.1676,0
6.4210_fall_2022,6.S087_january-iap_2024,Robotic Manipulation,Foundation Models and Generative AI,train,0,Artificial Intelligence; Computer Science,0.2845,0
6.4210_fall_2022,6.S191_january-iap_2026,Robotic Manipulation,Introduction to Deep Learning,train,0,Artificial Intelligence; Computer Science,0.1507,0
6.4210_fall_2022,6.S897_spring_2019,Robotic Manipulation,Machine Learning for Healthcare,train,0,Artificial Intelligence; Computer Science,0.1054,0
6.4210_fall_2022,6.S980_fall_2022,Robotic Manipulation,Machine Learning for Inverse Graphics,cross,0,Artificial Intelligence; Computer Science,0.2058,0
6.4210_fall_2022,8.044_spring_2013,Robotic Manipulation,Statistical Physics I,cross,0,,0.0,0
6.4210_fall_2022,8.333_fall_2013,Robotic Manipulation,Statistical Mechanics I:  Statistical Mechanics of Particles,train,0,,0.0,0
6.4210_fall_2022,8.334_spring_2014,Robotic Manipulation,Statistical Mechanics II: Statistical Physics of Fields,train,0,,0.0,0
6.4210_fall_2022,9.520_spring_2003,Robotic Manipulation,Statistical Learning Theory and Applications,train,0,Artificial Intelligence; Computer Science,0.1676,0
6.4210_fall_2022,9.520_spring_2006,Robotic Manipulation,Statistical Learning Theory and Applications,train,0,,0.0,0
6.4210_fall_2022,ES.1803_spring_2024,Robotic Manipulation,Differential Equations,train,0,,0.0,0
6.4210_fall_2022,ESD.86_spring_2007,Robotic Manipulation,"Models, Data and Inference for Socio-Technical Systems",cross,0,Computer Science,0.0468,0
6.4210_fall_2022,HST.953_fall_2020,Robotic Manipulation,Collaborative Data Science for Healthcare,train,0,Artificial Intelligence; Computer Science,0.1202,0
6.4210_fall_2022,MAS.622J_fall_2006,Robotic Manipulation,Pattern Recognition and Analysis,train,0,Electrical Engineering,0.1646,0
6.4210_fall_2022,RES.6-012_spring_2018,Robotic Manipulation,Introduction to Probability,train,0,,0.0,0
6.4210_fall_2022,RES.6-013_fall_2021,Robotic Manipulation,AI 101,train,0,Artificial Intelligence; Computer Science,0.2845,0
6.4210_fall_2022,RES.8-010_summer_2018,Robotic Manipulation,Introduction to Statistical Physics,cross,0,,0.0,0
6.436J_fall_2018,6.438_fall_2014,Fundamentals of Probability,Algorithms for Inference,test,0,Probability and Statistics,0.1275,0
6.436J_fall_2018,6.7220J_spring_2025,Fundamentals of Probability,Nonlinear Optimization,cross,0,,0.0,0
6.436J_fall_2018,6.7960_fall_2024,Fundamentals of Probability,Deep Learning,cross,0,,0.0,0
6.436J_fall_2018,6.801_fall_2004,Fundamentals of Probability,Machine Vision,cross,0,,0.0,0
6.436J_fall_2018,6.801_fall_2020,Fundamentals of Probability,Machine Vision,cross,0,,0.0,0
6.436J_fall_2018,6.8300_spring_2025,Fundamentals of Probability,Advances in Computer Vision,test,0,,0.0,0
6.436J_fall_2018,6.832_spring_2009,Fundamentals of Probability,Underactuated Robotics,cross,0,,0.0,0
6.436J_fall_2018,6.852J_fall_2009,Fundamentals of Probability,Distributed Algorithms,cross,0,,0.0,0
6.436J_fall_2018,6.864_fall_2005,Fundamentals of Probability,Advanced Natural Language Processing,test,0,,0.0,0
6.436J_fall_2018,6.867_fall_2006,Fundamentals of Probability,Machine Learning,cross,0,Probability and Statistics,0.1059,0
6.436J_fall_2018,6.S087_january-iap_2024,Fundamentals of Probability,Foundation Models and Generative AI,cross,0,,0.0,0
6.436J_fall_2018,6.S191_january-iap_2026,Fundamentals of Probability,Introduction to Deep Learning,cross,0,,0.0,0
6.436J_fall_2018,6.S897_spring_2019,Fundamentals of Probability,Machine Learning for Healthcare,cross,0,,0.0,0
6.436J_fall_2018,6.S980_fall_2022,Fundamentals of Probability,Machine Learning for Inverse Graphics,test,0,,0.0,0
6.436J_fall_2018,8.044_spring_2013,Fundamentals of Probability,Statistical Physics I,test,0,Probability and Statistics,0.1076,0
6.436J_fall_2018,8.333_fall_2013,Fundamentals of Probability,Statistical Mechanics I:  Statistical Mechanics of Particles,cross,0,Probability and Statistics,0.0481,0
6.436J_fall_2018,8.334_spring_2014,Fundamentals of Probability,Statistical Mechanics II: Statistical Physics of Fields,cross,0,Probability and Statistics,0.0665,0
6.436J_fall_2018,9.520_spring_2003,Fundamentals of Probability,Statistical Learning Theory and Applications,cross,0,Probability and Statistics,0.1059,0
6.436J_fall_2018,9.520_spring_2006,Fundamentals of Probability,Statistical Learning Theory and Applications,cross,0,Probability and Statistics,0.0461,0
6.436J_fall_2018,ES.1803_spring_2024,Fundamentals of Probability,Differential Equations,cross,0,,0.0,0
6.436J_fall_2018,ESD.86_spring_2007,Fundamentals of Probability,"Models, Data and Inference for Socio-Technical Systems",test,0,Probability and Statistics,0.0936,0
6.436J_fall_2018,HST.953_fall_2020,Fundamentals of Probability,Collaborative Data Science for Healthcare,cross,0,,0.0,0
6.436J_fall_2018,MAS.622J_fall_2006,Fundamentals of Probability,Pattern Recognition and Analysis,cross,0,Probability and Statistics,0.0906,0
6.436J_fall_2018,RES.6-012_spring_2018,Fundamentals of Probability,Introduction to Probability,cross,0,Probability and Statistics,0.3065,1
6.436J_fall_2018,RES.6-013_fall_2021,Fundamentals of Probability,AI 101,cross,0,,0.0,0
6.436J_fall_2018,RES.8-010_summer_2018,Fundamentals of Probability,Introduction to Statistical Physics,test,0,Probability and Statistics,0.0934,0
6.438_fall_2014,6.7220J_spring_2025,Algorithms for Inference,Nonlinear Optimization,cross,0,Computer Science,0.0466,0
6.438_fall_2014,6.7960_fall_2024,Algorithms for Inference,Deep Learning,cross,0,Computer Science; Graphics and Visualization,0.4737,1
6.438_fall_2014,6.801_fall_2004,Algorithms for Inference,Machine Vision,cross,0,Computer Science,0.0343,0
6.438_fall_2014,6.801_fall_2020,Algorithms for Inference,Machine Vision,cross,0,Computer Science; Graphics and Visualization,0.4737,1
6.438_fall_2014,6.8300_spring_2025,Algorithms for Inference,Advances in Computer Vision,test,0,Computer Science,0.0937,0
6.438_fall_2014,6.832_spring_2009,Algorithms for Inference,Underactuated Robotics,cross,0,Computer Science,0.0548,0
6.438_fall_2014,6.852J_fall_2009,Algorithms for Inference,Distributed Algorithms,cross,0,Algorithms and Data Structures; Computer Science,0.2684,0
6.438_fall_2014,6.864_fall_2005,Algorithms for Inference,Advanced Natural Language Processing,test,0,Computer Science,0.0397,0
6.438_fall_2014,6.867_fall_2006,Algorithms for Inference,Machine Learning,cross,0,Algorithms and Data Structures; Computer Science; Probability and Statistics,0.3179,1
6.438_fall_2014,6.S087_january-iap_2024,Algorithms for Inference,Foundation Models and Generative AI,cross,0,Computer Science,0.0937,0
6.438_fall_2014,6.S191_january-iap_2026,Algorithms for Inference,Introduction to Deep Learning,cross,0,Computer Science; Graphics and Visualization,0.3154,1
6.438_fall_2014,6.S897_spring_2019,Algorithms for Inference,Machine Learning for Healthcare,cross,0,Computer Science,0.0348,0
6.438_fall_2014,6.S980_fall_2022,Algorithms for Inference,Machine Learning for Inverse Graphics,test,0,Computer Science; Graphics and Visualization,0.4737,1
6.438_fall_2014,8.044_spring_2013,Algorithms for Inference,Statistical Physics I,test,0,Probability and Statistics,0.0619,0
6.438_fall_2014,8.333_fall_2013,Algorithms for Inference,Statistical Mechanics I:  Statistical Mechanics of Particles,cross,0,Probability and Statistics,0.0362,0
6.438_fall_2014,8.334_spring_2014,Algorithms for Inference,Statistical Mechanics II: Statistical Physics of Fields,cross,0,Probability and Statistics,0.0457,0
6.438_fall_2014,9.520_spring_2003,Algorithms for Inference,Statistical Learning Theory and Applications,cross,0,Algorithms and Data Structures; Computer Science; Probability and Statistics,0.3179,1
6.438_fall_2014,9.520_spring_2006,Algorithms for Inference,Statistical Learning Theory and Applications,cross,0,Probability and Statistics,0.0351,0
6.438_fall_2014,ES.1803_spring_2024,Algorithms for Inference,Differential Equations,cross,0,,0.0,0
6.438_fall_2014,ESD.86_spring_2007,Algorithms for Inference,"Models, Data and Inference for Socio-Technical Systems",test,0,Computer Science; Probability and Statistics,0.1147,0
6.438_fall_2014,HST.953_fall_2020,Algorithms for Inference,Collaborative Data Science for Healthcare,cross,0,Computer Science,0.0397,0
6.438_fall_2014,MAS.622J_fall_2006,Algorithms for Inference,Pattern Recognition and Analysis,cross,0,Probability and Statistics,0.0559,0
6.438_fall_2014,RES.6-012_spring_2018,Algorithms for Inference,Introduction to Probability,cross,0,Probability and Statistics,0.0989,0
6.438_fall_2014,RES.6-013_fall_2021,Algorithms for Inference,AI 101,cross,0,Computer Science,0.0937,0
6.438_fall_2014,RES.8-010_summer_2018,Algorithms for Inference,Introduction to Statistical Physics,test,0,Probability and Statistics,0.057,0
6.7220J_spring_2025,6.7960_fall_2024,Nonlinear Optimization,Deep Learning,train,0,Computer Science,0.0503,0
6.7220J_spring_2025,6.801_fall_2004,Nonlinear Optimization,Machine Vision,train,0,Computer Science; Systems Engineering,0.1097,0
6.7220J_spring_2025,6.801_fall_2020,Nonlinear Optimization,Machine Vision,train,0,Computer Science,0.0503,0
6.7220J_spring_2025,6.8300_spring_2025,Nonlinear Optimization,Advances in Computer Vision,cross,0,Computer Science,0.0632,0
6.7220J_spring_2025,6.832_spring_2009,Nonlinear Optimization,Underactuated Robotics,train,0,Computer Science,0.0427,0
6.7220J_spring_2025,6.852J_fall_2009,Nonlinear Optimization,Distributed Algorithms,train,0,Computer Science; Theory of Computation,0.3292,1
6.7220J_spring_2025,6.864_fall_2005,Nonlinear Optimization,Advanced Natural Language Processing,cross,0,Computer Science; Theory of Computation,0.2068,0
6.7220J_spring_2025,6.867_fall_2006,Nonlinear Optimization,Machine Learning,train,0,Computer Science,0.0431,0
6.7220J_spring_2025,6.S087_january-iap_2024,Nonlinear Optimization,Foundation Models and Generative AI,train,0,Computer Science,0.0632,0
6.7220J_spring_2025,6.S191_january-iap_2026,Nonlinear Optimization,Introduction to Deep Learning,train,0,Computer Science,0.0396,0
6.7220J_spring_2025,6.S897_spring_2019,Nonlinear Optimization,Machine Learning for Healthcare,train,0,Computer Science,0.0295,0
6.7220J_spring_2025,6.S980_fall_2022,Nonlinear Optimization,Machine Learning for Inverse Graphics,cross,0,Computer Science,0.0503,0
6.7220J_spring_2025,8.044_spring_2013,Nonlinear Optimization,Statistical Physics I,cross,0,,0.0,0
6.7220J_spring_2025,8.333_fall_2013,Nonlinear Optimization,Statistical Mechanics I:  Statistical Mechanics of Particles,train,0,,0.0,0
6.7220J_spring_2025,8.334_spring_2014,Nonlinear Optimization,Statistical Mechanics II: Statistical Physics of Fields,train,0,,0.0,0
6.7220J_spring_2025,9.520_spring_2003,Nonlinear Optimization,Statistical Learning Theory and Applications,train,0,Computer Science,0.0431,0
6.7220J_spring_2025,9.520_spring_2006,Nonlinear Optimization,Statistical Learning Theory and Applications,train,0,,0.0,0
6.7220J_spring_2025,ES.1803_spring_2024,Nonlinear Optimization,Differential Equations,train,0,,0.0,0
6.7220J_spring_2025,ESD.86_spring_2007,Nonlinear Optimization,"Models, Data and Inference for Socio-Technical Systems",cross,0,Computer Science; Systems Engineering,0.1581,0
6.7220J_spring_2025,HST.953_fall_2020,Nonlinear Optimization,Collaborative Data Science for Healthcare,train,0,Computer Science,0.033,0
6.7220J_spring_2025,MAS.622J_fall_2006,Nonlinear Optimization,Pattern Recognition and Analysis,train,0,,0.0,0
6.7220J_spring_2025,RES.6-012_spring_2018,Nonlinear Optimization,Introduction to Probability,train,0,Systems Engineering,0.1672,0
6.7220J_spring_2025,RES.6-013_fall_2021,Nonlinear Optimization,AI 101,train,0,Computer Science,0.0632,0
6.7220J_spring_2025,RES.8-010_summer_2018,Nonlinear Optimization,Introduction to Statistical Physics,cross,0,,0.0,0
6.7960_fall_2024,6.801_fall_2004,Deep Learning,Machine Vision,train,0,Artificial Intelligence; Computer Science,0.118,0
6.7960_fall_2024,6.801_fall_2020,Deep Learning,Machine Vision,train,0,Artificial Intelligence; Computer Science; Graphics and Visualization,1.0,1
6.7960_fall_2024,6.8300_spring_2025,Deep Learning,Advances in Computer Vision,cross,0,Artificial Intelligence; Computer Science,0.4267,1
6.7960_fall_2024,6.832_spring_2009,Deep Learning,Underactuated Robotics,train,0,Artificial Intelligence; Computer Science,0.2058,0
6.7960_fall_2024,6.852J_fall_2009,Deep Learning,Distributed Algorithms,train,0,Computer Science,0.0718,0
6.7960_fall_2024,6.864_fall_2005,Deep Learning,Advanced Natural Language Processing,cross,0,Artificial Intelligence; Computer Science,0.1399,0
6.7960_fall_2024,6.867_fall_2006,Deep Learning,Machine Learning,train,0,Artificial Intelligence; Computer Science,0.2086,0
6.7960_fall_2024,6.S087_january-iap_2024,Deep Learning,Foundation Models and Generative AI,train,0,Artificial Intelligence; Computer Science,0.4267,1
6.7960_fall_2024,6.S191_january-iap_2026,Deep Learning,Introduction to Deep Learning,train,0,Artificial Intelligence; Computer Science; Graphics and Visualization,0.5691,1
6.7960_fall_2024,6.S897_spring_2019,Deep Learning,Machine Learning for Healthcare,train,0,Artificial Intelligence; Computer Science,0.1202,0
6.7960_fall_2024,6.S980_fall_2022,Deep Learning,Machine Learning for Inverse Graphics,cross,0,Artificial Intelligence; Computer Science; Graphics and Visualization,1.0,1
6.7960_fall_2024,8.044_spring_2013,Deep Learning,Statistical Physics I,cross,0,,0.0,0
6.7960_fall_2024,8.333_fall_2013,Deep Learning,Statistical Mechanics I:  Statistical Mechanics of Particles,train,0,,0.0,0
6.7960_fall_2024,8.334_spring_2014,Deep Learning,Statistical Mechanics II: Statistical Physics of Fields,train,0,,0.0,0
6.7960_fall_2024,9.520_spring_2003,Deep Learning,Statistical Learning Theory and Applications,train,0,Artificial Intelligence; Computer Science,0.2086,0
6.7960_fall_2024,9.520_spring_2006,Deep Learning,Statistical Learning Theory and Applications,train,0,,0.0,0
6.7960_fall_2024,ES.1803_spring_2024,Deep Learning,Differential Equations,train,0,,0.0,0
6.7960_fall_2024,ESD.86_spring_2007,Deep Learning,"Models, Data and Inference for Socio-Technical Systems",cross,0,Computer Science,0.056,0
6.7960_fall_2024,HST.953_fall_2020,Deep Learning,Collaborative Data Science for Healthcare,train,0,Artificial Intelligence; Computer Science,0.1399,0
6.7960_fall_2024,MAS.622J_fall_2006,Deep Learning,Pattern Recognition and Analysis,train,0,,0.0,0
6.7960_fall_2024,RES.6-012_spring_2018,Deep Learning,Introduction to Probability,train,0,,0.0,0
6.7960_fall_2024,RES.6-013_fall_2021,Deep Learning,AI 101,train,0,Artificial Intelligence; Computer Science,0.4267,1
6.7960_fall_2024,RES.8-010_summer_2018,Deep Learning,Introduction to Statistical Physics,cross,0,,0.0,0
6.801_fall_2004,6.801_fall_2020,Machine Vision,Machine Vision,train,1,Artificial Intelligence; Computer Science,1.0,1
6.801_fall_2004,6.8300_spring_2025,Machine Vision,Advances in Computer Vision,cross,0,Artificial Intelligence; Computer Science,0.1402,0
6.801_fall_2004,6.832_spring_2009,Machine Vision,Underactuated Robotics,train,0,Artificial Intelligence; Computer Science; Electrical Engineering; Robotics and Control Systems,0.4928,1
6.801_fall_2004,6.852J_fall_2009,Machine Vision,Distributed Algorithms,train,0,Computer Science,0.0352,0
6.801_fall_2004,6.864_fall_2005,Machine Vision,Advanced Natural Language Processing,cross,0,Artificial Intelligence; Computer Science,0.0837,0
6.801_fall_2004,6.867_fall_2006,Machine Vision,Machine Learning,train,0,Artificial Intelligence; Computer Science,0.1043,0
6.801_fall_2004,6.S087_january-iap_2024,Machine Vision,Foundation Models and Generative AI,train,0,Artificial Intelligence; Computer Science,0.1402,0
6.801_fall_2004,6.S191_january-iap_2026,Machine Vision,Introduction to Deep Learning,train,0,Artificial Intelligence; Computer Science,0.0975,0
6.801_fall_2004,6.S897_spring_2019,Machine Vision,Machine Learning for Healthcare,train,0,Artificial Intelligence; Computer Science,0.0763,0
6.801_fall_2004,6.S980_fall_2022,Machine Vision,Machine Learning for Inverse Graphics,cross,0,Artificial Intelligence; Computer Science,0.118,0
6.801_fall_2004,8.044_spring_2013,Machine Vision,Statistical Physics I,cross,0,,0.0,0
6.801_fall_2004,8.333_fall_2013,Machine Vision,Statistical Mechanics I:  Statistical Mechanics of Particles,train,0,,0.0,0
6.801_fall_2004,8.334_spring_2014,Machine Vision,Statistical Mechanics II: Statistical Physics of Fields,train,0,,0.0,0
6.801_fall_2004,9.520_spring_2003,Machine Vision,Statistical Learning Theory and Applications,train,0,Artificial Intelligence; Computer Science,0.1043,0
6.801_fall_2004,9.520_spring_2006,Machine Vision,Statistical Learning Theory and Applications,train,0,,0.0,0
6.801_fall_2004,ES.1803_spring_2024,Machine Vision,Differential Equations,train,0,,0.0,0
6.801_fall_2004,ESD.86_spring_2007,Machine Vision,"Models, Data and Inference for Socio-Technical Systems",cross,0,Computational Modeling and Simulation; Computer Science; Systems Engineering,0.3092,1
6.801_fall_2004,HST.953_fall_2020,Machine Vision,Collaborative Data Science for Healthcare,train,0,Artificial Intelligence; Computer Science,0.0837,0
6.801_fall_2004,MAS.622J_fall_2006,Machine Vision,Pattern Recognition and Analysis,train,0,Electrical Engineering; Signal Processing,0.2753,0
6.801_fall_2004,RES.6-012_spring_2018,Machine Vision,Introduction to Probability,train,0,Systems Engineering,0.1102,0
6.801_fall_2004,RES.6-013_fall_2021,Machine Vision,AI 101,train,0,Artificial Intelligence; Computer Science,0.1402,0
6.801_fall_2004,RES.8-010_summer_2018,Machine Vision,Introduction to Statistical Physics,cross,0,,0.0,0
6.801_fall_2020,6.8300_spring_2025,Machine Vision,Advances in Computer Vision,cross,0,Artificial Intelligence; Computer Science,0.4267,1
6.801_fall_2020,6.832_spring_2009,Machine Vision,Underactuated Robotics,train,0,Artificial Intelligence; Computer Science,0.2058,0
6.801_fall_2020,6.852J_fall_2009,Machine Vision,Distributed Algorithms,train,0,Computer Science,0.0718,0
6.801_fall_2020,6.864_fall_2005,Machine Vision,Advanced Natural Language Processing,cross,0,Artificial Intelligence; Computer Science,0.1399,0
6.801_fall_2020,6.867_fall_2006,Machine Vision,Machine Learning,train,0,Artificial Intelligence; Computer Science,0.2086,0
6.801_fall_2020,6.S087_january-iap_2024,Machine Vision,Foundation Models and Generative AI,train,0,Artificial Intelligence; Computer Science,0.4267,1
6.801_fall_2020,6.S191_january-iap_2026,Machine Vision,Introduction to Deep Learning,train,0,Artificial Intelligence; Computer Science; Graphics and Visualization,0.5691,1
6.801_fall_2020,6.S897_spring_2019,Machine Vision,Machine Learning for Healthcare,train,0,Artificial Intelligence; Computer Science,0.1202,0
6.801_fall_2020,6.S980_fall_2022,Machine Vision,Machine Learning for Inverse Graphics,cross,0,Artificial Intelligence; Computer Science; Graphics and Visualization,1.0,1
6.801_fall_2020,8.044_spring_2013,Machine Vision,Statistical Physics I,cross,0,,0.0,0
6.801_fall_2020,8.333_fall_2013,Machine Vision,Statistical Mechanics I:  Statistical Mechanics of Particles,train,0,,0.0,0
6.801_fall_2020,8.334_spring_2014,Machine Vision,Statistical Mechanics II: Statistical Physics of Fields,train,0,,0.0,0
6.801_fall_2020,9.520_spring_2003,Machine Vision,Statistical Learning Theory and Applications,train,0,Artificial Intelligence; Computer Science,0.2086,0
6.801_fall_2020,9.520_spring_2006,Machine Vision,Statistical Learning Theory and Applications,train,0,,0.0,0
6.801_fall_2020,ES.1803_spring_2024,Machine Vision,Differential Equations,train,0,,0.0,0
6.801_fall_2020,ESD.86_spring_2007,Machine Vision,"Models, Data and Inference for Socio-Technical Systems",cross,0,Computer Science,0.056,0
6.801_fall_2020,HST.953_fall_2020,Machine Vision,Collaborative Data Science for Healthcare,train,0,Artificial Intelligence; Computer Science,0.1399,0
6.801_fall_2020,MAS.622J_fall_2006,Machine Vision,Pattern Recognition and Analysis,train,0,,0.0,0
6.801_fall_2020,RES.6-012_spring_2018,Machine Vision,Introduction to Probability,train,0,,0.0,0
6.801_fall_2020,RES.6-013_fall_2021,Machine Vision,AI 101,train,0,Artificial Intelligence; Computer Science,0.4267,1
6.801_fall_2020,RES.8-010_summer_2018,Machine Vision,Introduction to Statistical Physics,cross,0,,0.0,0
6.8300_spring_2025,6.832_spring_2009,Advances in Computer Vision,Underactuated Robotics,cross,0,Artificial Intelligence; Computer Science,0.2845,0
6.8300_spring_2025,6.852J_fall_2009,Advances in Computer Vision,Distributed Algorithms,cross,0,Computer Science,0.1012,0
6.8300_spring_2025,6.864_fall_2005,Advances in Computer Vision,Advanced Natural Language Processing,test,0,Artificial Intelligence; Computer Science,0.1722,0
6.8300_spring_2025,6.867_fall_2006,Advances in Computer Vision,Machine Learning,cross,0,Artificial Intelligence; Computer Science,0.2899,0
6.8300_spring_2025,6.S087_january-iap_2024,Advances in Computer Vision,Foundation Models and Generative AI,cross,0,Artificial Intelligence; Computer Science,1.0,1
6.8300_spring_2025,6.S191_january-iap_2026,Advances in Computer Vision,Introduction to Deep Learning,cross,0,Artificial Intelligence; Computer Science,0.2428,0
6.8300_spring_2025,6.S897_spring_2019,Advances in Computer Vision,Machine Learning for Healthcare,cross,0,Artificial Intelligence; Computer Science,0.1434,0
6.8300_spring_2025,6.S980_fall_2022,Advances in Computer Vision,Machine Learning for Inverse Graphics,test,0,Artificial Intelligence; Computer Science,0.4267,1
6.8300_spring_2025,8.044_spring_2013,Advances in Computer Vision,Statistical Physics I,test,0,,0.0,0
6.8300_spring_2025,8.333_fall_2013,Advances in Computer Vision,Statistical Mechanics I:  Statistical Mechanics of Particles,cross,0,,0.0,0
6.8300_spring_2025,8.334_spring_2014,Advances in Computer Vision,Statistical Mechanics II: Statistical Physics of Fields,cross,0,,0.0,0
6.8300_spring_2025,9.520_spring_2003,Advances in Computer Vision,Statistical Learning Theory and Applications,cross,0,Artificial Intelligence; Computer Science,0.2899,0
6.8300_spring_2025,9.520_spring_2006,Advances in Computer Vision,Statistical Learning Theory and Applications,cross,0,,0.0,0
6.8300_spring_2025,ES.1803_spring_2024,Advances in Computer Vision,Differential Equations,cross,0,,0.0,0
6.8300_spring_2025,ESD.86_spring_2007,Advances in Computer Vision,"Models, Data and Inference for Socio-Technical Systems",test,0,Computer Science,0.0725,0
6.8300_spring_2025,HST.953_fall_2020,Advances in Computer Vision,Collaborative Data Science for Healthcare,cross,0,Artificial Intelligence; Computer Science,0.1722,0
6.8300_spring_2025,MAS.622J_fall_2006,Advances in Computer Vision,Pattern Recognition and Analysis,cross,0,,0.0,0
6.8300_spring_2025,RES.6-012_spring_2018,Advances in Computer Vision,Introduction to Probability,cross,0,,0.0,0
6.8300_spring_2025,RES.6-013_fall_2021,Advances in Computer Vision,AI 101,cross,0,Artificial Intelligence; Computer Science,1.0,1
6.8300_spring_2025,RES.8-010_summer_2018,Advances in Computer Vision,Introduction to Statistical Physics,test,0,,0.0,0
6.832_spring_2009,6.852J_fall_2009,Underactuated Robotics,Distributed Algorithms,train,0,Computer Science,0.0572,0
6.832_spring_2009,6.864_fall_2005,Underactuated Robotics,Advanced Natural Language Processing,cross,0,Artificial Intelligence; Computer Science,0.1202,0
6.832_spring_2009,6.867_fall_2006,Underactuated Robotics,Machine Learning,train,0,Artificial Intelligence; Computer Science,0.1676,0
6.832_spring_2009,6.S087_january-iap_2024,Underactuated Robotics,Foundation Models and Generative AI,train,0,Artificial Intelligence; Computer Science,0.2845,0
6.832_spring_2009,6.S191_january-iap_2026,Underactuated Robotics,Introduction to Deep Learning,train,0,Artificial Intelligence; Computer Science,0.1507,0
6.832_spring_2009,6.S897_spring_2019,Underactuated Robotics,Machine Learning for Healthcare,train,0,Artificial Intelligence; Computer Science,0.1054,0
6.832_spring_2009,6.S980_fall_2022,Underactuated Robotics,Machine Learning for Inverse Graphics,cross,0,Artificial Intelligence; Computer Science,0.2058,0
6.832_spring_2009,8.044_spring_2013,Underactuated Robotics,Statistical Physics I,cross,0,,0.0,0
6.832_spring_2009,8.333_fall_2013,Underactuated Robotics,Statistical Mechanics I:  Statistical Mechanics of Particles,train,0,,0.0,0
6.832_spring_2009,8.334_spring_2014,Underactuated Robotics,Statistical Mechanics II: Statistical Physics of Fields,train,0,,0.0,0
6.832_spring_2009,9.520_spring_2003,Underactuated Robotics,Statistical Learning Theory and Applications,train,0,Artificial Intelligence; Computer Science,0.1676,0
6.832_spring_2009,9.520_spring_2006,Underactuated Robotics,Statistical Learning Theory and Applications,train,0,,0.0,0
6.832_spring_2009,ES.1803_spring_2024,Underactuated Robotics,Differential Equations,train,0,,0.0,0
6.832_spring_2009,ESD.86_spring_2007,Underactuated Robotics,"Models, Data and Inference for Socio-Technical Systems",cross,0,Computer Science,0.0468,0
6.832_spring_2009,HST.953_fall_2020,Underactuated Robotics,Collaborative Data Science for Healthcare,train,0,Artificial Intelligence; Computer Science,0.1202,0
6.832_spring_2009,MAS.622J_fall_2006,Underactuated Robotics,Pattern Recognition and Analysis,train,0,Electrical Engineering,0.1646,0
6.832_spring_2009,RES.6-012_spring_2018,Underactuated Robotics,Introduction to Probability,train,0,,0.0,0
6.832_spring_2009,RES.6-013_fall_2021,Underactuated Robotics,AI 101,train,0,Artificial Intelligence; Computer Science,0.2845,0
6.832_spring_2009,RES.8-010_summer_2018,Underactuated Robotics,Introduction to Statistical Physics,cross,0,,0.0,0
6.852J_fall_2009,6.864_fall_2005,Distributed Algorithms,Advanced Natural Language Processing,cross,0,Computer Science; Theory of Computation,0.2683,0
6.852J_fall_2009,6.867_fall_2006,Distributed Algorithms,Machine Learning,train,0,Algorithms and Data Structures; Computer Science,0.2365,0
6.852J_fall_2009,6.S087_january-iap_2024,Distributed Algorithms,Foundation Models and Generative AI,train,0,Computer Science,0.1012,0
6.852J_fall_2009,6.S191_january-iap_2026,Distributed Algorithms,Introduction to Deep Learning,train,0,Computer Science,0.0518,0
6.852J_fall_2009,6.S897_spring_2019,Distributed Algorithms,Machine Learning for Healthcare,train,0,Computer Science,0.0358,0
6.852J_fall_2009,6.S980_fall_2022,Distributed Algorithms,Machine Learning for Inverse Graphics,cross,0,Computer Science,0.0718,0
6.852J_fall_2009,8.044_spring_2013,Distributed Algorithms,Statistical Physics I,cross,0,,0.0,0
6.852J_fall_2009,8.333_fall_2013,Distributed Algorithms,Statistical Mechanics I:  Statistical Mechanics of Particles,train,0,,0.0,0
6.852J_fall_2009,8.334_spring_2014,Distributed Algorithms,Statistical Mechanics II: Statistical Physics of Fields,train,0,,0.0,0
6.852J_fall_2009,9.520_spring_2003,Distributed Algorithms,Statistical Learning Theory and Applications,train,0,Algorithms and Data Structures; Computer Science,0.2365,0
6.852J_fall_2009,9.520_spring_2006,Distributed Algorithms,Statistical Learning Theory and Applications,train,0,,0.0,0
6.852J_fall_2009,ES.1803_spring_2024,Distributed Algorithms,Differential Equations,train,0,,0.0,0
6.852J_fall_2009,ESD.86_spring_2007,Distributed Algorithms,"Models, Data and Inference for Socio-Technical Systems",cross,0,Computer Science,0.0536,0
6.852J_fall_2009,HST.953_fall_2020,Distributed Algorithms,Collaborative Data Science for Healthcare,train,0,Computer Science,0.041,0
6.852J_fall_2009,MAS.622J_fall_2006,Distributed Algorithms,Pattern Recognition and Analysis,train,0,,0.0,0
6.852J_fall_2009,RES.6-012_spring_2018,Distributed Algorithms,Introduction to Probability,train,0,,0.0,0
6.852J_fall_2009,RES.6-013_fall_2021,Distributed Algorithms,AI 101,train,0,Computer Science,0.1012,0
6.852J_fall_2009,RES.8-010_summer_2018,Distributed Algorithms,Introduction to Statistical Physics,cross,0,,0.0,0
6.864_fall_2005,6.867_fall_2006,Advanced Natural Language Processing,Machine Learning,cross,0,Artificial Intelligence; Cognitive Science; Computer Science,0.3226,1
6.864_fall_2005,6.S087_january-iap_2024,Advanced Natural Language Processing,Foundation Models and Generative AI,cross,0,Artificial Intelligence; Computer Science,0.1722,0
6.864_fall_2005,6.S191_january-iap_2026,Advanced Natural Language Processing,Introduction to Deep Learning,cross,0,Artificial Intelligence; Computer Science,0.112,0
6.864_fall_2005,6.S897_spring_2019,Advanced Natural Language Processing,Machine Learning for Healthcare,cross,0,Artificial Intelligence; Computer Science,0.0849,0
6.864_fall_2005,6.S980_fall_2022,Advanced Natural Language Processing,Machine Learning for Inverse Graphics,test,0,Artificial Intelligence; Computer Science,0.1399,0
6.864_fall_2005,8.044_spring_2013,Advanced Natural Language Processing,Statistical Physics I,test,0,,0.0,0
6.864_fall_2005,8.333_fall_2013,Advanced Natural Language Processing,Statistical Mechanics I:  Statistical Mechanics of Particles,cross,0,,0.0,0
6.864_fall_2005,8.334_spring_2014,Advanced Natural Language Processing,Statistical Mechanics II: Statistical Physics of Fields,cross,0,,0.0,0
6.864_fall_2005,9.520_spring_2003,Advanced Natural Language Processing,Statistical Learning Theory and Applications,cross,0,Artificial Intelligence; Cognitive Science; Computer Science,0.3226,1
6.864_fall_2005,9.520_spring_2006,Advanced Natural Language Processing,Statistical Learning Theory and Applications,cross,0,Cognitive Science,0.1008,0
6.864_fall_2005,ES.1803_spring_2024,Advanced Natural Language Processing,Differential Equations,cross,0,,0.0,0
6.864_fall_2005,ESD.86_spring_2007,Advanced Natural Language Processing,"Models, Data and Inference for Socio-Technical Systems",test,0,Computer Science,0.0353,0
6.864_fall_2005,HST.953_fall_2020,Advanced Natural Language Processing,Collaborative Data Science for Healthcare,cross,0,Artificial Intelligence; Computer Science,0.0942,0
6.864_fall_2005,MAS.622J_fall_2006,Advanced Natural Language Processing,Pattern Recognition and Analysis,cross,0,Cognitive Science,0.1465,0
6.864_fall_2005,RES.6-012_spring_2018,Advanced Natural Language Processing,Introduction to Probability,cross,0,,0.0,0
6.864_fall_2005,RES.6-013_fall_2021,Advanced Natural Language Processing,AI 101,cross,0,Artificial Intelligence; Computer Science,0.1722,0
6.864_fall_2005,RES.8-010_summer_2018,Advanced Natural Language Processing,Introduction to Statistical Physics,test,0,,0.0,0
6.867_fall_2006,6.S087_january-iap_2024,Machine Learning,Foundation Models and Generative AI,train,0,Artificial Intelligence; Computer Science,0.2899,0
6.867_fall_2006,6.S191_january-iap_2026,Machine Learning,Introduction to Deep Learning,train,0,Artificial Intelligence; Computer Science,0.1523,0
6.867_fall_2006,6.S897_spring_2019,Machine Learning,Machine Learning for Healthcare,train,0,Artificial Intelligence; Computer Science,0.1061,0
6.867_fall_2006,6.S980_fall_2022,Machine Learning,Machine Learning for Inverse Graphics,cross,0,Artificial Intelligence; Computer Science,0.2086,0
6.867_fall_2006,8.044_spring_2013,Machine Learning,Statistical Physics I,cross,0,Probability and Statistics,0.0564,0
6.867_fall_2006,8.333_fall_2013,Machine Learning,Statistical Mechanics I:  Statistical Mechanics of Particles,train,0,Probability and Statistics,0.0342,0
6.867_fall_2006,8.334_spring_2014,Machine Learning,Statistical Mechanics II: Statistical Physics of Fields,train,0,Probability and Statistics,0.0426,0
6.867_fall_2006,9.520_spring_2003,Machine Learning,Statistical Learning Theory and Applications,train,0,Algorithms and Data Structures; Artificial Intelligence; Cognitive Science; Computer Science; Probability and Statistics,1.0,1
6.867_fall_2006,9.520_spring_2006,Machine Learning,Statistical Learning Theory and Applications,train,0,Cognitive Science; Probability and Statistics,0.1665,0
6.867_fall_2006,ES.1803_spring_2024,Machine Learning,Differential Equations,train,0,,0.0,0
6.867_fall_2006,ESD.86_spring_2007,Machine Learning,"Models, Data and Inference for Socio-Technical Systems",cross,0,Computer Science; Probability and Statistics,0.1047,0
6.867_fall_2006,HST.953_fall_2020,Machine Learning,Collaborative Data Science for Healthcare,train,0,Artificial Intelligence; Computer Science,0.1211,0
6.867_fall_2006,MAS.622J_fall_2006,Machine Learning,Pattern Recognition and Analysis,train,0,Cognitive Science; Probability and Statistics,0.277,0
6.867_fall_2006,RES.6-012_spring_2018,Machine Learning,Introduction to Probability,train,0,Probability and Statistics,0.0855,0
6.867_fall_2006,RES.6-013_fall_2021,Machine Learning,AI 101,train,0,Artificial Intelligence; Computer Science,0.2899,0
6.867_fall_2006,RES.8-010_summer_2018,Machine Learning,Introduction to Statistical Physics,cross,0,Probability and Statistics,0.0522,0
6.S087_january-iap_2024,6.S191_january-iap_2026,Foundation Models and Generative AI,Introduction to Deep Learning,train,0,Artificial Intelligence; Computer Science,0.2428,0
6.S087_january-iap_2024,6.S897_spring_2019,Foundation Models and Generative AI,Machine Learning for Healthcare,train,0,Artificial Intelligence; Computer Science,0.1434,0
6.S087_january-iap_2024,6.S980_fall_2022,Foundation Models and Generative AI,Machine Learning for Inverse Graphics,cross,0,Artificial Intelligence; Computer Science,0.4267,1
6.S087_january-iap_2024,8.044_spring_2013,Foundation Models and Generative AI,Statistical Physics I,cross,0,,0.0,0
6.S087_january-iap_2024,8.333_fall_2013,Foundation Models and Generative AI,Statistical Mechanics I:  Statistical Mechanics of Particles,train,0,,0.0,0
6.S087_january-iap_2024,8.334_spring_2014,Foundation Models and Generative AI,Statistical Mechanics II: Statistical Physics of Fields,train,0,,0.0,0
6.S087_january-iap_2024,9.520_spring_2003,Foundation Models and Generative AI,Statistical Learning Theory and Applications,train,0,Artificial Intelligence; Computer Science,0.2899,0
6.S087_january-iap_2024,9.520_spring_2006,Foundation Models and Generative AI,Statistical Learning Theory and Applications,train,0,,0.0,0
6.S087_january-iap_2024,ES.1803_spring_2024,Foundation Models and Generative AI,Differential Equations,train,0,,0.0,0
6.S087_january-iap_2024,ESD.86_spring_2007,Foundation Models and Generative AI,"Models, Data and Inference for Socio-Technical Systems",cross,0,Computer Science,0.0725,0
6.S087_january-iap_2024,HST.953_fall_2020,Foundation Models and Generative AI,Collaborative Data Science for Healthcare,train,0,Artificial Intelligence; Computer Science,0.1722,0
6.S087_january-iap_2024,MAS.622J_fall_2006,Foundation Models and Generative AI,Pattern Recognition and Analysis,train,0,,0.0,0
6.S087_january-iap_2024,RES.6-012_spring_2018,Foundation Models and Generative AI,Introduction to Probability,train,0,,0.0,0
6.S087_january-iap_2024,RES.6-013_fall_2021,Foundation Models and Generative AI,AI 101,train,0,Artificial Intelligence; Computer Science,1.0,1
6.S087_january-iap_2024,RES.8-010_summer_2018,Foundation Models and Generative AI,Introduction to Statistical Physics,cross,0,,0.0,0
6.S191_january-iap_2026,6.S897_spring_2019,Introduction to Deep Learning,Machine Learning for Healthcare,train,0,Artificial Intelligence; Computer Science,0.0991,0
6.S191_january-iap_2026,6.S980_fall_2022,Introduction to Deep Learning,Machine Learning for Inverse Graphics,cross,0,Artificial Intelligence; Computer Science; Graphics and Visualization,0.5691,1
6.S191_january-iap_2026,8.044_spring_2013,Introduction to Deep Learning,Statistical Physics I,cross,0,,0.0,0
6.S191_january-iap_2026,8.333_fall_2013,Introduction to Deep Learning,Statistical Mechanics I:  Statistical Mechanics of Particles,train,0,,0.0,0
6.S191_january-iap_2026,8.334_spring_2014,Introduction to Deep Learning,Statistical Mechanics II: Statistical Physics of Fields,train,0,,0.0,0
6.S191_january-iap_2026,9.520_spring_2003,Introduction to Deep Learning,Statistical Learning Theory and Applications,train,0,Artificial Intelligence; Computer Science,0.1523,0
6.S191_january-iap_2026,9.520_spring_2006,Introduction to Deep Learning,Statistical Learning Theory and Applications,train,0,,0.0,0
6.S191_january-iap_2026,ES.1803_spring_2024,Introduction to Deep Learning,Differential Equations,train,0,,0.0,0
6.S191_january-iap_2026,ESD.86_spring_2007,Introduction to Deep Learning,"Models, Data and Inference for Socio-Technical Systems",cross,0,Computer Science,0.0431,0
6.S191_january-iap_2026,HST.953_fall_2020,Introduction to Deep Learning,Collaborative Data Science for Healthcare,train,0,Artificial Intelligence; Computer Science,0.112,0
6.S191_january-iap_2026,MAS.622J_fall_2006,Introduction to Deep Learning,Pattern Recognition and Analysis,train,0,,0.0,0
6.S191_january-iap_2026,RES.6-012_spring_2018,Introduction to Deep Learning,Introduction to Probability,train,0,,0.0,0
6.S191_january-iap_2026,RES.6-013_fall_2021,Introduction to Deep Learning,AI 101,train,0,Artificial Intelligence; Computer Science,0.2428,0
6.S191_january-iap_2026,RES.8-010_summer_2018,Introduction to Deep Learning,Introduction to Statistical Physics,cross,0,,0.0,0
6.S897_spring_2019,6.S980_fall_2022,Machine Learning for Healthcare,Machine Learning for Inverse Graphics,cross,0,Artificial Intelligence; Computer Science,0.1202,0
6.S897_spring_2019,8.044_spring_2013,Machine Learning for Healthcare,Statistical Physics I,cross,0,,0.0,0
6.S897_spring_2019,8.333_fall_2013,Machine Learning for Healthcare,Statistical Mechanics I:  Statistical Mechanics of Particles,train,0,,0.0,0
6.S897_spring_2019,8.334_spring_2014,Machine Learning for Healthcare,Statistical Mechanics II: Statistical Physics of Fields,train,0,,0.0,0
6.S897_spring_2019,9.520_spring_2003,Machine Learning for Healthcare,Statistical Learning Theory and Applications,train,0,Artificial Intelligence; Computer Science,0.1061,0
6.S897_spring_2019,9.520_spring_2006,Machine Learning for Healthcare,Statistical Learning Theory and Applications,train,0,,0.0,0
6.S897_spring_2019,ES.1803_spring_2024,Machine Learning for Healthcare,Differential Equations,train,0,,0.0,0
6.S897_spring_2019,ESD.86_spring_2007,Machine Learning for Healthcare,"Models, Data and Inference for Socio-Technical Systems",cross,0,Computer Science,0.0314,0
6.S897_spring_2019,HST.953_fall_2020,Machine Learning for Healthcare,Collaborative Data Science for Healthcare,train,0,Artificial Intelligence; Computer Science; Public Health,0.2772,0
6.S897_spring_2019,MAS.622J_fall_2006,Machine Learning for Healthcare,Pattern Recognition and Analysis,train,0,,0.0,0
6.S897_spring_2019,RES.6-012_spring_2018,Machine Learning for Healthcare,Introduction to Probability,train,0,,0.0,0
6.S897_spring_2019,RES.6-013_fall_2021,Machine Learning for Healthcare,AI 101,train,0,Artificial Intelligence; Computer Science,0.1434,0
6.S897_spring_2019,RES.8-010_summer_2018,Machine Learning for Healthcare,Introduction to Statistical Physics,cross,0,,0.0,0
6.S980_fall_2022,8.044_spring_2013,Machine Learning for Inverse Graphics,Statistical Physics I,test,0,,0.0,0
6.S980_fall_2022,8.333_fall_2013,Machine Learning for Inverse Graphics,Statistical Mechanics I:  Statistical Mechanics of Particles,cross,0,,0.0,0
6.S980_fall_2022,8.334_spring_2014,Machine Learning for Inverse Graphics,Statistical Mechanics II: Statistical Physics of Fields,cross,0,,0.0,0
6.S980_fall_2022,9.520_spring_2003,Machine Learning for Inverse Graphics,Statistical Learning Theory and Applications,cross,0,Artificial Intelligence; Computer Science,0.2086,0
6.S980_fall_2022,9.520_spring_2006,Machine Learning for Inverse Graphics,Statistical Learning Theory and Applications,cross,0,,0.0,0
6.S980_fall_2022,ES.1803_spring_2024,Machine Learning for Inverse Graphics,Differential Equations,cross,0,,0.0,0
6.S980_fall_2022,ESD.86_spring_2007,Machine Learning for Inverse Graphics,"Models, Data and Inference for Socio-Technical Systems",test,0,Computer Science,0.056,0
6.S980_fall_2022,HST.953_fall_2020,Machine Learning for Inverse Graphics,Collaborative Data Science for Healthcare,cross,0,Artificial Intelligence; Computer Science,0.1399,0
6.S980_fall_2022,MAS.622J_fall_2006,Machine Learning for Inverse Graphics,Pattern Recognition and Analysis,cross,0,,0.0,0
6.S980_fall_2022,RES.6-012_spring_2018,Machine Learning for Inverse Graphics,Introduction to Probability,cross,0,,0.0,0
6.S980_fall_2022,RES.6-013_fall_2021,Machine Learning for Inverse Graphics,AI 101,cross,0,Artificial Intelligence; Computer Science,0.4267,1
6.S980_fall_2022,RES.8-010_summer_2018,Machine Learning for Inverse Graphics,Introduction to Statistical Physics,test,0,,0.0,0
8.044_spring_2013,8.333_fall_2013,Statistical Physics I,Statistical Mechanics I:  Statistical Mechanics of Particles,cross,0,Physics; Probability and Statistics; Thermodynamics,0.4471,1
8.044_spring_2013,8.334_spring_2014,Statistical Physics I,Statistical Mechanics II: Statistical Physics of Fields,cross,0,Physics; Probability and Statistics; Thermodynamics,0.618,1
8.044_spring_2013,9.520_spring_2003,Statistical Physics I,Statistical Learning Theory and Applications,cross,0,Probability and Statistics,0.0564,0
8.044_spring_2013,9.520_spring_2006,Statistical Physics I,Statistical Learning Theory and Applications,cross,0,Probability and Statistics,0.0334,0
8.044_spring_2013,ES.1803_spring_2024,Statistical Physics I,Differential Equations,cross,0,,0.0,0
8.044_spring_2013,ESD.86_spring_2007,Statistical Physics I,"Models, Data and Inference for Socio-Technical Systems",test,0,Probability and Statistics,0.0527,0
8.044_spring_2013,HST.953_fall_2020,Statistical Physics I,Collaborative Data Science for Healthcare,cross,0,,0.0,0
8.044_spring_2013,MAS.622J_fall_2006,Statistical Physics I,Pattern Recognition and Analysis,cross,0,Probability and Statistics,0.0517,0
8.044_spring_2013,RES.6-012_spring_2018,Statistical Physics I,Introduction to Probability,cross,0,Probability and Statistics,0.0865,0
8.044_spring_2013,RES.6-013_fall_2021,Statistical Physics I,AI 101,cross,0,,0.0,0
8.044_spring_2013,RES.8-010_summer_2018,Statistical Physics I,Introduction to Statistical Physics,test,0,Physics; Probability and Statistics,0.3299,1
8.333_fall_2013,8.334_spring_2014,Statistical Mechanics I:  Statistical Mechanics of Particles,Statistical Mechanics II: Statistical Physics of Fields,train,0,Physics; Probability and Statistics; Thermodynamics,0.3503,1
8.333_fall_2013,9.520_spring_2003,Statistical Mechanics I:  Statistical Mechanics of Particles,Statistical Learning Theory and Applications,train,0,Probability and Statistics,0.0342,0
8.333_fall_2013,9.520_spring_2006,Statistical Mechanics I:  Statistical Mechanics of Particles,Statistical Learning Theory and Applications,train,0,Probability and Statistics,0.0241,0
8.333_fall_2013,ES.1803_spring_2024,Statistical Mechanics I:  Statistical Mechanics of Particles,Differential Equations,train,0,,0.0,0
8.333_fall_2013,ESD.86_spring_2007,Statistical Mechanics I:  Statistical Mechanics of Particles,"Models, Data and Inference for Socio-Technical Systems",cross,0,Probability and Statistics,0.0328,0
8.333_fall_2013,HST.953_fall_2020,Statistical Mechanics I:  Statistical Mechanics of Particles,Collaborative Data Science for Healthcare,train,0,,0.0,0
8.333_fall_2013,MAS.622J_fall_2006,Statistical Mechanics I:  Statistical Mechanics of Particles,Pattern Recognition and Analysis,train,0,Probability and Statistics,0.0324,0
8.333_fall_2013,RES.6-012_spring_2018,Statistical Mechanics I:  Statistical Mechanics of Particles,Introduction to Probability,train,0,Probability and Statistics,0.0434,0
8.333_fall_2013,RES.6-013_fall_2021,Statistical Mechanics I:  Statistical Mechanics of Particles,AI 101,train,0,,0.0,0
8.333_fall_2013,RES.8-010_summer_2018,Statistical Mechanics I:  Statistical Mechanics of Particles,Introduction to Statistical Physics,cross,0,Physics; Probability and Statistics,0.187,0
8.334_spring_2014,9.520_spring_2003,Statistical Mechanics II: Statistical Physics of Fields,Statistical Learning Theory and Applications,train,0,Probability and Statistics,0.0426,0
8.334_spring_2014,9.520_spring_2006,Statistical Mechanics II: Statistical Physics of Fields,Statistical Learning Theory and Applications,train,0,Probability and Statistics,0.028,0
8.334_spring_2014,ES.1803_spring_2024,Statistical Mechanics II: Statistical Physics of Fields,Differential Equations,train,0,,0.0,0
8.334_spring_2014,ESD.86_spring_2007,Statistical Mechanics II: Statistical Physics of Fields,"Models, Data and Inference for Socio-Technical Systems",cross,0,Probability and Statistics,0.0404,0
8.334_spring_2014,HST.953_fall_2020,Statistical Mechanics II: Statistical Physics of Fields,Collaborative Data Science for Healthcare,train,0,,0.0,0
8.334_spring_2014,MAS.622J_fall_2006,Statistical Mechanics II: Statistical Physics of Fields,Pattern Recognition and Analysis,train,0,Probability and Statistics,0.0399,0
8.334_spring_2014,RES.6-012_spring_2018,Statistical Mechanics II: Statistical Physics of Fields,Introduction to Probability,train,0,Probability and Statistics,0.0578,0
8.334_spring_2014,RES.6-013_fall_2021,Statistical Mechanics II: Statistical Physics of Fields,AI 101,train,0,,0.0,0
8.334_spring_2014,RES.8-010_summer_2018,Statistical Mechanics II: Statistical Physics of Fields,Introduction to Statistical Physics,cross,0,Physics; Probability and Statistics,0.2387,0
9.520_spring_2003,9.520_spring_2006,Statistical Learning Theory and Applications,Statistical Learning Theory and Applications,train,1,Cognitive Science; Probability and Statistics,1.0,1
9.520_spring_2003,ES.1803_spring_2024,Statistical Learning Theory and Applications,Differential Equations,train,0,,0.0,0
9.520_spring_2003,ESD.86_spring_2007,Statistical Learning Theory and Applications,"Models, Data and Inference for Socio-Technical Systems",cross,0,Computer Science; Probability and Statistics,0.1047,0
9.520_spring_2003,HST.953_fall_2020,Statistical Learning Theory and Applications,Collaborative Data Science for Healthcare,train,0,Artificial Intelligence; Computer Science,0.1211,0
9.520_spring_2003,MAS.622J_fall_2006,Statistical Learning Theory and Applications,Pattern Recognition and Analysis,train,0,Cognitive Science; Probability and Statistics,0.277,0
9.520_spring_2003,RES.6-012_spring_2018,Statistical Learning Theory and Applications,Introduction to Probability,train,0,Probability and Statistics,0.0855,0
9.520_spring_2003,RES.6-013_fall_2021,Statistical Learning Theory and Applications,AI 101,train,0,Artificial Intelligence; Computer Science,0.2899,0
9.520_spring_2003,RES.8-010_summer_2018,Statistical Learning Theory and Applications,Introduction to Statistical Physics,cross,0,Probability and Statistics,0.0522,0
9.520_spring_2006,ES.1803_spring_2024,Statistical Learning Theory and Applications,Differential Equations,train,0,,0.0,0
9.520_spring_2006,ESD.86_spring_2007,Statistical Learning Theory and Applications,"Models, Data and Inference for Socio-Technical Systems",cross,0,Probability and Statistics,0.0319,0
9.520_spring_2006,HST.953_fall_2020,Statistical Learning Theory and Applications,Collaborative Data Science for Healthcare,train,0,,0.0,0
9.520_spring_2006,MAS.622J_fall_2006,Statistical Learning Theory and Applications,Pattern Recognition and Analysis,train,0,Cognitive Science; Probability and Statistics,0.1571,0
9.520_spring_2006,RES.6-012_spring_2018,Statistical Learning Theory and Applications,Introduction to Probability,train,0,Probability and Statistics,0.0418,0
9.520_spring_2006,RES.6-013_fall_2021,Statistical Learning Theory and Applications,AI 101,train,0,,0.0,0
9.520_spring_2006,RES.8-010_summer_2018,Statistical Learning Theory and Applications,Introduction to Statistical Physics,cross,0,Probability and Statistics,0.0319,0
ES.1803_spring_2024,ESD.86_spring_2007,Differential Equations,"Models, Data and Inference for Socio-Technical Systems",cross,0,,0.0,0
ES.1803_spring_2024,HST.953_fall_2020,Differential Equations,Collaborative Data Science for Healthcare,train,0,,0.0,0
ES.1803_spring_2024,MAS.622J_fall_2006,Differential Equations,Pattern Recognition and Analysis,train,0,,0.0,0
ES.1803_spring_2024,RES.6-012_spring_2018,Differential Equations,Introduction to Probability,train,0,,0.0,0
ES.1803_spring_2024,RES.6-013_fall_2021,Differential Equations,AI 101,train,0,,0.0,0
ES.1803_spring_2024,RES.8-010_summer_2018,Differential Equations,Introduction to Statistical Physics,cross,0,,0.0,0
ESD.86_spring_2007,HST.953_fall_2020,"Models, Data and Inference for Socio-Technical Systems",Collaborative Data Science for Healthcare,cross,0,Computer Science; Data Mining,0.1495,0
ESD.86_spring_2007,MAS.622J_fall_2006,"Models, Data and Inference for Socio-Technical Systems",Pattern Recognition and Analysis,cross,0,Probability and Statistics,0.0483,0
ESD.86_spring_2007,RES.6-012_spring_2018,"Models, Data and Inference for Socio-Technical Systems",Introduction to Probability,cross,0,Probability and Statistics; Systems Engineering,0.3054,1
ESD.86_spring_2007,RES.6-013_fall_2021,"Models, Data and Inference for Socio-Technical Systems",AI 101,cross,0,Computer Science,0.0725,0
ESD.86_spring_2007,RES.8-010_summer_2018,"Models, Data and Inference for Socio-Technical Systems",Introduction to Statistical Physics,test,0,Probability and Statistics,0.049,0
HST.953_fall_2020,MAS.622J_fall_2006,Collaborative Data Science for Healthcare,Pattern Recognition and Analysis,train,0,,0.0,0
HST.953_fall_2020,RES.6-012_spring_2018,Collaborative Data Science for Healthcare,Introduction to Probability,train,0,,0.0,0
HST.953_fall_2020,RES.6-013_fall_2021,Collaborative Data Science for Healthcare,AI 101,train,0,Artificial Intelligence; Computer Science,0.1722,0
HST.953_fall_2020,RES.8-010_summer_2018,Collaborative Data Science for Healthcare,Introduction to Statistical Physics,cross,0,,0.0,0
MAS.622J_fall_2006,RES.6-012_spring_2018,Pattern Recognition and Analysis,Introduction to Probability,train,0,Probability and Statistics,0.0752,0
MAS.622J_fall_2006,RES.6-013_fall_2021,Pattern Recognition and Analysis,AI 101,train,0,,0.0,0
MAS.622J_fall_2006,RES.8-010_summer_2018,Pattern Recognition and Analysis,Introduction to Statistical Physics,cross,0,Probability and Statistics,0.0482,0
RES.6-012_spring_2018,RES.6-013_fall_2021,Introduction to Probability,AI 101,train,0,,0.0,0
RES.6-012_spring_2018,RES.8-010_summer_2018,Introduction to Probability,Introduction to Statistical Physics,cross,0,Probability and Statistics,0.0771,0
RES.6-013_fall_2021,RES.8-010_summer_2018,AI 101,Introduction to Statistical Physics,cross,0,,0.0,0
